call_rank,why_call,company,sic_codes,business,money,currency,locality
2,"in a live CVA, buys or sells abroad, £16.7m turnover",CUSTOM PHARMACEUTICALS LIMITED,21200,Custom Pharmaceuticals Limited is a contract development and manufacturing organisation (CDMO) providing drug product development services and...,"turnover £16.7m, down 30%; Gross profit increased to £3.88m",no currency disclosed in the accounts. ASK: where the raw material and components are bought,Hove
2,"in a live CVA, buys or sells abroad, £4.7m turnover",EUROPRIDE LIMITED,14132,Manufacture of ladieswear.,"turnover £4.7m, up 315%",no currency disclosed in the accounts. ASK: where the raw material and components are bought,London
3,"in a live CVA, plausibly buys or sells abroad, qualify by phone",FLOWER STATION LIMITED,47760,not disclosed,no turnover on file,no currency disclosed in the accounts. ASK: whether they buy or sell anything outside the UK,London
3,"in a live CVA, plausibly buys or sells abroad, qualify by phone",INNOVATIVE FURNITURE LTD,31090,Bedroom storage furniture specialist.,no turnover on file,no currency disclosed in the accounts. ASK: whether they buy or sell anything outside the UK,Belfast
3,"in a live CVA, plausibly buys or sells abroad, qualify by phone",ERRIGAL PLANT & SALES LTD,"46630, 77320",,no turnover on file,no currency disclosed in the accounts. ASK: whether they buy or sell anything outside the UK,Dungannon
3,"in a live CVA, plausibly buys or sells abroad, qualify by phone",ABERNEATH INDUSTRIES LIMITED,2710,,no turnover on file,no currency disclosed in the accounts. ASK: whether they buy or sell anything outside the UK,Cardiff
3,"in a live CVA, plausibly buys or sells abroad, qualify by phone",CERTAIM LIMITED,2811,,no turnover on file,no currency disclosed in the accounts. ASK: whether they buy or sell anything outside the UK,Croydon
3,"in a live CVA, plausibly buys or sells abroad, qualify by phone",THORNLEY TRADING LIMITED,5143,,no turnover on file,no currency disclosed in the accounts. ASK: whether they buy or sell anything outside the UK,Manchester
3,"in a live CVA, plausibly buys or sells abroad, qualify by phone",JUNA PRODUCTS LIMITED,2875,,no turnover on file,no currency disclosed in the accounts. ASK: whether they buy or sell anything outside the UK,Whitefield
3,"in a live CVA, plausibly buys or sells abroad, qualify by phone",THE HUB MARKETING SERVICES LIMITED,46420,The Hub Marketing Services Limited is a marketing services company incorporated in England and Wales.,no turnover on file,no currency disclosed in the accounts. ASK: whether they buy or sell anything outside the UK,Great Missenden
3,"in a live CVA, plausibly buys or sells abroad, qualify by phone",WEBBER TRANSPORT LIMITED,49410,,no turnover on file,no currency disclosed in the accounts. ASK: whether they buy or sell anything outside the UK,Okehampton
3,"in a live CVA, plausibly buys or sells abroad, qualify by phone",DAIRY HOME TEAM LIMITED,47990,,no turnover on file,no currency disclosed in the accounts. ASK: whether they buy or sell anything outside the UK,Frome
3,"in a live CVA, plausibly buys or sells abroad, qualify by phone",REDDINGTON JORDAN LIMITED,31090,Manufacture of furniture.,no turnover on file,no currency disclosed in the accounts. ASK: where the raw material and components are bought,Aylesford Maidstone
3,"in a live CVA, plausibly buys or sells abroad, qualify by phone",DYY LIMITED,49410,,no turnover on file,no currency disclosed in the accounts. ASK: whether they buy or sell anything outside the UK,London
3,"in a live CVA, plausibly buys or sells abroad, qualify by phone",LAST MILE LOGISTIC SOLUTIONS LIMITED,"49410, 52103",Last Mile Logistic Solutions Limited provides logistics and last-mile delivery services.,no turnover on file,"no currency disclosed in the accounts. ASK: whether fuel, tolls or European hauliers are paid in euros",Stockton
3,"in a live CVA, plausibly buys or sells abroad, qualify by phone",KW DESIGNED SOLUTIONS LTD,28990,,no turnover on file,no currency disclosed in the accounts. ASK: whether they buy or sell anything outside the UK,Chorley
3,"in a live CVA, plausibly buys or sells abroad, qualify by phone",EDWARD GILDER & CO LIMITED,49410,not disclosed,no turnover on file,no currency disclosed in the accounts. ASK: whether they buy or sell anything outside the UK,Cheltenham
3,"in a live CVA, plausibly buys or sells abroad, qualify by phone",TRITURN LIMITED,74990,not disclosed,no turnover on file,no currency disclosed in the accounts. ASK: whether they buy or sell anything outside the UK,Leeds
3,"in a live CVA, plausibly buys or sells abroad, qualify by phone",BAILEY & FRENCH LTD,78109,Bailey & French Ltd is a company engaged in the sale of goods and rendering of services with international trade...,no turnover on file,no currency disclosed in the accounts. ASK: whether they buy or sell anything outside the UK,Brighton
3,"in a live CVA, plausibly buys or sells abroad, qualify by phone",MUTE INTERNATIONAL LIMITED,"77110, 77390",,no turnover on file,no currency disclosed in the accounts. ASK: whether they buy or sell anything outside the UK,London
3,"in a live CVA, plausibly buys or sells abroad, qualify by phone",KENSINGTON MINT LIMITED,47910,not disclosed,no turnover on file,no currency disclosed in the accounts. ASK: whether they buy or sell anything outside the UK,Bournemouth
3,"in a live CVA, plausibly buys or sells abroad, qualify by phone",TAYLIST MEDIA LIMITED,58142,Professional services company providing contractual services to customers...,no turnover on file,no currency disclosed in the accounts. ASK: which markets and what currency they invoice in,Watford
3,"in a live CVA, plausibly buys or sells abroad, qualify by phone",OPTIMA LOGISTICS LIMITED,"49410, 52103",,no turnover on file,no currency disclosed in the accounts. ASK: whether they buy or sell anything outside the UK,Middlewich
3,"in a live CVA, plausibly buys or sells abroad, qualify by phone",COLE IRONCRAFT LIMITED,25990,not disclosed,no turnover on file,no currency disclosed in the accounts. ASK: which markets and what currency they invoice in,Canterbury
3,"in a live CVA, plausibly buys or sells abroad, qualify by phone",WOWBOXME LIMITED,47910,"WOWBOXME LIMITED is a trading company that sells goods, with operations involving foreign currency transactions.",no turnover on file,no currency disclosed in the accounts. ASK: whether they buy or sell anything outside the UK,Leighton Buzzard
3,"in a live CVA, plausibly buys or sells abroad, qualify by phone",COMPLETE PROTECTION SERVICES LIMITED,"46342, 61900, 77390, 80100",Complete Protection Services Limited provides security and protection services with international trade operations.,no turnover on file,no currency disclosed in the accounts. ASK: where the stock comes from and who prices it,Crayford
3,"in a live CVA, plausibly buys or sells abroad, qualify by phone",WIND PROSPECT LIMITED,35110,Wind Prospect Limited operates in renewable energy project development with overseas client obligations following withdrawal from the UK onshore...,no turnover on file,no currency disclosed in the accounts. ASK: which markets and what currency they invoice in,Hassocks
3,"in a live CVA, plausibly buys or sells abroad, qualify by phone",ROCK & CO. GRANITE LIMITED,32990,,no turnover on file,no currency disclosed in the accounts. ASK: whether they buy or sell anything outside the UK,Hertford
3,"in a live CVA, plausibly buys or sells abroad, qualify by phone",PEN SHOP TRADING LIMITED,47789,Pen Shop Trading Limited sells pens and related products.,no turnover on file,no currency disclosed in the accounts. ASK: whether they buy or sell anything outside the UK,Birstall
3,"in a live CVA, plausibly buys or sells abroad, qualify by phone",SALIRE LIMITED,46380,not disclosed,no turnover on file,no currency disclosed in the accounts. ASK: whether they buy or sell anything outside the UK,Norwich
3,"in a live CVA, plausibly buys or sells abroad, qualify by phone",RINDT VEHICLE DESIGN LTD,29100,Vehicle design company operating in the UK.,no turnover on file,no currency disclosed in the accounts. ASK: whether they buy or sell anything outside the UK,Maidenhead
3,"in a live CVA, plausibly buys or sells abroad, qualify by phone",D A MILLER & SONS (TRANSPORT) LIMITED,49410,Road transport and haulage operator based in Northern Ireland.,no turnover on file,"no currency disclosed in the accounts. ASK: whether fuel, tolls or European hauliers are paid in euros",Londonderry
3,"in a live CVA, plausibly buys or sells abroad, qualify by phone",PURE RUNNING LIMITED,"47710, 47721",not disclosed,no turnover on file,no currency disclosed in the accounts. ASK: whether they buy or sell anything outside the UK,Belfast
3,"in a live CVA, plausibly buys or sells abroad, qualify by phone",SIGNATURE BREW LTD,"11050, 46342",Signature Brew Ltd brews and wholesales alcoholic beverages and operates bars and events venues.,no turnover on file,no currency disclosed in the accounts. ASK: where the stock comes from and who prices it,London
3,"in a live CVA, plausibly buys or sells abroad, qualify by phone",GIGALOCH LIMITED,61100,not disclosed,no turnover on file,no currency disclosed in the accounts. ASK: whether they buy or sell anything outside the UK,Glenrothes
3,"in a live CVA, plausibly buys or sells abroad, qualify by phone",BEN WHISTLER LIMITED,31090,not disclosed,no turnover on file,no currency disclosed in the accounts. ASK: which markets and what currency they invoice in,London
3,"in a live CVA, plausibly buys or sells abroad, qualify by phone",PARK FIRST FREEHOLDS LIMITED,"52219, 68209",,no turnover on file,no currency disclosed in the accounts. ASK: whether they buy or sell anything outside the UK,London
3,"in a live CVA, plausibly buys or sells abroad, qualify by phone",MAXWELL SCOTT BAGS LIMITED,47910,Maxwell Scott Bags Limited manufactures and sells leather bags and leather goods.,no turnover on file,no currency disclosed in the accounts. ASK: where the raw material and components are bought,York
3,"in a live CVA, plausibly buys or sells abroad, qualify by phone",LINCOLNSHIRE GAME LTD,10120,,no turnover on file,no currency disclosed in the accounts. ASK: whether they buy or sell anything outside the UK,Boston
3,"in a live CVA, plausibly buys or sells abroad, qualify by phone",TIM WELLS NURSERIES LIMITED,"01300, 81300",,no turnover on file,no currency disclosed in the accounts. ASK: whether they buy or sell anything outside the UK,London
3,"in a live CVA, plausibly buys or sells abroad, qualify by phone",LJ'S BOUTIQUE LTD,"47910, 47990",,no turnover on file,no currency disclosed in the accounts. ASK: whether they buy or sell anything outside the UK,Doncaster
3,"in a live CVA, plausibly buys or sells abroad, qualify by phone",G&CATA LTD,"41201, 78200",not disclosed,no turnover on file,no currency disclosed in the accounts. ASK: which markets and what currency they invoice in,London
3,"in a live CVA, plausibly buys or sells abroad, qualify by phone",LIVING OUTSIDE LTD,47789,"Living Outside Ltd operates as a service provider, likely in hospitality, travel...",no turnover on file,no currency disclosed in the accounts. ASK: whether they buy or sell anything outside the UK,Poole
3,"in a live CVA, plausibly buys or sells abroad, qualify by phone",RIVER TABLES ROCK LIMITED,"23690, 31090, 43320, 47599",,no turnover on file,no currency disclosed in the accounts. ASK: whether they buy or sell anything outside the UK,Stockport
3,"in a live CVA, plausibly buys or sells abroad, qualify by phone",FUTURE TELECOM LIMITED,3220,,no turnover on file,no currency disclosed in the accounts. ASK: whether they buy or sell anything outside the UK,Birmingham
3,"in a live CVA, plausibly buys or sells abroad, qualify by phone",WATERCOLOUR LIMITED,2222,,no turnover on file,no currency disclosed in the accounts. ASK: whether they buy or sell anything outside the UK,
3,"in a live CVA, plausibly buys or sells abroad, qualify by phone",KEE PRODUCTS LIMITED,2466,,no turnover on file,no currency disclosed in the accounts. ASK: whether they buy or sell anything outside the UK,Whittall Street
3,"in a live CVA, plausibly buys or sells abroad, qualify by phone",P. L. WILLIAMSON LIMITED,2875,,no turnover on file,no currency disclosed in the accounts. ASK: whether they buy or sell anything outside the UK,Leeds
3,"in a live CVA, plausibly buys or sells abroad, qualify by phone",PLANT AND DUCTWORK COMPANY LIMITED,2875,,no turnover on file,no currency disclosed in the accounts. ASK: whether they buy or sell anything outside the UK,Basingstoke
3,"in a live CVA, plausibly buys or sells abroad, qualify by phone",WHEELERS OF UCKFIELD LIMITED,5211,,no turnover on file,no currency disclosed in the accounts. ASK: whether they buy or sell anything outside the UK,East Sussex
3,"in a live CVA, plausibly buys or sells abroad, qualify by phone",BENCHMARK PODS LIMITED,23420,,no turnover on file,no currency disclosed in the accounts. ASK: whether they buy or sell anything outside the UK,Hull
3,"in a live CVA, plausibly buys or sells abroad, qualify by phone",PREFAB ENGINEERING LTD,28922,,no turnover on file,no currency disclosed in the accounts. ASK: whether they buy or sell anything outside the UK,Dungannon
3,"in a live CVA, plausibly buys or sells abroad, qualify by phone",CLEVELAND PAPERS LIMITED,2124,,no turnover on file,no currency disclosed in the accounts. ASK: whether they buy or sell anything outside the UK,Stockton On Tees
3,"in a live CVA, plausibly buys or sells abroad, qualify by phone",SIMON HARRISON LIMITED,32130,Simon Harrison Limited is a company engaged in the sale of goods and rendering of services with international trade...,no turnover on file,no currency disclosed in the accounts. ASK: where the stock comes from and who prices it,London
3,"in a live CVA, plausibly buys or sells abroad, qualify by phone",C ROBINSON TRANSPORT LTD,49410,,no turnover on file,no currency disclosed in the accounts. ASK: whether they buy or sell anything outside the UK,Dungannon
3,"in a live CVA, plausibly buys or sells abroad, qualify by phone",HEALTHCARE NORTH EAST LIMITED,46900,,no turnover on file,no currency disclosed in the accounts. ASK: whether they buy or sell anything outside the UK,Chelmsford
3,"in a live CVA, plausibly buys or sells abroad, qualify by phone",ROGER FREEMAN & SONS LIMITED,49410,not disclosed,no turnover on file,no currency disclosed in the accounts. ASK: whether they buy or sell anything outside the UK,Atherstone
3,"in a live CVA, plausibly buys or sells abroad, qualify by phone",JAA RECEIVABLES LIMITED,51102,,no turnover on file,no currency disclosed in the accounts. ASK: whether they buy or sell anything outside the UK,Belfast
3,"in a live CVA, plausibly buys or sells abroad, qualify by phone",NOSTRADA UK LIMITED,49410,,no turnover on file,no currency disclosed in the accounts. ASK: whether they buy or sell anything outside the UK,Gravesend
3,"in a live CVA, plausibly buys or sells abroad, qualify by phone",OLIVER CHARLES LTD,31090,,no turnover on file,no currency disclosed in the accounts. ASK: whether they buy or sell anything outside the UK,Redhill
3,"in a live CVA, plausibly buys or sells abroad, qualify by phone",TABOO DONUTS LTD,10710,Taboo Donuts Ltd operates a donut manufacturing or retail business in the United Kingdom.,no turnover on file,no currency disclosed in the accounts. ASK: where the raw material and components are bought,Craigavon
3,"in a live CVA, plausibly buys or sells abroad, qualify by phone",TOOL RAPTORS LTD,25730,,no turnover on file,no currency disclosed in the accounts. ASK: whether they buy or sell anything outside the UK,Caerphilly
3,"in a live CVA, plausibly buys or sells abroad, qualify by phone",A. GREEN ENGINEERING (LINCOLN) LIMITED,25990,,no turnover on file,no currency disclosed in the accounts. ASK: whether they buy or sell anything outside the UK,Lincoln
3,"in a live CVA, plausibly buys or sells abroad, qualify by phone",DIRNAN LIMITED,01410,,no turnover on file,no currency disclosed in the accounts. ASK: whether they buy or sell anything outside the UK,Cookstown
3,"in a live CVA, plausibly buys or sells abroad, qualify by phone",TILT PROFESSIONAL MAKEUP LTD,47750,,no turnover on file,no currency disclosed in the accounts. ASK: whether they buy or sell anything outside the UK,London
3,"in a live CVA, plausibly buys or sells abroad, qualify by phone",4PE SYSTEMS LTD,46140,4PE Systems Ltd provides systems and services with international trade operations involving imports and exports.,no turnover on file,no currency disclosed in the accounts. ASK: where the stock comes from and who prices it,Shrewsbury
3,"in a live CVA, plausibly buys or sells abroad, qualify by phone",PETCOR LIMITED,10920,,no turnover on file,no currency disclosed in the accounts. ASK: whether they buy or sell anything outside the UK,Wrexham
3,"in a live CVA, plausibly buys or sells abroad, qualify by phone",BLUEBELL BAKERY LTD,47240,,no turnover on file,no currency disclosed in the accounts. ASK: whether they buy or sell anything outside the UK,Belfast
3,"in a live CVA, plausibly buys or sells abroad, qualify by phone",PARK FIRST GLASGOW RENTALS LIMITED,"52219, 68209",,no turnover on file,no currency disclosed in the accounts. ASK: whether they buy or sell anything outside the UK,London
3,"in a live CVA, plausibly buys or sells abroad, qualify by phone",PARK FIRST GATWICK RENTALS LIMITED,"52219, 68209",,no turnover on file,no currency disclosed in the accounts. ASK: whether they buy or sell anything outside the UK,London
3,"in a live CVA, plausibly buys or sells abroad, qualify by phone",GROW GROUP UK LIMITED,"21100, 21200",,no turnover on file,no currency disclosed in the accounts. ASK: whether they buy or sell anything outside the UK,Nottingham
3,"in a live CVA, plausibly buys or sells abroad, qualify by phone",ARYAN TRANSPORTATION & LOGISTICS LIMITED,49410,,no turnover on file,no currency disclosed in the accounts. ASK: whether they buy or sell anything outside the UK,London
3,"in a live CVA, plausibly buys or sells abroad, qualify by phone",I TECH MART LTD,47421,,no turnover on file,no currency disclosed in the accounts. ASK: whether they buy or sell anything outside the UK,London
3,"in a live CVA, plausibly buys or sells abroad, qualify by phone",FAWCETT'S OF BURSTWICK LIMITED,31090,Joinery manufacturing and professional services company based in East Yorkshire.,no turnover on file,no currency disclosed in the accounts. ASK: where the raw material and components are bought,Hull
3,"in a live CVA, plausibly buys or sells abroad, qualify by phone",YELO LIMITED,"26511, 26512",,no turnover on file,no currency disclosed in the accounts. ASK: whether they buy or sell anything outside the UK,Carrickfergus
3,"in a live CVA, plausibly buys or sells abroad, qualify by phone",PROJEKT INDIGO STUDIO LIMITED,46420,not disclosed,no turnover on file,no currency disclosed in the accounts. ASK: which markets and what currency they invoice in,Watford
3,"in a live CVA, plausibly buys or sells abroad, qualify by phone",PREMIER PRINT GROUP LIMITED,18129,Premier Print Group Limited is a printing company.,no turnover on file,no currency disclosed in the accounts. ASK: which markets and what currency they invoice in,London
3,"in a live CVA, plausibly buys or sells abroad, qualify by phone",W.L.WEST & SONS LIMITED,"16100, 16230, 16290, 46730",Timber merchant and fencing contractor supplying building materials and installation services.,no turnover on file,no currency disclosed in the accounts. ASK: where the stock comes from and who prices it,West Sussex
3,"in a live CVA, plausibly buys or sells abroad, qualify by phone",CRAFTY DEVIL BREWING LTD,46342,Crafty Devil Brewing Ltd manufactures and sells craft beer.,no turnover on file,no currency disclosed in the accounts. ASK: where the raw material and components are bought,Cardiff
3,"in a live CVA, plausibly buys or sells abroad, qualify by phone",BRUNEL ROAD TIMBER LIMITED,46730,Brunel Road Timber Limited imports and sells timber and related products.,no turnover on file,no currency disclosed in the accounts. ASK: where the stock comes from and who prices it,Brunel Road
3,"in a live CVA, plausibly buys or sells abroad, qualify by phone",COMFY LIVING LIMITED,47910,,no turnover on file,no currency disclosed in the accounts. ASK: whether they buy or sell anything outside the UK,Bridgwater
3,"in a live CVA, plausibly buys or sells abroad, qualify by phone",YOON GLOBAL LTD,10890,not disclosed,no turnover on file,no currency disclosed in the accounts. ASK: whether they buy or sell anything outside the UK,Wimbledon
3,"in a live CVA, plausibly buys or sells abroad, qualify by phone",H.P.M. LIMITED,22290,H.P.M. Limited manufactures or trades in goods with export activity and manages supplier finance arrangements.,no turnover on file,no currency disclosed in the accounts. ASK: where the stock comes from and who prices it,Nottinghamshire
3,"in a live CVA, plausibly buys or sells abroad, qualify by phone",OPTIMA MANUFACTURING JEWELLERS LTD,32120,Optima Manufacturing Jewellers Limited manufactures and sells jewellery products.,no turnover on file,no currency disclosed in the accounts. ASK: where the raw material and components are bought,Barnet
3,"in a live CVA, plausibly buys or sells abroad, qualify by phone",ALPHA DESIGNS UPHOLSTERY LIMITED,31090,,no turnover on file,no currency disclosed in the accounts. ASK: whether they buy or sell anything outside the UK,Bilston
3,"in a live CVA, plausibly buys or sells abroad, qualify by phone",CORK CRANE HIRE LTD,77320,Cork Crane Hire Limited provides crane hire services in the UK.,no turnover on file,no currency disclosed in the accounts. ASK: whether they buy or sell anything outside the UK,Widnes
3,"in a live CVA, plausibly buys or sells abroad, qualify by phone",MUDDLES GREEN LIMITED,"20420, 70229",,no turnover on file,no currency disclosed in the accounts. ASK: whether they buy or sell anything outside the UK,Newhaven
3,"in a live CVA, plausibly buys or sells abroad, qualify by phone",HEARTBEAT MANUFACTURING CO. (REDDITCH) LIMITED(THE),"25990, 31010",,no turnover on file,no currency disclosed in the accounts. ASK: whether they buy or sell anything outside the UK,Worcestershire
3,"in a live CVA, plausibly buys or sells abroad, qualify by phone",BERKSHIRE-GRANT LIMITED,3162,,no turnover on file,no currency disclosed in the accounts. ASK: whether they buy or sell anything outside the UK,Esher
3,"in a live CVA, plausibly buys or sells abroad, qualify by phone",ALLIEDFIELD LIMITED,"0112, 0122, 0141",,no turnover on file,no currency disclosed in the accounts. ASK: whether they buy or sell anything outside the UK,Bideford
3,"in a live CVA, plausibly buys or sells abroad, qualify by phone",EAGLE INDUSTRIAL PAINTS LIMITED,2430,,no turnover on file,no currency disclosed in the accounts. ASK: whether they buy or sell anything outside the UK,Solihull
3,"in a live CVA, plausibly buys or sells abroad, qualify by phone","MCTAVISH, RAMSAY & COMPANY LIMITED",2051,,no turnover on file,no currency disclosed in the accounts. ASK: whether they buy or sell anything outside the UK,Edinburgh
3,"in a live CVA, plausibly buys or sells abroad, qualify by phone",SMARTWATCH SOLUTIONS LIMITED,62090,Smartwatch Solutions Limited manufactures and sells smartwatch devices.,no turnover on file,no currency disclosed in the accounts. ASK: where the raw material and components are bought,Cleckheaton
3,"in a live CVA, plausibly buys or sells abroad, qualify by phone",SAHASRAKSHI SERVICES LTD,"47110, 47620",,no turnover on file,no currency disclosed in the accounts. ASK: whether they buy or sell anything outside the UK,Gillingham
3,"in a live CVA, plausibly buys or sells abroad, qualify by phone",BUCKS CONCRETE LIMITED,23610,Bucks Concrete Limited manufactures and supplies concrete products.,no turnover on file,no currency disclosed in the accounts. ASK: where the raw material and components are bought,Waltham Abbey
3,"in a live CVA, plausibly buys or sells abroad, qualify by phone",M-TEK (ASSEMBLY) LTD,27900,M-TEK (Assembly) Limited manufactures or assembles machinery and equipment components.,no turnover on file,no currency disclosed in the accounts. ASK: where the raw material and components are bought,Reading
3,"in a live CVA, plausibly buys or sells abroad, qualify by phone",RECLAMATION TOOL SERVICES LIMITED,2852,,no turnover on file,no currency disclosed in the accounts. ASK: whether they buy or sell anything outside the UK,Birmingham
3,"in a live CVA, plausibly buys or sells abroad, qualify by phone",WARGRAVE AUTO CENTRE LIMITED,30990,Wargrave Auto Centre Limited operates an automotive repair and servicing business.,no turnover on file,no currency disclosed in the accounts. ASK: whether they buy or sell anything outside the UK,Oxted
3,"in a live CVA, plausibly buys or sells abroad, qualify by phone",WIND PROSPECT LIMITED,35110,Wind Prospect Limited operates in renewable energy project development with overseas client obligations following withdrawal from the UK onshore...,no turnover on file,no currency disclosed in the accounts. ASK: which markets and what currency they invoice in,Hassocks
3,"in a live CVA, plausibly buys or sells abroad, qualify by phone",COPHALL PARKING GATWICK LTD,49390,,no turnover on file,no currency disclosed in the accounts. ASK: whether they buy or sell anything outside the UK,Burnley
3,"in a live CVA, plausibly buys or sells abroad, qualify by phone",AKS COURIER LTD,52290,,no turnover on file,no currency disclosed in the accounts. ASK: whether they buy or sell anything outside the UK,London
3,"in a live CVA, plausibly buys or sells abroad, qualify by phone",REID'S SHOES LIMITED,47721,Reid's Shoes Limited is a shoe retailer.,no turnover on file,no currency disclosed in the accounts. ASK: whether they buy or sell anything outside the UK,Belfast
3,"in a live CVA, plausibly buys or sells abroad, qualify by phone",MADELEINE'S KITCHEN LTD,47290,Madeleine's Kitchen Ltd operates as a private limited company in England and Wales...,no turnover on file,no currency disclosed in the accounts. ASK: whether they buy or sell anything outside the UK,Petersfield
3,"in a live CVA, plausibly buys or sells abroad, qualify by phone",OSA FINE SPIRITS LTD,46342,,no turnover on file,no currency disclosed in the accounts. ASK: whether they buy or sell anything outside the UK,Maisdtone Road St Marys Platt
3,"in a live CVA, plausibly buys or sells abroad, qualify by phone",NOAH ORIENTAL LIMITED,47290,,no turnover on file,no currency disclosed in the accounts. ASK: whether they buy or sell anything outside the UK,Southend On Sea
3,"in a live CVA, plausibly buys or sells abroad, qualify by phone",H C WRIGHT LIMITED,52243,Freight transport company providing digital logistics services.,no turnover on file,"no currency disclosed in the accounts. ASK: whether fuel, tolls or European hauliers are paid in euros",Market Rasen
3,"in a live CVA, plausibly buys or sells abroad, qualify by phone",C T HAULAGE LTD,49410,C T Haulage Ltd operates a haulage and transport business in the UK.,no turnover on file,no currency disclosed in the accounts. ASK: which markets and what currency they invoice in,Hexham
3,"in a live CVA, plausibly buys or sells abroad, qualify by phone",KMI LOGISTICS LIMITED,49410,,no turnover on file,no currency disclosed in the accounts. ASK: whether they buy or sell anything outside the UK,Norwich
3,"in a live CVA, plausibly buys or sells abroad, qualify by phone",EMBER TRANSPORT LTD,49410,Haulage and transport operator in a Company Voluntary Arrangement.,no turnover on file,"no currency disclosed in the accounts. ASK: whether fuel, tolls or European hauliers are paid in euros",Sheffield
3,"in a live CVA, plausibly buys or sells abroad, qualify by phone",ECOCABS LIMITED,"45200, 49320",,no turnover on file,no currency disclosed in the accounts. ASK: whether they buy or sell anything outside the UK,Hexham
3,"in a live CVA, plausibly buys or sells abroad, qualify by phone",AUSOMECHOICE LTD,"47190, 47990",Ausomechoice Ltd is a UK-registered trading company engaged in the sale of goods and services.,no turnover on file,no currency disclosed in the accounts. ASK: whether they buy or sell anything outside the UK,Romford
3,"in a live CVA, plausibly buys or sells abroad, qualify by phone",CHEMEX INTERNATIONAL LIMITED,"46750, 46900",,no turnover on file,no currency disclosed in the accounts. ASK: whether they buy or sell anything outside the UK,Manchester
3,"in a live CVA, plausibly buys or sells abroad, qualify by phone",JOHN JAQUES AND SON LIMITED,32409,"John Jaques And Son Limited manufactures and sells games, toys and sporting equipment.",no turnover on file,no currency disclosed in the accounts. ASK: where the raw material and components are bought,Edenbridge
3,"in a live CVA, plausibly buys or sells abroad, qualify by phone",IGNYTO LIMITED,"62020, 62090",not disclosed,no turnover on file,no currency disclosed in the accounts. ASK: whether they buy or sell anything outside the UK,London
3,"in a live CVA, plausibly buys or sells abroad, qualify by phone",CHINOOK ENGINEERING LIMITED,28990,,no turnover on file,no currency disclosed in the accounts. ASK: whether they buy or sell anything outside the UK,Nottingham
3,"in a live CVA, plausibly buys or sells abroad, qualify by phone",MORGAN INNOVATION & TECHNOLOGY LTD,"27900, 32500",Services provider offering contracts for a wide variety of service delivery activities.,no turnover on file,no currency disclosed in the accounts. ASK: whether they buy or sell anything outside the UK,Petersfield
3,"in a live CVA, plausibly buys or sells abroad, qualify by phone",SOUTH PENNINE COMMUNITY TRANSPORT CIC,49319,,no turnover on file,no currency disclosed in the accounts. ASK: whether they buy or sell anything outside the UK,Holmfirth
3,"in a live CVA, plausibly buys or sells abroad, qualify by phone",COS SUPPLIES LTD,47910,,no turnover on file,no currency disclosed in the accounts. ASK: whether they buy or sell anything outside the UK,Manchester
3,"in a live CVA, plausibly buys or sells abroad, qualify by phone",GURU MAKEUP EMPORIUM LIMITED,47750,,no turnover on file,no currency disclosed in the accounts. ASK: whether they buy or sell anything outside the UK,London
3,"in a live CVA, plausibly buys or sells abroad, qualify by phone",FEEDALL PET FOODS LIMITED,46210,,no turnover on file,no currency disclosed in the accounts. ASK: whether they buy or sell anything outside the UK,Ballymena
3,"in a live CVA, plausibly buys or sells abroad, qualify by phone",AVENTIS SOLUTIONS LIMITED,"46460, 82990",not disclosed,no turnover on file,no currency disclosed in the accounts. ASK: whether they buy or sell anything outside the UK,Salford
3,"in a live CVA, plausibly buys or sells abroad, qualify by phone",S G PERKINS LIMITED,"01420, 01470, 46320",not disclosed,no turnover on file,no currency disclosed in the accounts. ASK: whether they buy or sell anything outside the UK,Bath
3,"in a live CVA, plausibly buys or sells abroad, qualify by phone",SEVEN BROTHERS BREWERY LIMITED,11050,Seven Brothers Brewery Limited manufactures and sells beer and brewing products.,no turnover on file,no currency disclosed in the accounts. ASK: where the raw material and components are bought,Salford
3,"in a live CVA, plausibly buys or sells abroad, qualify by phone",FIMATIX UK LTD,62012,Fimatix UK Ltd is an FX brokerage or currency trading services company.,no turnover on file,no currency disclosed in the accounts. ASK: whether they buy or sell anything outside the UK,London
3,"in a live CVA, plausibly buys or sells abroad, qualify by phone",COURTESY SHOES LIMITED,47721,,no turnover on file,no currency disclosed in the accounts. ASK: whether they buy or sell anything outside the UK,Bacup
3,"in a live CVA, plausibly buys or sells abroad, qualify by phone",AUJLA DISTRIBUTION LTD,49410,Aujla Distribution Ltd is a distribution company engaged in the import and export of goods.,no turnover on file,no currency disclosed in the accounts. ASK: where the stock comes from and who prices it,Slough
3,"in a live CVA, plausibly buys or sells abroad, qualify by phone",MAGNET LIMITED,32990,,no turnover on file,no currency disclosed in the accounts. ASK: whether they buy or sell anything outside the UK,Business Park Darlington
3,"in a live CVA, plausibly buys or sells abroad, qualify by phone",VWCC LIMITED,47710,not disclosed,no turnover on file,no currency disclosed in the accounts. ASK: whether they buy or sell anything outside the UK,London
3,"in a live CVA, plausibly buys or sells abroad, qualify by phone",SYBO DELIVERIES LTD,52290,,no turnover on file,no currency disclosed in the accounts. ASK: whether they buy or sell anything outside the UK,Birmingham
3,"in a live CVA, plausibly buys or sells abroad, qualify by phone",CT4N LTD,49319,CT4N Ltd operates public transport services under specific contract agreements including concessionary fare schemes and commercial...,no turnover on file,"no currency disclosed in the accounts. ASK: whether fuel, tolls or European hauliers are paid in euros",Leicester
3,"in a live CVA, plausibly buys or sells abroad, qualify by phone",WEYBRIDGE SKIP HIRE LIMITED,"38110, 49410",Skip hire and waste disposal services provider.,no turnover on file,no currency disclosed in the accounts. ASK: whether they buy or sell anything outside the UK,Leigh-On-Sea
4,in a CVA but the SIC codes are all domestic services,EL SPARKLE LIMITED,81299,not disclosed,turnover £260.5m,no currency disclosed in the accounts. ASK: whether they buy or sell anything outside the UK,Chelmsford
4,in a CVA but nothing suggests cross-border trade,PARITAS RECRUITMENT LIMITED,78109,Paritas Recruitment Limited is a recruitment services company.,turnover £3.9m,no currency disclosed in the accounts. ASK: whether they buy or sell anything outside the UK,London
4,"in a CVA but a domestic service business, no cross-border trade",SPRINGS OF JOY CARE SOLUTION (SOJ) C.I.C.,"86101, 87900, 88100",Provision of community care solutions.,turnover £1.5m,no currency disclosed in the accounts. ASK: whether they buy or sell anything outside the UK,Nottingham
4,"in a CVA but dormant, nothing trading",HEWITT BROS. (LURGAN) LTD.,,,no turnover on file,no currency disclosed in the accounts. ASK: whether they buy or sell anything outside the UK,Lurgan
4,in a CVA but nothing suggests cross-border trade,BELFAST TILE COMPANY LIMITED - THE,,,no turnover on file,no currency disclosed in the accounts. ASK: whether they buy or sell anything outside the UK,Belfast
4,in a CVA but the SIC codes are all domestic services,CLEAR PAY CONTRACTS LIMITED,96090,,no turnover on file,no currency disclosed in the accounts. ASK: whether they buy or sell anything outside the UK,Basildon
4,in a CVA but the SIC codes are all domestic services,CHARACTER INNS IOW LTD,56302,,no turnover on file,no currency disclosed in the accounts. ASK: whether they buy or sell anything outside the UK,Portsmouth
4,in a CVA but the SIC codes are all domestic services,SAPPHIRE CONSULTING GROUP LTD,70229,,no turnover on file,no currency disclosed in the accounts. ASK: whether they buy or sell anything outside the UK,Bristol
4,in a CVA but the SIC codes are all domestic services,HACKNEY EMPLOYMENT LINK PROJECT (HELP) LIMITED,9305,,no turnover on file,no currency disclosed in the accounts. ASK: whether they buy or sell anything outside the UK,London
4,in a CVA but nothing suggests cross-border trade,SUNSHOT LIMITED,7487,,no turnover on file,no currency disclosed in the accounts. ASK: whether they buy or sell anything outside the UK,Stockport
4,in a CVA but the SIC codes are all domestic services,THE TWICKENHAM PUB COMPANY LIMITED,56302,,no turnover on file,no currency disclosed in the accounts. ASK: whether they buy or sell anything outside the UK,Twickenham
4,in a CVA but the SIC codes are all domestic services,J.O GROUNDWORKS LIMITED,43999,,no turnover on file,no currency disclosed in the accounts. ASK: whether they buy or sell anything outside the UK,Leicester
4,in a CVA but the SIC codes are all domestic services,NORTH LIVERPOOL CONSTRUCTION LIMITED,43390,,no turnover on file,no currency disclosed in the accounts. ASK: whether they buy or sell anything outside the UK,Bootle
4,in a CVA but the SIC codes are all domestic services,RPD BUILDING & CONSTRUCTION LTD,41100,,no turnover on file,no currency disclosed in the accounts. ASK: whether they buy or sell anything outside the UK,Manchester
4,in a CVA but the SIC codes are all domestic services,METROPOLITAN INSULATION (NORTH EAST) LIMITED,"4521, 4532",,no turnover on file,no currency disclosed in the accounts. ASK: whether they buy or sell anything outside the UK,Sheffield
4,in a CVA but the SIC codes are all domestic services,C&C INDUSTRIAL ROOFING LTD,43910,,no turnover on file,no currency disclosed in the accounts. ASK: whether they buy or sell anything outside the UK,Portsmouth
4,in a CVA but the SIC codes are all domestic services,G P REALISATIONS LIMITED,9305,,no turnover on file,no currency disclosed in the accounts. ASK: whether they buy or sell anything outside the UK,
4,in a CVA but the SIC codes are all domestic services,M A WHITE (CONSTRUCTION) LIMITED,4521,,no turnover on file,no currency disclosed in the accounts. ASK: whether they buy or sell anything outside the UK,Wortley
4,in a CVA but the SIC codes are all domestic services,ANMER LIMITED,7011,,no turnover on file,no currency disclosed in the accounts. ASK: whether they buy or sell anything outside the UK,Nottingham
4,in a CVA but the SIC codes are all domestic services,FIREDEAN LIMITED,7011,,no turnover on file,no currency disclosed in the accounts. ASK: whether they buy or sell anything outside the UK,Nottingham
4,in a CVA but the SIC codes are all domestic services,CRAYDAN PROPERTIES LIMITED,7011,,no turnover on file,no currency disclosed in the accounts. ASK: whether they buy or sell anything outside the UK,Nottingham
4,in a CVA but the SIC codes are all domestic services,GIFF PROPERTIES LIMITED,7011,,no turnover on file,no currency disclosed in the accounts. ASK: whether they buy or sell anything outside the UK,Nottingham
4,in a CVA but the SIC codes are all domestic services,PROPERTY INVESTMENT (WALES) LIMITED,4521,,no turnover on file,no currency disclosed in the accounts. ASK: whether they buy or sell anything outside the UK,Aberystwyth
4,in a CVA but nothing suggests cross-border trade,SX REALISATIONS LIMITED,3650,,no turnover on file,no currency disclosed in the accounts. ASK: whether they buy or sell anything outside the UK,West Yorkshire
4,in a CVA but the SIC codes are all domestic services,FIT4BUSINESS LIMITED,6420,,no turnover on file,no currency disclosed in the accounts. ASK: whether they buy or sell anything outside the UK,Birmingham
4,in a CVA but nothing suggests cross-border trade,PLUS ONE SOFTWARE LIMITED,7220,,no turnover on file,no currency disclosed in the accounts. ASK: whether they buy or sell anything outside the UK,Northants
4,in a CVA but nothing suggests cross-border trade,HALLMARK CONSERVATORIES & WINDOWS LIMITED,4542,,no turnover on file,no currency disclosed in the accounts. ASK: whether they buy or sell anything outside the UK,Somerset
4,in a CVA but the SIC codes are all domestic services,ALEXANDER (COMMERCIAL PROPERTY) LIMITED,68209,,no turnover on file,no currency disclosed in the accounts. ASK: whether they buy or sell anything outside the UK,Sheffield
4,in a CVA but the SIC codes are all domestic services,ABSOLUTE PARTNERSHIP LIMITED,82990,Insurance fraud investigations company that has sold its entire business.,no turnover on file,no currency disclosed in the accounts. ASK: whether they buy or sell anything outside the UK,Newcastle
4,in a CVA but nothing suggests cross-border trade,JIM ABBEY ELECTRONICS LIMITED,7220,,no turnover on file,no currency disclosed in the accounts. ASK: whether they buy or sell anything outside the UK,Reading
4,in a CVA but the SIC codes are all domestic services,COMPASS MARINE SERVICES LIMITED,99999,,no turnover on file,no currency disclosed in the accounts. ASK: whether they buy or sell anything outside the UK,Wirral
4,in a CVA but nothing suggests cross-border trade,ENTERTAIN ME PRODUCTIONS LIMITED,"59112, 59132, 59200",not disclosed,no turnover on file,no currency disclosed in the accounts. ASK: whether they buy or sell anything outside the UK,London
4,in a CVA but the SIC codes are all domestic services,PET INDUSTRY FEDERATION LIMITED,94110,Pet Industry Federation Limited is a trade association or membership organization serving the pet industry sector.,no turnover on file,no currency disclosed in the accounts. ASK: which markets and what currency they invoice in,Olney
4,in a CVA but the SIC codes are all domestic services,LGJAMES LTD,68320,,no turnover on file,no currency disclosed in the accounts. ASK: whether they buy or sell anything outside the UK,Corby
4,"in a CVA but a domestic service business, no cross-border trade",STRATA CLEANING LIMITED,81222,Strata Cleaning Limited provides cleaning services.,no turnover on file,no currency disclosed in the accounts. ASK: whether they buy or sell anything outside the UK,Edinburgh
4,in a CVA but the SIC codes are all domestic services,CORLEY + WOOLLEY LIMITED,"43290, 43999",Interior fit-out and refurbishment contractor specialising in commercial office and hospitality projects in London and M25...,no turnover on file,no currency disclosed in the accounts. ASK: whether they buy or sell anything outside the UK,Romford
4,in a CVA but the SIC codes are all domestic services,BEN ELWES  LIMITED,82990,Ben Elwes Limited is a fine art sales and commission business arranging the sale of artwork and paintings.,no turnover on file,no currency disclosed in the accounts. ASK: whether they buy or sell anything outside the UK,London
4,in a CVA but the SIC codes are all domestic services,BEACON FACILITIES MANAGEMENT LIMITED,80100,Beacon Facilities Management Limited provides facilities management services in the United Kingdom.,no turnover on file,no currency disclosed in the accounts. ASK: whether they buy or sell anything outside the UK,Burgess Hill
4,in a CVA but the SIC codes are all domestic services,NATIONWIDE BRICKWORK LIMITED,41202,Nationwide Brickwork Limited manufactures and supplies brickwork products.,no turnover on file,no currency disclosed in the accounts. ASK: where the raw material and components are bought,Durham
4,in a CVA but the SIC codes are all domestic services,LEWIS MANAGEMENT LIMITED,70229,not disclosed,no turnover on file,no currency disclosed in the accounts. ASK: whether they buy or sell anything outside the UK,Chelmsford
4,in a CVA but the SIC codes are all domestic services,ENVIRODEC SW LIMITED,43341,not disclosed - strategic report and business description not provided in accounts text,no turnover on file,no currency disclosed in the accounts. ASK: whether they buy or sell anything outside the UK,Bristol
4,in a CVA but the SIC codes are all domestic services,SLIDEROBES GROUP LIMITED,82990,Sliderobes Group Limited is a bedroom storage specialist manufacturer and retailer.,no turnover on file,no currency disclosed in the accounts. ASK: where the raw material and components are bought,Belfast
4,in a CVA but the SIC codes are all domestic services,CITISCAPE LIMITED,41201,not disclosed,no turnover on file,no currency disclosed in the accounts. ASK: whether they buy or sell anything outside the UK,Watford
4,in a CVA but the SIC codes are all domestic services,TRIANGLE FITNESS BRISTOL LTD,93130,,no turnover on file,no currency disclosed in the accounts. ASK: whether they buy or sell anything outside the UK,Bristol
4,in a CVA but the SIC codes are all domestic services,TLC CARE HOMES (YORKSHIRE) LIMITED,87900,TLC Care Homes (Yorkshire) Limited operates residential care homes in Yorkshire.,no turnover on file,no currency disclosed in the accounts. ASK: whether they buy or sell anything outside the UK,London
4,in a CVA but the SIC codes are all domestic services,PRIMUS BUILD LIMITED,"41100, 41201, 41202, 70100",Primus Build Limited is a construction or building services company operating under a Company Voluntary Arrangement since...,no turnover on file,no currency disclosed in the accounts. ASK: whether they buy or sell anything outside the UK,Hertfordshire
4,in a CVA but the SIC codes are all domestic services,NEWTOWNSTEWART CONSTRUCTION LIMITED,41201,Construction company operating in Northern Ireland.,no turnover on file,no currency disclosed in the accounts. ASK: whether they buy or sell anything outside the UK,Londonderry
4,in a CVA but nothing suggests cross-border trade,ARISKA LIMITED,53201,,no turnover on file,no currency disclosed in the accounts. ASK: whether they buy or sell anything outside the UK,Bracknell
4,in a CVA but the SIC codes are all domestic services,AI HOMECARE GROUP LTD,84120,AI Homecare Group Ltd provides homecare services.,no turnover on file,no currency disclosed in the accounts. ASK: whether they buy or sell anything outside the UK,Saintfield
4,in a CVA but nothing suggests cross-border trade,TRIBAND CARE SERVICES LIMITED,78200,,no turnover on file,no currency disclosed in the accounts. ASK: whether they buy or sell anything outside the UK,Stone
4,in a CVA but the SIC codes are all domestic services,WELTON MOTOR ENGINEERS LIMITED,45200,,no turnover on file,no currency disclosed in the accounts. ASK: whether they buy or sell anything outside the UK,Lincoln
4,in a CVA but nothing suggests cross-border trade,RAMM CONTRACT FURNISHING (EUROPE) LIMITED,,,no turnover on file,no currency disclosed in the accounts. ASK: whether they buy or sell anything outside the UK,Cardiff
4,in a CVA but the SIC codes are all domestic services,M W ACCESS SCAFFOLDING LTD,43991,,no turnover on file,no currency disclosed in the accounts. ASK: whether they buy or sell anything outside the UK,Plymouth
4,in a CVA but nothing suggests cross-border trade,STEPHEN BETTS AND SONS LIMITED,38320,,no turnover on file,no currency disclosed in the accounts. ASK: whether they buy or sell anything outside the UK,Birmingham
4,in a CVA but nothing suggests cross-border trade,BLUEFRUIT SOFTWARE LIMITED,62012,Bluefruit Software Limited develops business and domestic software.,no turnover on file,no currency disclosed in the accounts. ASK: whether they buy or sell anything outside the UK,Redruth
4,in a CVA but the SIC codes are all domestic services,MCATEER & COMPANY LIMITED,69102,not disclosed,no turnover on file,no currency disclosed in the accounts. ASK: whether they buy or sell anything outside the UK,Belfast
4,in a CVA but the SIC codes are all domestic services,FLAMELILY INDEPENDENT LIVING LTD,"86900, 87900, 88100",not disclosed,no turnover on file,no currency disclosed in the accounts. ASK: which markets and what currency they invoice in,Andover
4,in a CVA but the SIC codes are all domestic services,A.G.S CASTINGS LTD,82990,A.G.S Castings Ltd is a casting manufacturing company registered in England and Wales.,no turnover on file,no currency disclosed in the accounts. ASK: where the raw material and components are bought,London
4,in a CVA but the SIC codes are all domestic services,ANN MASON CARE LTD,87900,Ann Mason Care Ltd provides care services.,no turnover on file,no currency disclosed in the accounts. ASK: whether they buy or sell anything outside the UK,Bury St Edmunds
4,in a CVA but the SIC codes are all domestic services,K C WARNE SERVICES LTD,81299,not disclosed,no turnover on file,no currency disclosed in the accounts. ASK: whether they buy or sell anything outside the UK,Camborne
4,in a CVA but the SIC codes are all domestic services,GENWISE LIMITED,85310,General secondary education provider operating in the UK.,no turnover on file,no currency disclosed in the accounts. ASK: whether they buy or sell anything outside the UK,Carlisle
4,in a CVA but nothing suggests cross-border trade,RESTCARE LIMITED,"78200, 87300",,no turnover on file,no currency disclosed in the accounts. ASK: whether they buy or sell anything outside the UK,Harlow
4,in a CVA but the SIC codes are all domestic services,ANGELS CARE HOME LTD,86900,,no turnover on file,no currency disclosed in the accounts. ASK: whether they buy or sell anything outside the UK,Watford
4,in a CVA but the SIC codes are all domestic services,ABL CARE LTD,88100,ABL Care Ltd provides care services with international trade operations.,no turnover on file,no currency disclosed in the accounts. ASK: where the stock comes from and who prices it,Kenley
4,in a CVA but the SIC codes are all domestic services,CARING FOCUS LIMITED,86900,not disclosed,no turnover on file,no currency disclosed in the accounts. ASK: whether they buy or sell anything outside the UK,Newcastle
4,in a CVA but the SIC codes are all domestic services,GUTU MIRROR LIMITED,86900,not disclosed,no turnover on file,no currency disclosed in the accounts. ASK: whether they buy or sell anything outside the UK,Derby
4,in a CVA but the SIC codes are all domestic services,BLUEONE FACILITIES MANAGEMENT LTD,"81100, 81210",Facilities management company incorporated in England and Wales.,no turnover on file,no currency disclosed in the accounts. ASK: whether they buy or sell anything outside the UK,Sheffield
4,in a CVA but the SIC codes are all domestic services,FRANCO MANCA 2 UK LIMITED,56101,,no turnover on file,no currency disclosed in the accounts. ASK: whether they buy or sell anything outside the UK,London
4,in a CVA but nothing suggests cross-border trade,INFINITY CARE SERVICES LIMITED,78200,,no turnover on file,no currency disclosed in the accounts. ASK: whether they buy or sell anything outside the UK,Southall
4,in a CVA but nothing suggests cross-border trade,STOPFORD LIMITED,74909,Stopford Limited is a UK software development and professional services company capitalising development costs and...,no turnover on file,no currency disclosed in the accounts. ASK: whether they buy or sell anything outside the UK,Knutsford
4,in a CVA but nothing suggests cross-border trade,OVERTON GARAGE LIMITED,"45112, 45320",Overton Garage Limited operates a motor vehicle garage and repair business.,no turnover on file,no currency disclosed in the accounts. ASK: whether they buy or sell anything outside the UK,Dyce Aberdeen
4,in a CVA but the SIC codes are all domestic services,THIS IS MILK LIMITED,82110,,no turnover on file,no currency disclosed in the accounts. ASK: whether they buy or sell anything outside the UK,Glasgow
4,in a CVA but the SIC codes are all domestic services,HAT AND HOME LIMITED,68310,Hat and Home Limited sells hats and home goods.,no turnover on file,no currency disclosed in the accounts. ASK: whether they buy or sell anything outside the UK,Wokingham
4,in a CVA but the SIC codes are all domestic services,WESTLAKE CARERS LTD,88100,Westlake Carers Ltd provides social work activities and care services.,no turnover on file,no currency disclosed in the accounts. ASK: whether they buy or sell anything outside the UK,Egham
4,in a CVA but the SIC codes are all domestic services,NORTH OF ENGLAND ESTATES LIMITED,"55100, 68209",,no turnover on file,no currency disclosed in the accounts. ASK: whether they buy or sell anything outside the UK,Darlington
4,in a CVA but the SIC codes are all domestic services,BAD EMPIRE LIMITED,56101,,no turnover on file,no currency disclosed in the accounts. ASK: whether they buy or sell anything outside the UK,Borehamwood
4,in a CVA but the SIC codes are all domestic services,PARTIAL ECLIPSE LIMITED,82990,,no turnover on file,no currency disclosed in the accounts. ASK: whether they buy or sell anything outside the UK,London
4,in a CVA but the SIC codes are all domestic services,ADVANCED CARE YORKSHIRE LIMITED,86900,not disclosed,no turnover on file,no currency disclosed in the accounts. ASK: whether they buy or sell anything outside the UK,Hull
4,in a CVA but the SIC codes are all domestic services,MARIAMA CARE LTD,86101,,no turnover on file,no currency disclosed in the accounts. ASK: whether they buy or sell anything outside the UK,Enfield
4,in a CVA but the SIC codes are all domestic services,FABULOUS BEYOND PRODUCTIONS LTD,"90010, 90020, 93290",not disclosed,no turnover on file,no currency disclosed in the accounts. ASK: whether they buy or sell anything outside the UK,London
4,in a CVA but the SIC codes are all domestic services,ED LOCK LIMITED,96090,Ed Lock Limited is a company engaged in the sale of goods with operations involving international transactions.,no turnover on file,no currency disclosed in the accounts. ASK: whether they buy or sell anything outside the UK,Loughborough
4,in a CVA but the SIC codes are all domestic services,COLLECTIVE EVENTS LTD,93290,,no turnover on file,no currency disclosed in the accounts. ASK: whether they buy or sell anything outside the UK,York
4,in a CVA but the SIC codes are all domestic services,OCG LEGAL LTD,"69102, 69109",OCG Legal Ltd provides legal services.,no turnover on file,no currency disclosed in the accounts. ASK: whether they buy or sell anything outside the UK,Scunthorpe
4,in a CVA but the SIC codes are all domestic services,SARAC HOTELS LIMITED,55100,,no turnover on file,no currency disclosed in the accounts. ASK: whether they buy or sell anything outside the UK,West Bromwich
4,in a CVA but nothing suggests cross-border trade,BLUEWOOD CARE LIMITED,"55900, 78200, 86900, 87900",Bluewood Care Limited provides care services.,no turnover on file,no currency disclosed in the accounts. ASK: whether they buy or sell anything outside the UK,Coventry
4,in a CVA but nothing suggests cross-border trade,FAT BEEHIVE LIMITED,"62020, 62090, 63110",Professional services company providing contractual hourly staff services and related work.,no turnover on file,no currency disclosed in the accounts. ASK: whether they buy or sell anything outside the UK,London
4,in a CVA but the SIC codes are all domestic services,WHITE ROSE GARAGES ONE LIMITED,45200,,no turnover on file,no currency disclosed in the accounts. ASK: whether they buy or sell anything outside the UK,Sheet
4,in a CVA but nothing suggests cross-border trade,MAC TRANSPORT (UK) LIMITED,"45112, 45200, 45320",,no turnover on file,no currency disclosed in the accounts. ASK: whether they buy or sell anything outside the UK,Blandford Forum
4,"in a CVA but a domestic service business, no cross-border trade",BROOKE HOMES DEVELOPMENTS LIMITED,41100,Brooke Homes Developments Limited is a residential property development company.,no turnover on file,no currency disclosed in the accounts. ASK: whether they buy or sell anything outside the UK,London
4,in a CVA but nothing suggests cross-border trade,HUNGRY BEAR GAMING LIMITED,58210,Hungry Bear Gaming Limited develops games and earns revenue shares from game-related services.,no turnover on file,no currency disclosed in the accounts. ASK: whether they buy or sell anything outside the UK,Cardiff
4,in a CVA but the SIC codes are all domestic services,LIVING HORIZON LTD,88100,,no turnover on file,no currency disclosed in the accounts. ASK: whether they buy or sell anything outside the UK,Aylesbury
4,in a CVA but the SIC codes are all domestic services,KUCKOO BRANDS LTD,56302,Kuckoo Brands Ltd is a UK holding company with trading subsidiaries engaged in branded product distribution and...,no turnover on file,no currency disclosed in the accounts. ASK: where the stock comes from and who prices it,Preston
4,in a CVA but the SIC codes are all domestic services,AIRNOW LIMITED,64209,,no turnover on file,no currency disclosed in the accounts. ASK: whether they buy or sell anything outside the UK,London
4,in a CVA but the SIC codes are all domestic services,PLATINUM SERVICES FOR CHILDREN (RESIDENTIAL CARE) LIMITED,87900,Provides residential care services for children in the UK.,no turnover on file,no currency disclosed in the accounts. ASK: whether they buy or sell anything outside the UK,Coventry
4,in a CVA but nothing suggests cross-border trade,OT GROUP LIMITED,62090,,no turnover on file,no currency disclosed in the accounts. ASK: whether they buy or sell anything outside the UK,London
4,in a CVA but the SIC codes are all domestic services,ON TRACK CARE SERVICES LTD,88990,On Track Care Services Ltd provides care services.,no turnover on file,no currency disclosed in the accounts. ASK: whether they buy or sell anything outside the UK,Grays
4,in a CVA but nothing suggests cross-border trade,VIVA 2023 LTD,58142,,no turnover on file,no currency disclosed in the accounts. ASK: whether they buy or sell anything outside the UK,London
4,in a CVA but the SIC codes are all domestic services,NATION FACILITIES & SECURITY MANAGEMENT LTD,81100,,no turnover on file,no currency disclosed in the accounts. ASK: whether they buy or sell anything outside the UK,Liverpool
4,in a CVA but nothing suggests cross-border trade,THE THIRD FLOOR LONDON LIMITED,59111,,no turnover on file,no currency disclosed in the accounts. ASK: whether they buy or sell anything outside the UK,London
4,in a CVA but nothing suggests cross-border trade,TECH4U CONSULTING LIMITED,71200,,no turnover on file,no currency disclosed in the accounts. ASK: whether they buy or sell anything outside the UK,London
4,in a CVA but the SIC codes are all domestic services,DCD ALL BUILD LIMITED,41202,Construction and building services company.,no turnover on file,no currency disclosed in the accounts. ASK: which markets and what currency they invoice in,Feltham
4,in a CVA but the SIC codes are all domestic services,THE ONE AND ONLY PUB COMPANY LIMITED,"56101, 56302",,no turnover on file,no currency disclosed in the accounts. ASK: whether they buy or sell anything outside the UK,Taunton
4,in a CVA but nothing suggests cross-border trade,EXPERT EMPLOYMENT LIMITED,74909,,no turnover on file,no currency disclosed in the accounts. ASK: whether they buy or sell anything outside the UK,Maidenhead
4,in a CVA but the SIC codes are all domestic services,GANE STRUCTURES LIMITED,43999,"Gane Structures Limited designs, manufactures and supplies structural steelwork and related products.",no turnover on file,no currency disclosed in the accounts. ASK: where the raw material and components are bought,Newport
4,in a CVA but nothing suggests cross-border trade,OLIVE HOME CARE & SUPPORT LIMITED,"78200, 88100",,no turnover on file,no currency disclosed in the accounts. ASK: whether they buy or sell anything outside the UK,Crawley
4,in a CVA but nothing suggests cross-border trade,X INDUSTRIES LIMITED,"59112, 59120",not disclosed,no turnover on file,no currency disclosed in the accounts. ASK: whether they buy or sell anything outside the UK,Blisworth
4,in a CVA but the SIC codes are all domestic services,PFS NETWORK LIMITED,"43210, 82990",,no turnover on file,no currency disclosed in the accounts. ASK: whether they buy or sell anything outside the UK,Dorchester
4,in a CVA but the SIC codes are all domestic services,MY SPACE HOUSING SOLUTIONS,55900,,no turnover on file,no currency disclosed in the accounts. ASK: whether they buy or sell anything outside the UK,Bolton
4,in a CVA but the SIC codes are all domestic services,OAKFIELD FINANCIAL LTD,70221,,no turnover on file,no currency disclosed in the accounts. ASK: whether they buy or sell anything outside the UK,London
4,in a CVA but the SIC codes are all domestic services,SPRINGVILLA CARE LIMITED,"88100, 88990",,no turnover on file,no currency disclosed in the accounts. ASK: whether they buy or sell anything outside the UK,London
4,in a CVA but nothing suggests cross-border trade,AT HOME SUPPORT SERVICES LIMITED,"78109, 78200, 88100, 88990",,no turnover on file,no currency disclosed in the accounts. ASK: whether they buy or sell anything outside the UK,Harlow
4,in a CVA but nothing suggests cross-border trade,BLU DOT TECHNOLOGIES LIMITED,62090,,no turnover on file,no currency disclosed in the accounts. ASK: whether they buy or sell anything outside the UK,Cookstown
4,in a CVA but the SIC codes are all domestic services,NATIONWIDE MANAGEMENT SERVICES LTD,81100,,no turnover on file,no currency disclosed in the accounts. ASK: whether they buy or sell anything outside the UK,London
4,in a CVA but nothing suggests cross-border trade,CARLYLE KINGSWOOD GLOBAL LTD,78109,not disclosed,no turnover on file,no currency disclosed in the accounts. ASK: whether they buy or sell anything outside the UK,Kingston Upon Thames
4,in a CVA but the SIC codes are all domestic services,ASCERIS LIMITED,80200,Asceris Limited is a company engaged in import/export trading activities.,no turnover on file,no currency disclosed in the accounts. ASK: where the stock comes from and who prices it,Wetherby
4,in a CVA but the SIC codes are all domestic services,TLB 24/7 HEALTHCARE LTD,88100,TLB24/7 Healthcare Ltd provides healthcare services to customers.,no turnover on file,no currency disclosed in the accounts. ASK: whether they buy or sell anything outside the UK,Leeds
4,"in a CVA but a domestic service business, no cross-border trade",HARLEM CAFE LTD,56101,Harlem Cafe Ltd operates a cafe business.,no turnover on file,no currency disclosed in the accounts. ASK: where the stock comes from and who prices it,Belfast
4,in a CVA but the SIC codes are all domestic services,ARIELLE'S CARE LTD,"87100, 87200, 87300",,no turnover on file,no currency disclosed in the accounts. ASK: whether they buy or sell anything outside the UK,Altrincham
4,in a CVA but nothing suggests cross-border trade,GREAT RESOURCING SOLUTIONS LTD,"78109, 78200",Great Resourcing Solutions Ltd is a staffing and recruitment services company.,no turnover on file,no currency disclosed in the accounts. ASK: whether they buy or sell anything outside the UK,Leicester
4,in a CVA but the SIC codes are all domestic services,ASORTI UK LIMITED,96020,,no turnover on file,no currency disclosed in the accounts. ASK: whether they buy or sell anything outside the UK,London
4,in a CVA but the SIC codes are all domestic services,TURTLE BAY HOSPITALITY LIMITED,56101,,no turnover on file,no currency disclosed in the accounts. ASK: whether they buy or sell anything outside the UK,Bristol
4,in a CVA but the SIC codes are all domestic services,IN THE SCENES LTD,"90010, 90020",,no turnover on file,no currency disclosed in the accounts. ASK: whether they buy or sell anything outside the UK,Hampton
4,"in a CVA but a domestic service business, no cross-border trade",OAKWORTH HOMES LIMITED,"32990, 41202",Oakworth Homes Limited is a residential property development or house-building company.,no turnover on file,no currency disclosed in the accounts. ASK: whether they buy or sell anything outside the UK,Sheffield
4,in a CVA but the SIC codes are all domestic services,ITALK AFFILIATE TELECOMMUNICATIONS LTD,82990,,no turnover on file,no currency disclosed in the accounts. ASK: whether they buy or sell anything outside the UK,Crawley
4,in a CVA but nothing suggests cross-border trade,PAYTHRU LIMITED,"63110, 64191",,no turnover on file,no currency disclosed in the accounts. ASK: whether they buy or sell anything outside the UK,London
4,in a CVA but the SIC codes are all domestic services,BELUGA GROUP LTD,41202,not disclosed,no turnover on file,no currency disclosed in the accounts. ASK: whether they buy or sell anything outside the UK,Stockport
4,in a CVA but nothing suggests cross-border trade,ALAN STEPHENS ASSOCIATES LIMITED,7440,,no turnover on file,no currency disclosed in the accounts. ASK: whether they buy or sell anything outside the UK,Birmingham
4,in a CVA but the SIC codes are all domestic services,ARKWRIGHT BUILDING LIMITED,4521,,no turnover on file,no currency disclosed in the accounts. ASK: whether they buy or sell anything outside the UK,
4,in a CVA but nothing suggests cross-border trade,PROTO-CAL LABORATORIES LIMITED,,,no turnover on file,no currency disclosed in the accounts. ASK: whether they buy or sell anything outside the UK,Carrickfergus
4,in a CVA but the SIC codes are all domestic services,LYNCO (NI) LTD,43999,,no turnover on file,no currency disclosed in the accounts. ASK: whether they buy or sell anything outside the UK,Ballyquin Road
4,in a CVA but nothing suggests cross-border trade,BELFAST GIANTS LTD,,,no turnover on file,no currency disclosed in the accounts. ASK: whether they buy or sell anything outside the UK,Belfast
4,in a CVA but nothing suggests cross-border trade,STANDARD LAUNDRY (N.I) LIMITED,,,no turnover on file,no currency disclosed in the accounts. ASK: whether they buy or sell anything outside the UK,
4,in a CVA but the SIC codes are all domestic services,SKY BLUES UK LIMITED,6420,,no turnover on file,no currency disclosed in the accounts. ASK: whether they buy or sell anything outside the UK,Birmingham
4,in a CVA but nothing suggests cross-border trade,CROFTWARD LIMITED,,,no turnover on file,no currency disclosed in the accounts. ASK: whether they buy or sell anything outside the UK,
4,in a CVA but the SIC codes are all domestic services,ECOFAX LIMITED,7011,,no turnover on file,no currency disclosed in the accounts. ASK: whether they buy or sell anything outside the UK,Nottingham
4,in a CVA but the SIC codes are all domestic services,COPTOAK LIMITED,7011,,no turnover on file,no currency disclosed in the accounts. ASK: whether they buy or sell anything outside the UK,Nottingham
4,in a CVA but the SIC codes are all domestic services,BILCON LIMITED,7011,,no turnover on file,no currency disclosed in the accounts. ASK: whether they buy or sell anything outside the UK,Nottingham
4,in a CVA but nothing suggests cross-border trade,ASHMERE DEVELOPMENTS LIMITED,,,no turnover on file,no currency disclosed in the accounts. ASK: whether they buy or sell anything outside the UK,London
4,in a CVA but nothing suggests cross-border trade,DELTAMERE LIMITED,,,no turnover on file,no currency disclosed in the accounts. ASK: whether they buy or sell anything outside the UK,
4,in a CVA but the SIC codes are all domestic services,ELMSGATE DEVELOPMENTS LIMITED,4521,,no turnover on file,no currency disclosed in the accounts. ASK: whether they buy or sell anything outside the UK,Bristol
4,in a CVA but nothing suggests cross-border trade,WALSALL SNOOKER CENTRE LIMITED,,,no turnover on file,no currency disclosed in the accounts. ASK: whether they buy or sell anything outside the UK,
4,in a CVA but nothing suggests cross-border trade,THE BIRTHDAY SHOP LIMITED,,,no turnover on file,no currency disclosed in the accounts. ASK: whether they buy or sell anything outside the UK,London
4,in a CVA but nothing suggests cross-border trade,J. LAVIN LIMITED,6024,,no turnover on file,no currency disclosed in the accounts. ASK: whether they buy or sell anything outside the UK,Nr Worksop
4,in a CVA but the SIC codes are all domestic services,TOTAL INTERIOR SOLUTIONS LIMITED,9231,,no turnover on file,no currency disclosed in the accounts. ASK: whether they buy or sell anything outside the UK,Farnham
4,in a CVA but nothing suggests cross-border trade,ANTHONY SALES LIMITED,,,no turnover on file,no currency disclosed in the accounts. ASK: whether they buy or sell anything outside the UK,35 Whitworth Street West
4,in a CVA but nothing suggests cross-border trade,CIVIL LOGISTICS LIMITED,7487,,no turnover on file,no currency disclosed in the accounts. ASK: whether they buy or sell anything outside the UK,31 Wellington Street
4,in a CVA but the SIC codes are all domestic services,CAL 2020 LIMITED,70100,,no turnover on file,no currency disclosed in the accounts. ASK: whether they buy or sell anything outside the UK,Letchworth Garden City
4,in a CVA but nothing suggests cross-border trade,00218892 LIMITED,,,no turnover on file,no currency disclosed in the accounts. ASK: whether they buy or sell anything outside the UK,Hampshire
4,in a CVA but the SIC codes are all domestic services,A5 AUTOBODY LIMITED,45320,,no turnover on file,no currency disclosed in the accounts. ASK: whether they buy or sell anything outside the UK,Dunstable
4,in a CVA but nothing suggests cross-border trade,3EN CLOUD LTD,74909,not disclosed,no turnover on file,no currency disclosed in the accounts. ASK: whether they buy or sell anything outside the UK,Holywood
4,in a CVA but nothing suggests cross-border trade,AVATAR RECRUITMENT CONSULTANCY LIMITED,78109,,no turnover on file,no currency disclosed in the accounts. ASK: whether they buy or sell anything outside the UK,Bracknell
4,in a CVA but the SIC codes are all domestic services,SHWE TAN LIMITED,96020,,no turnover on file,no currency disclosed in the accounts. ASK: whether they buy or sell anything outside the UK,Harlow
4,in a CVA but the SIC codes are all domestic services,KELTEK SERVICES LIMITED,43999,,no turnover on file,no currency disclosed in the accounts. ASK: whether they buy or sell anything outside the UK,Banstead
4,in a CVA but the SIC codes are all domestic services,EMEX TECHNOLOGIES LIMITED,82990,,no turnover on file,no currency disclosed in the accounts. ASK: whether they buy or sell anything outside the UK,Witney
4,in a CVA but nothing suggests cross-border trade,PROPERTY TV BROADCASTING LTD,60200,Television programming and broadcasting company.,no turnover on file,no currency disclosed in the accounts. ASK: whether they buy or sell anything outside the UK,London
4,in a CVA but the SIC codes are all domestic services,PRIMUS CONSTRUCTION LIMITED,41201,Construction company engaged in long-term contracts and construction projects.,no turnover on file,no currency disclosed in the accounts. ASK: whether they buy or sell anything outside the UK,Harpenden
4,in a CVA but the SIC codes are all domestic services,BROOKLYN LAW LIMITED,69102,Brooklyn Law Limited is a UK-based legal services company providing professional advisory services.,no turnover on file,no currency disclosed in the accounts. ASK: whether they buy or sell anything outside the UK,Croydon
4,"in a CVA but dormant, nothing trading",FRASERS FB (HOUSE) LIMITED,68100,,no turnover on file,no currency disclosed in the accounts. ASK: whether they buy or sell anything outside the UK,London
4,"in a CVA but a domestic service business, no cross-border trade",HARLEY SCOTT RESIDENTIAL LIMITED,"68100, 68209",Harley Scott Residential Limited is a UK property investment company that owns and lets residential investment property.,no turnover on file,no currency disclosed in the accounts. ASK: whether they buy or sell anything outside the UK,Padiham
4,"in a CVA but a domestic service business, no cross-border trade",HENDON UNIVERSAL PROPERTY COMPANY LIMITED,68209,Hendon Universal Property Company Limited operates as a property company with tangible fixed assets and inventory...,no turnover on file,no currency disclosed in the accounts. ASK: whether they buy or sell anything outside the UK,Cannock
4,in a CVA but nothing suggests cross-border trade,CENTUM BOOKS LIMITED,58110,Centum Books Limited publishes books.,no turnover on file,no currency disclosed in the accounts. ASK: whether they buy or sell anything outside the UK,Newton Abbot
4,in a CVA but the SIC codes are all domestic services,WORKPLACE FIRE & SAFETY TRAINING LTD,84250,,no turnover on file,no currency disclosed in the accounts. ASK: whether they buy or sell anything outside the UK,Retford
4,in a CVA but the SIC codes are all domestic services,FORM PLANTS LIMITED,96090,"Form Plants Limited grows, cultivates or supplies plants and plant-related products.",no turnover on file,no currency disclosed in the accounts. ASK: whether they buy or sell anything outside the UK,Addlestone
4,in a CVA but the SIC codes are all domestic services,PANDA DEVELOPMENTS LIMITED,68100,,no turnover on file,no currency disclosed in the accounts. ASK: whether they buy or sell anything outside the UK,Bolton Lancashire
4,in a CVA but the SIC codes are all domestic services,A. NELSON (BLACKPOOL) LIMITED,43220,,no turnover on file,no currency disclosed in the accounts. ASK: whether they buy or sell anything outside the UK,Blackpool
4,in a CVA but the SIC codes are all domestic services,SENSATIONS LEARNING SUPPORT C.I.C.,85600,,no turnover on file,no currency disclosed in the accounts. ASK: whether they buy or sell anything outside the UK,Belfast
4,in a CVA but the SIC codes are all domestic services,NAID CARE LIMITED,"86102, 86900",,no turnover on file,no currency disclosed in the accounts. ASK: whether they buy or sell anything outside the UK,Southend-On-Sea
4,"in a CVA but a domestic service business, no cross-border trade",PARK FIRST LIMITED,68100,Property investment and rental company holding freehold investment property.,no turnover on file,no currency disclosed in the accounts. ASK: which markets and what currency they invoice in,Padiham
4,in a CVA but the SIC codes are all domestic services,PARK FIRST SKYPORT LIMITED,68100,,no turnover on file,no currency disclosed in the accounts. ASK: whether they buy or sell anything outside the UK,Burnley
4,in a CVA but the SIC codes are all domestic services,HELP-ME-PARK.COM LIMITED,99999,,no turnover on file,no currency disclosed in the accounts. ASK: whether they buy or sell anything outside the UK,Burnley
4,"in a CVA but a domestic service business, no cross-border trade",LWS INTERIOR SOLUTIONS LTD,"46730, 47520",LWS Interior Solutions Ltd supplies interior solutions products and services to the UK market.,no turnover on file,no currency disclosed in the accounts. ASK: which markets and what currency they invoice in,Kingston Upon Thames
4,in a CVA but the SIC codes are all domestic services,TRUST CARE AGENCY LIMITED,87100,Trust Care Agency Limited provides care agency services.,no turnover on file,no currency disclosed in the accounts. ASK: whether they buy or sell anything outside the UK,Norwich
4,in a CVA but the SIC codes are all domestic services,I & S CHILDCARE LTD,85100,I & S Childcare Ltd operates a childcare facility in the UK.,no turnover on file,no currency disclosed in the accounts. ASK: whether they buy or sell anything outside the UK,London
4,"in a CVA but a domestic service business, no cross-border trade",EDWARD WARE HOMES LIMITED,"41202, 68100",Edward Ware Homes Limited is a UK residential property developer and builder.,no turnover on file,no currency disclosed in the accounts. ASK: whether they buy or sell anything outside the UK,Bristol
4,in a CVA but the SIC codes are all domestic services,DOUCE FRANCE LIMITED,"56103, 56290",Douce France Limited is a UK-registered company engaged in the sale of goods and rendering of services.,no turnover on file,no currency disclosed in the accounts. ASK: whether they buy or sell anything outside the UK,London
4,in a CVA but the SIC codes are all domestic services,CRL MANAGEMENT LIMITED,65202,,no turnover on file,no currency disclosed in the accounts. ASK: whether they buy or sell anything outside the UK,Poole
4,in a CVA but the SIC codes are all domestic services,D MCNEILLY LTD,96090,,no turnover on file,no currency disclosed in the accounts. ASK: whether they buy or sell anything outside the UK,Belfast
4,"in a CVA but a domestic service business, no cross-border trade",MANSBRIDGE BALMENT LIMITED,68310,Estate agent operating in the United Kingdom.,no turnover on file,no currency disclosed in the accounts. ASK: whether they buy or sell anything outside the UK,Tavistock
4,in a CVA but the SIC codes are all domestic services,SAPIENTIA DEVELOPMENTS LTD,43999,Construction services provider.,no turnover on file,no currency disclosed in the accounts. ASK: whether they buy or sell anything outside the UK,London
4,in a CVA but the SIC codes are all domestic services,MORWARD LIMITED,96020,not disclosed,no turnover on file,no currency disclosed in the accounts. ASK: whether they buy or sell anything outside the UK,St Albans
4,in a CVA but the SIC codes are all domestic services,ALLISON ELECTRICAL CONTRACTS LTD,43210,,no turnover on file,no currency disclosed in the accounts. ASK: whether they buy or sell anything outside the UK,Carrickmore
4,in a CVA but the SIC codes are all domestic services,BELFAST PUB CO. LTD,56302,,no turnover on file,no currency disclosed in the accounts. ASK: whether they buy or sell anything outside the UK,Belfast
4,in a CVA but the SIC codes are all domestic services,ABLE DATA SERVICES LTD,69201,,no turnover on file,no currency disclosed in the accounts. ASK: whether they buy or sell anything outside the UK,Kent
4,in a CVA but the SIC codes are all domestic services,HALLAM24 HEALTHCARE LTD,87900,,no turnover on file,no currency disclosed in the accounts. ASK: whether they buy or sell anything outside the UK,Sheffield
4,in a CVA but the SIC codes are all domestic services,UK HAIRDRESSERS 2019 LIMITED,96020,,no turnover on file,no currency disclosed in the accounts. ASK: whether they buy or sell anything outside the UK,Willenhall
4,in a CVA but nothing suggests cross-border trade,SPL SALONS LIMITED,74990,,no turnover on file,no currency disclosed in the accounts. ASK: whether they buy or sell anything outside the UK,Belfast
4,"in a CVA but dormant, nothing trading",DEVON HOUSE DEVELOPMENTS LIMITED,41100,,no turnover on file,no currency disclosed in the accounts. ASK: whether they buy or sell anything outside the UK,Warrington
4,in a CVA but the SIC codes are all domestic services,RIVAL CONSTRUCTION (LONDON) LTD,41202,Rival Construction (London) Ltd constructs domestic buildings.,no turnover on file,no currency disclosed in the accounts. ASK: whether they buy or sell anything outside the UK,Colchester
4,in a CVA but the SIC codes are all domestic services,BRANTONES 2017 LTD,41100,not disclosed,no turnover on file,no currency disclosed in the accounts. ASK: whether they buy or sell anything outside the UK,Pudsey
4,in a CVA but the SIC codes are all domestic services,CENTURYPLUS LIMITED,87200,,no turnover on file,no currency disclosed in the accounts. ASK: whether they buy or sell anything outside the UK,Radcliffe
4,in a CVA but the SIC codes are all domestic services,TKL EARTHWORKS & SOIL STABILISATION LIMITED,43120,Site preparation and soil stabilisation services provider.,no turnover on file,no currency disclosed in the accounts. ASK: whether they buy or sell anything outside the UK,Doncaster
4,in a CVA but the SIC codes are all domestic services,INTELLIGENT MIST LIMITED,43999,not disclosed,no turnover on file,no currency disclosed in the accounts. ASK: whether they buy or sell anything outside the UK,Colchester
4,in a CVA but the SIC codes are all domestic services,IPE VENTURES LIMITED,64303,,no turnover on file,no currency disclosed in the accounts. ASK: whether they buy or sell anything outside the UK,Barnet
4,in a CVA but nothing suggests cross-border trade,BESTATDIGITAL LTD,"59112, 62012, 62090, 63120",not disclosed,no turnover on file,no currency disclosed in the accounts. ASK: whether they buy or sell anything outside the UK,Worthing
4,in a CVA but the SIC codes are all domestic services,CHURCHILL RECOVERY SOLUTIONS LTD.,82990,Churchill Recovery Solutions Limited is a UK recovery and case management services company.,no turnover on file,no currency disclosed in the accounts. ASK: whether they buy or sell anything outside the UK,Blackburn
4,in a CVA but the SIC codes are all domestic services,VINEYARD HOMES LTD,88100,,no turnover on file,no currency disclosed in the accounts. ASK: whether they buy or sell anything outside the UK,London
4,in a CVA but the SIC codes are all domestic services,RDA U.K. LIMITED,69203,,no turnover on file,no currency disclosed in the accounts. ASK: whether they buy or sell anything outside the UK,Chelmsford
4,in a CVA but the SIC codes are all domestic services,A1 DEMOLITION LIMITED,43110,,no turnover on file,no currency disclosed in the accounts. ASK: whether they buy or sell anything outside the UK,Birmingham
4,in a CVA but the SIC codes are all domestic services,HGVTRUCK-TECH LTD,45200,,no turnover on file,no currency disclosed in the accounts. ASK: whether they buy or sell anything outside the UK,South Shields
4,in a CVA but the SIC codes are all domestic services,CHATHA WELLING LIMITED,56290,,no turnover on file,no currency disclosed in the accounts. ASK: whether they buy or sell anything outside the UK,Welling
4,in a CVA but nothing suggests cross-border trade,POLAR RECRUITMENT SERVICES LIMITED,78200,Polar Recruitment Services Limited is a recruitment services company.,no turnover on file,no currency disclosed in the accounts. ASK: whether they buy or sell anything outside the UK,Winchester
4,in a CVA but the SIC codes are all domestic services,MERIT CARE LIMITED,"87300, 88100",,no turnover on file,no currency disclosed in the accounts. ASK: whether they buy or sell anything outside the UK,Cheltenham
4,in a CVA but the SIC codes are all domestic services,GLASLYN RETIREMENT HOMES LIMITED,87100,Glaslyn Retirement Homes Limited operates retirement home facilities.,no turnover on file,no currency disclosed in the accounts. ASK: whether they buy or sell anything outside the UK,Gilwern
4,in a CVA but the SIC codes are all domestic services,BETTER FAMILIES SOCIAL WORK SERVICES LTD,"87900, 88100",Better Families Social Work Services Ltd provides social work services.,no turnover on file,no currency disclosed in the accounts. ASK: whether they buy or sell anything outside the UK,Gravesend
4,in a CVA but the SIC codes are all domestic services,IN ONE BASKET LIMITED,"56101, 56103",UK retail operator with multiple physical store locations.,no turnover on file,no currency disclosed in the accounts. ASK: whether they buy or sell anything outside the UK,London
4,in a CVA but the SIC codes are all domestic services,DARTFORD TRANSMISSIONS & AUTOCARE LIMITED,45200,,no turnover on file,no currency disclosed in the accounts. ASK: whether they buy or sell anything outside the UK,Dartford
4,in a CVA but nothing suggests cross-border trade,OMATILE LLP,,,no turnover on file,no currency disclosed in the accounts. ASK: whether they buy or sell anything outside the UK,Omagh
4,in a CVA but the SIC codes are all domestic services,CURAM DOMI SOLUTIONS LTD,87900,not disclosed,no turnover on file,no currency disclosed in the accounts. ASK: whether they buy or sell anything outside the UK,London
4,in a CVA but the SIC codes are all domestic services,HERTS ELECTRICAL CONTRACTORS LIMITED,43210,,no turnover on file,no currency disclosed in the accounts. ASK: whether they buy or sell anything outside the UK,Hertford
4,in a CVA but nothing suggests cross-border trade,SOUTH WEST LIFTS LIMITED,33190,"South West Lifts Limited installs, maintains and services lifts and lifting equipment.",no turnover on file,no currency disclosed in the accounts. ASK: whether they buy or sell anything outside the UK,Newton Abbot
4,in a CVA but the SIC codes are all domestic services,DEXTER HENRY & CO LIMITED,69102,not disclosed,no turnover on file,no currency disclosed in the accounts. ASK: whether they buy or sell anything outside the UK,London
4,in a CVA but nothing suggests cross-border trade,QOCEPT LTD,74901,not disclosed,no turnover on file,no currency disclosed in the accounts. ASK: whether they buy or sell anything outside the UK,Middlesbrough
4,in a CVA but the SIC codes are all domestic services,GULF CONFERENCES LTD,85590,Gulf Conferences Ltd organises and provides conference services.,no turnover on file,no currency disclosed in the accounts. ASK: whether they buy or sell anything outside the UK,London
4,in a CVA but the SIC codes are all domestic services,PL APARTMENTS LTD,55100,PL Apartments Ltd operates residential rental apartments.,no turnover on file,no currency disclosed in the accounts. ASK: whether they buy or sell anything outside the UK,London
4,in a CVA but nothing suggests cross-border trade,MINERAL PROCESSING LTD,"08990, 39000",Mineral processing company engaged in plant machinery operation and mineral processing services.,no turnover on file,no currency disclosed in the accounts. ASK: whether they buy or sell anything outside the UK,Doncaster
4,in a CVA but the SIC codes are all domestic services,JEP YOUTH ENGAGEMENT LTD,85600,JEP Youth Engagement Limited delivers youth engagement services and programs.,no turnover on file,no currency disclosed in the accounts. ASK: whether they buy or sell anything outside the UK,Bolton
4,in a CVA but the SIC codes are all domestic services,VERATY CARE SOLUTIONS LTD,86900,,no turnover on file,no currency disclosed in the accounts. ASK: whether they buy or sell anything outside the UK,Shrewsbury
4,in a CVA but the SIC codes are all domestic services,THE FACTORY FITNESS & DANCE CENTRE LIMITED,93130,,no turnover on file,no currency disclosed in the accounts. ASK: whether they buy or sell anything outside the UK,
4,in a CVA but the SIC codes are all domestic services,BEIT EL ZAYTOUN LIMITED,"56102, 93290",,no turnover on file,no currency disclosed in the accounts. ASK: whether they buy or sell anything outside the UK,London
4,in a CVA but the SIC codes are all domestic services,HOMESLICE LIMITED,56101,not disclosed,no turnover on file,no currency disclosed in the accounts. ASK: whether they buy or sell anything outside the UK,Leigh-On-Sea
4,in a CVA but the SIC codes are all domestic services,THE PANIC ROOM ESCAPE LIMITED,93290,,no turnover on file,no currency disclosed in the accounts. ASK: whether they buy or sell anything outside the UK,Gravesend
4,in a CVA but the SIC codes are all domestic services,CARE4U WE LTD,"87200, 87900",not disclosed - company name suggests care/wellness services but statutory accounts do not describe business operations,no turnover on file,no currency disclosed in the accounts. ASK: where the stock comes from and who prices it,Reading
4,in a CVA but nothing suggests cross-border trade,CLEAR AV LTD,74909,not disclosed,no turnover on file,no currency disclosed in the accounts. ASK: whether they buy or sell anything outside the UK,Co Antrim
4,in a CVA but nothing suggests cross-border trade,DPA COMMUNICATIONS LTD,61900,not disclosed,no turnover on file,no currency disclosed in the accounts. ASK: whether they buy or sell anything outside the UK,Manchester
4,in a CVA but the SIC codes are all domestic services,BOO BOO'S DAY NURSERY LIMITED,88910,,no turnover on file,no currency disclosed in the accounts. ASK: whether they buy or sell anything outside the UK,York
4,"in a CVA but a domestic service business, no cross-border trade",EVOL EMPIRE LIMITED,64209,Evol Empire Limited is a holding company that acquired pub/hospitality businesses through share exchanges.,no turnover on file,no currency disclosed in the accounts. ASK: whether they buy or sell anything outside the UK,Eastbourne
4,in a CVA but the SIC codes are all domestic services,FFC IRELAND 1 LTD,56103,,no turnover on file,no currency disclosed in the accounts. ASK: whether they buy or sell anything outside the UK,Belfast
4,in a CVA but the SIC codes are all domestic services,SRAM & MRAM CITRUS CAPITAL LIMITED,"64209, 68100, 68209",,no turnover on file,no currency disclosed in the accounts. ASK: whether they buy or sell anything outside the UK,London
4,in a CVA but nothing suggests cross-border trade,COPA COPA LIMITED,"78109, 78200",,no turnover on file,no currency disclosed in the accounts. ASK: whether they buy or sell anything outside the UK,Sheffield
4,in a CVA but the SIC codes are all domestic services,PROTEA CARE HOMES (KENT) LTD,87200,,no turnover on file,no currency disclosed in the accounts. ASK: whether they buy or sell anything outside the UK,Watford
4,in a CVA but the SIC codes are all domestic services,FUTURE ENERGY SOLUTIONS LTD,82990,Future Energy Solutions Limited is a UK-registered company in the energy sector.,no turnover on file,no currency disclosed in the accounts. ASK: whether they buy or sell anything outside the UK,Wallsend
4,in a CVA but the SIC codes are all domestic services,LA POLLERA COLORA LIMITED,56301,not disclosed,no turnover on file,no currency disclosed in the accounts. ASK: whether they buy or sell anything outside the UK,Enfield
4,in a CVA but the SIC codes are all domestic services,ON TIME CARE LTD,86210,not disclosed,no turnover on file,no currency disclosed in the accounts. ASK: whether they buy or sell anything outside the UK,Basingstoke
4,in a CVA but nothing suggests cross-border trade,FUTURE SIX LIMITED,"43220, 43310, 43341, 62020",not disclosed,no turnover on file,no currency disclosed in the accounts. ASK: whether they buy or sell anything outside the UK,Evesham
4,in a CVA but the SIC codes are all domestic services,CANTERBURY CARE AND SUPPORT LIMITED,87200,,no turnover on file,no currency disclosed in the accounts. ASK: whether they buy or sell anything outside the UK,Croydon
4,"in a CVA but a domestic service business, no cross-border trade",SAN LORENZO RESTAURANT WARRINGTON LIMITED,56101,San Lorenzo Restaurant Warrington Limited operates a restaurant business.,no turnover on file,no currency disclosed in the accounts. ASK: whether they buy or sell anything outside the UK,Warrington
4,in a CVA but nothing suggests cross-border trade,2F2 LTD.,74909,not disclosed,no turnover on file,no currency disclosed in the accounts. ASK: whether they buy or sell anything outside the UK,Horsham
4,"in a CVA but a domestic service business, no cross-border trade",S.J. CARE HOMES (WALLASEY) LIMITED,87100,"S.J. Care Homes (Wallasey) Limited operates a care home facility in Wallasey, England.",no turnover on file,no currency disclosed in the accounts. ASK: whether they buy or sell anything outside the UK,Harrow
4,in a CVA but the SIC codes are all domestic services,DEFINITELY MAYBE BAR LIMITED,56302,not disclosed,no turnover on file,no currency disclosed in the accounts. ASK: which markets and what currency they invoice in,Bourne End
4,in a CVA but the SIC codes are all domestic services,BLOSSOM LIVING LIMITED,87900,Blossom Living Limited is a UK residential living company.,no turnover on file,no currency disclosed in the accounts. ASK: whether they buy or sell anything outside the UK,Colchester
4,in a CVA but the SIC codes are all domestic services,SIMPLYHELPINGSENIORS LIMITED,87300,,no turnover on file,no currency disclosed in the accounts. ASK: whether they buy or sell anything outside the UK,Northwich
4,in a CVA but the SIC codes are all domestic services,IMPERIAL BREEZE HEALTHCARE SOUTH EAST LIMITED,86900,,no turnover on file,no currency disclosed in the accounts. ASK: whether they buy or sell anything outside the UK,Slough
4,"in a CVA but a domestic service business, no cross-border trade",DAVID BAARDA LIMITED,"49410, 70229",Freight company providing transportation and logistics services.,no turnover on file,"no currency disclosed in the accounts. ASK: whether fuel, tolls or European hauliers are paid in euros",Beverley
4,in a CVA but the SIC codes are all domestic services,MARPAUL SOUTHERN LIMITED,"42990, 43220",,no turnover on file,no currency disclosed in the accounts. ASK: whether they buy or sell anything outside the UK,Woodford Green
4,in a CVA but nothing suggests cross-border trade,TRAIN EFFECTIVE LTD,"62090, 93199",not disclosed,no turnover on file,no currency disclosed in the accounts. ASK: whether they buy or sell anything outside the UK,London
4,"in a CVA but a domestic service business, no cross-border trade",IN-EX LANDSCAPES LIMITED,47789,IN-EX Landscapes Limited provides landscaping and grounds maintenance services.,no turnover on file,no currency disclosed in the accounts. ASK: whether they buy or sell anything outside the UK,London
4,in a CVA but the SIC codes are all domestic services,OUTERNET VENUE LIMITED,93290,,no turnover on file,no currency disclosed in the accounts. ASK: whether they buy or sell anything outside the UK,London
4,in a CVA but nothing suggests cross-border trade,COMPLETE TELECOM SOLUTIONS LIMITED,61900,Complete Telecom Solutions Limited provides telecommunications solutions and services.,no turnover on file,no currency disclosed in the accounts. ASK: whether they buy or sell anything outside the UK,Bristol
4,in a CVA but the SIC codes are all domestic services,ALBANY CARE (NORTHAMPTON) LIMITED,87900,Albany Care (Northampton) Limited provides care services.,no turnover on file,no currency disclosed in the accounts. ASK: whether they buy or sell anything outside the UK,Fareham
4,in a CVA but the SIC codes are all domestic services,ANA HOMECARE LIMITED,86900,,no turnover on file,no currency disclosed in the accounts. ASK: whether they buy or sell anything outside the UK,London
4,in a CVA but the SIC codes are all domestic services,ALBANY FARM CARE (OXFORD) LIMITED,96090,Albany Farm Care (Oxford) Limited supplies farm care products and services.,no turnover on file,no currency disclosed in the accounts. ASK: whether they buy or sell anything outside the UK,Fareham
4,in a CVA but the SIC codes are all domestic services,SEFARDI LTD,56101,,no turnover on file,no currency disclosed in the accounts. ASK: whether they buy or sell anything outside the UK,London
4,in a CVA but the SIC codes are all domestic services,BRAND MONKEY SERVICES LTD,70229,,no turnover on file,no currency disclosed in the accounts. ASK: whether they buy or sell anything outside the UK,Swindon
4,in a CVA but the SIC codes are all domestic services,ALBANY FARM CARE (HAMPSHIRE) LIMITED,87900,Albany Farm Care (Hampshire) Limited supplies agricultural products and services to farm customers.,no turnover on file,no currency disclosed in the accounts. ASK: whether they buy or sell anything outside the UK,Fareham
4,in a CVA but the SIC codes are all domestic services,ELEMENTO GROUP LIMITED,41100,Elemento Group Limited is a UK-based company engaged in import and export trading operations.,no turnover on file,no currency disclosed in the accounts. ASK: where the stock comes from and who prices it,Orpington
4,in a CVA but the SIC codes are all domestic services,URBAN RETROFIT PROJECTS LTD,43290,Urban Retrofit Projects Ltd operates in building retrofit and construction projects.,no turnover on file,no currency disclosed in the accounts. ASK: whether they buy or sell anything outside the UK,Sheffield
4,in a CVA but the SIC codes are all domestic services,THE MARKET DESIGN AND BUILD LIMITED,"41202, 43390",Market design and build company providing design and build services.,no turnover on file,no currency disclosed in the accounts. ASK: whether they buy or sell anything outside the UK,Hayes
4,in a CVA but nothing suggests cross-border trade,ANDREW PHILLIPS LIMITED,71111,"Andrew Phillips Limited provides services to clients, with operations involving foreign currency transactions.",no turnover on file,no currency disclosed in the accounts. ASK: whether they buy or sell anything outside the UK,Ilford
4,in a CVA but nothing suggests cross-border trade,SOLID HEALTHCARE LTD,"78109, 86900, 87200, 87900",,no turnover on file,no currency disclosed in the accounts. ASK: whether they buy or sell anything outside the UK,Nottingham
4,in a CVA but the SIC codes are all domestic services,GREEDY GORDONS LIMITED,"56101, 56103, 56302",not disclosed,no turnover on file,no currency disclosed in the accounts. ASK: whether they buy or sell anything outside the UK,Kettering
4,"in a CVA but a domestic service business, no cross-border trade",CBM-LOGIX LTD,62020,CBM-LOGIX LTD provides IT consultancy services.,no turnover on file,no currency disclosed in the accounts. ASK: whether they buy or sell anything outside the UK,Corby
4,in a CVA but the SIC codes are all domestic services,REX IMMERSIVE LTD,93290,,no turnover on file,no currency disclosed in the accounts. ASK: whether they buy or sell anything outside the UK,London
4,in a CVA but the SIC codes are all domestic services,TEMBO LTD,82301,,no turnover on file,no currency disclosed in the accounts. ASK: whether they buy or sell anything outside the UK,Bramhall
4,in a CVA but the SIC codes are all domestic services,PHASE CONTRACTS LIMITED,43210,,no turnover on file,no currency disclosed in the accounts. ASK: whether they buy or sell anything outside the UK,Dublin Road
4,in a CVA but the SIC codes are all domestic services,CARE 4 YOU DIRECT LIMITED,87300,,no turnover on file,no currency disclosed in the accounts. ASK: whether they buy or sell anything outside the UK,Hitchin
4,in a CVA but the SIC codes are all domestic services,JOHNSTON CONTRACTS LTD,41202,Johnston Contracts Ltd supplies goods through sale and distribution operations in Northern Ireland.,no turnover on file,no currency disclosed in the accounts. ASK: where the stock comes from and who prices it,Lisburn
4,in a CVA but the SIC codes are all domestic services,ENVIRONMENTAL CARBON OFFSET HOTELS LIMITED,5510,,no turnover on file,no currency disclosed in the accounts. ASK: whether they buy or sell anything outside the UK,Inverness
4,in a CVA but nothing suggests cross-border trade,BROOKBERRY LIMITED,,,no turnover on file,no currency disclosed in the accounts. ASK: whether they buy or sell anything outside the UK,Brackley
4,in a CVA but the SIC codes are all domestic services,OAKCELLAR LIMITED,"5540, 9305",,no turnover on file,no currency disclosed in the accounts. ASK: whether they buy or sell anything outside the UK,Whitehaven
4,in a CVA but nothing suggests cross-border trade,ARKWRIGHT INVESTMENTS LIMITED,7487,,no turnover on file,no currency disclosed in the accounts. ASK: whether they buy or sell anything outside the UK,Nottingham
4,in a CVA but the SIC codes are all domestic services,BIMARK LIMITED,7011,,no turnover on file,no currency disclosed in the accounts. ASK: whether they buy or sell anything outside the UK,Nottingham
4,in a CVA but the SIC codes are all domestic services,NIDOLAND LIMITED,7011,,no turnover on file,no currency disclosed in the accounts. ASK: whether they buy or sell anything outside the UK,Nottingham
4,in a CVA but the SIC codes are all domestic services,ARKWRIGHT PROPERTIES LIMITED,7011,,no turnover on file,no currency disclosed in the accounts. ASK: whether they buy or sell anything outside the UK,Nottingham
4,in a CVA but the SIC codes are all domestic services,P.R. GREENOUGH CONSTRUCTION LIMITED,4521,,no turnover on file,no currency disclosed in the accounts. ASK: whether they buy or sell anything outside the UK,Bucks
4,in a CVA but nothing suggests cross-border trade,SUPERSHOPPER LIMITED,,,no turnover on file,no currency disclosed in the accounts. ASK: whether they buy or sell anything outside the UK,
4,in a CVA but nothing suggests cross-border trade,CHILTERN HILLS MINERAL WATER LIMITED,7499,,no turnover on file,no currency disclosed in the accounts. ASK: whether they buy or sell anything outside the UK,Tring
4,"in a CVA but dormant, nothing trading",HANOVIA SOLUTIONS LIMITED,82990,,no turnover on file,no currency disclosed in the accounts. ASK: whether they buy or sell anything outside the UK,Chelmsford
4,in a CVA but the SIC codes are all domestic services,MILHENCH PROPERTY CONSULTING LIMITED,70229,,no turnover on file,no currency disclosed in the accounts. ASK: whether they buy or sell anything outside the UK,Belfast
4,"in a CVA but dormant, nothing trading",SAKO TECHNOLOGIES LIMITED,"61200, 62090",,no turnover on file,no currency disclosed in the accounts. ASK: whether they buy or sell anything outside the UK,Aylesbury
4,in a CVA but the SIC codes are all domestic services,PARKVIEW CARE (BROADSTAIRS) LIMITED,87900,Parkview Care (Broadstairs) Limited operates a care facility providing care activities.,no turnover on file,no currency disclosed in the accounts. ASK: whether they buy or sell anything outside the UK,North Finchley
4,in a CVA but the SIC codes are all domestic services,TERMINAL REHEARSALS LTD,"90020, 90040",Business support service activities provider.,no turnover on file,no currency disclosed in the accounts. ASK: whether they buy or sell anything outside the UK,London
4,in a CVA but nothing suggests cross-border trade,GIBSON YOUNG SOLICITORS LLP,,Gibson Young Solicitors LLP provides legal services.,no turnover on file,no currency disclosed in the accounts. ASK: whether they buy or sell anything outside the UK,London
4,in a CVA but nothing suggests cross-border trade,ALPHA CREDIT REPAIR LIMITED,7487,,no turnover on file,no currency disclosed in the accounts. ASK: whether they buy or sell anything outside the UK,London
4,in a CVA but nothing suggests cross-border trade,D.A.PARKINSON ELECTRICAL LIMITED,,,no turnover on file,no currency disclosed in the accounts. ASK: whether they buy or sell anything outside the UK,"Lancashire,"
4,in a CVA but the SIC codes are all domestic services,DAVID PEARSON PROJECTS LTD,4521,,no turnover on file,no currency disclosed in the accounts. ASK: whether they buy or sell anything outside the UK,Leeds
4,"in a CVA but dormant, nothing trading",CHUCKLE-GIGGLES LTD,70229,,no turnover on file,no currency disclosed in the accounts. ASK: whether they buy or sell anything outside the UK,Rainham
4,in a CVA but nothing suggests cross-border trade,CROSSWINDS PROPERTIES LIMITED,,,no turnover on file,no currency disclosed in the accounts. ASK: whether they buy or sell anything outside the UK,Lancashire
4,in a CVA but nothing suggests cross-border trade,MAC PACKAGING LIMITED,,,no turnover on file,no currency disclosed in the accounts. ASK: whether they buy or sell anything outside the UK,Orchard Way
4,in a CVA but nothing suggests cross-border trade,PORTSIDE PUBS LIMITED,,,no turnover on file,no currency disclosed in the accounts. ASK: whether they buy or sell anything outside the UK,
4,in a CVA but the SIC codes are all domestic services,JSNI LTD,43320,not disclosed,no turnover on file,no currency disclosed in the accounts. ASK: whether they buy or sell anything outside the UK,Belfast
4,in a CVA but the SIC codes are all domestic services,JOHN WATSON SMS LIMITED,42220,not disclosed,no turnover on file,no currency disclosed in the accounts. ASK: whether they buy or sell anything outside the UK,Dromore
4,in a CVA but the SIC codes are all domestic services,DYSON SIGNS & GRAPHICS LIMITED,82990,Dyson Signs & Graphics Limited manufactures and supplies signs and graphics products.,no turnover on file,no currency disclosed in the accounts. ASK: where the raw material and components are bought,Sheffield
4,in a CVA but the SIC codes are all domestic services,HEADS OF THE VALLEYS DEVELOPMENT COMPANY LIMITED,"43999, 81100",,no turnover on file,no currency disclosed in the accounts. ASK: whether they buy or sell anything outside the UK,Cambridge
4,in a CVA but nothing suggests cross-border trade,WILTSHIRE AIR CONDITIONING SERVICES LTD,35300,,no turnover on file,no currency disclosed in the accounts. ASK: whether they buy or sell anything outside the UK,Chippenham
4,in a CVA but the SIC codes are all domestic services,LONDON LUTON AIRPORT PARKING LIMITED,68100,,no turnover on file,no currency disclosed in the accounts. ASK: whether they buy or sell anything outside the UK,Padiham
4,in a CVA but the SIC codes are all domestic services,GREEN OAK INVESTMENTS LIMITED,82990,not disclosed,no turnover on file,no currency disclosed in the accounts. ASK: whether they buy or sell anything outside the UK,Witney
4,in a CVA but nothing suggests cross-border trade,EFH GROUP LIMITED,"45112, 45190",,no turnover on file,no currency disclosed in the accounts. ASK: whether they buy or sell anything outside the UK,High Wycombe
4,in a CVA but the SIC codes are all domestic services,CAMELLIA SINENSIS LIMITED,56290,not disclosed,no turnover on file,no currency disclosed in the accounts. ASK: whether they buy or sell anything outside the UK,London
4,in a CVA but the SIC codes are all domestic services,379 SOCIAL LIMITED,56102,,no turnover on file,no currency disclosed in the accounts. ASK: whether they buy or sell anything outside the UK,Belfast
4,in a CVA but nothing suggests cross-border trade,INFINITY HERITAGE LTD,"61900, 62020, 70229",,no turnover on file,no currency disclosed in the accounts. ASK: whether they buy or sell anything outside the UK,St. Albans
4,in a CVA but the SIC codes are all domestic services,TRUCKSMITH LIMITED,82990,Vehicle body manufacturer.,no turnover on file,no currency disclosed in the accounts. ASK: where the raw material and components are bought,Uffculme
4,in a CVA but nothing suggests cross-border trade,RETAIL IT LIMITED,"62012, 62020",Retail IT Limited develops and sells IT software products and maintenance support contracts.,no turnover on file,no currency disclosed in the accounts. ASK: whether they buy or sell anything outside the UK,London
4,in a CVA but the SIC codes are all domestic services,PECULIAR CARE HOMES LIMITED,"86900, 87200, 87900, 88100",,no turnover on file,no currency disclosed in the accounts. ASK: whether they buy or sell anything outside the UK,Erith
4,in a CVA but nothing suggests cross-border trade,GOLFSPEED INTERNATIONAL LIMITED,3640,,no turnover on file,no currency disclosed in the accounts. ASK: whether they buy or sell anything outside the UK,London
4,in a CVA but nothing suggests cross-border trade,H & H (WIND DOWN) LIMITED,,,no turnover on file,no currency disclosed in the accounts. ASK: whether they buy or sell anything outside the UK,Reading
4,in a CVA but nothing suggests cross-border trade,NS DISTRIBUTION LIMITED,,,no turnover on file,no currency disclosed in the accounts. ASK: whether they buy or sell anything outside the UK,London
4,in a CVA but the SIC codes are all domestic services,PARK FIRST MANAGEMENT LIMITED,68209,,no turnover on file,no currency disclosed in the accounts. ASK: whether they buy or sell anything outside the UK,Padiham
4,in a CVA but nothing suggests cross-border trade,TRANS ECO MINERALS AND MINING LTD,08990,,no turnover on file,no currency disclosed in the accounts. ASK: whether they buy or sell anything outside the UK,Windsor
4,in a CVA but the SIC codes are all domestic services,MEZO LIMITED,56102,,no turnover on file,no currency disclosed in the accounts. ASK: whether they buy or sell anything outside the UK,Holborn
4,in a CVA but the SIC codes are all domestic services,PUMPERNICKEL TAVERNS LTD,56302,Pumpernickel Taverns Ltd operates tavern/public house establishments in the UK.,no turnover on file,no currency disclosed in the accounts. ASK: which markets and what currency they invoice in,Lancaster
4,in a CVA but the SIC codes are all domestic services,K5K LIMITED,88100,not disclosed,no turnover on file,no currency disclosed in the accounts. ASK: whether they buy or sell anything outside the UK,Slough
4,in a CVA but the SIC codes are all domestic services,NEW WORLD TRADING COMPANY (UK) LIMITED,56302,,no turnover on file,no currency disclosed in the accounts. ASK: whether they buy or sell anything outside the UK,Warrington
4,in a CVA but the SIC codes are all domestic services,OASIS CONSTRUCTION LONDON LTD,"41201, 41202",,no turnover on file,no currency disclosed in the accounts. ASK: whether they buy or sell anything outside the UK,London
4,in a CVA but the SIC codes are all domestic services,TCP (GB) GROUP LTD,64209,,no turnover on file,no currency disclosed in the accounts. ASK: whether they buy or sell anything outside the UK,Mansfield
4,in a CVA but nothing suggests cross-border trade,ENVIRONMENT SYSTEMS LIMITED,"74901, 74909, 82990",not disclosed,no turnover on file,no currency disclosed in the accounts. ASK: whether they buy or sell anything outside the UK,Llandrindod Wells
4,in a CVA but the SIC codes are all domestic services,FIREHOUSE COMMUNICATIONS LIMITED,70210,,no turnover on file,no currency disclosed in the accounts. ASK: whether they buy or sell anything outside the UK,Farnham
4,in a CVA but the SIC codes are all domestic services,CLEVERLEY BUILDERS LIMITED,43999,Cleverley Builders Limited is a construction or building services company.,no turnover on file,no currency disclosed in the accounts. ASK: whether they buy or sell anything outside the UK,Bristol
4,in a CVA but nothing suggests cross-border trade,SPECIALIST FACADE INSPECTIONS LTD,"71200, 81100",Specialist facade inspection services provider.,no turnover on file,no currency disclosed in the accounts. ASK: whether they buy or sell anything outside the UK,Newbridge
4,in a CVA but the SIC codes are all domestic services,BAXTER INNS LIMITED,56302,not disclosed,no turnover on file,no currency disclosed in the accounts. ASK: whether they buy or sell anything outside the UK,Newtownabbey
4,in a CVA but the SIC codes are all domestic services,BUCKS GROUNDWORK DEVELOPMENTS LTD,41100,Groundwork and civil engineering contractor providing construction services and materials.,no turnover on file,no currency disclosed in the accounts. ASK: where the raw material and components are bought,Kings Langley
4,in a CVA but the SIC codes are all domestic services,EMPATHY CARE24 LIMITED,86101,Empathy Care24 Limited provides care services in the United Kingdom.,no turnover on file,no currency disclosed in the accounts. ASK: whether they buy or sell anything outside the UK,Northampton
4,"in a CVA but a domestic service business, no cross-border trade",MUNICH CRICKET CLUB LIMITED,82990,Operates bars branded as The Munich Cricket Club serving Bavarian beer and traditional German food.,no turnover on file,no currency disclosed in the accounts. ASK: which markets and what currency they invoice in,London
4,"in a CVA but a domestic service business, no cross-border trade",BLANK RESTAURANTS LIMITED,56101,Blank Restaurants Limited operates restaurant businesses.,no turnover on file,no currency disclosed in the accounts. ASK: whether they buy or sell anything outside the UK,Belfast
4,in a CVA but the SIC codes are all domestic services,HELP ME PARK GATWICK LIMITED,68100,,no turnover on file,no currency disclosed in the accounts. ASK: whether they buy or sell anything outside the UK,London
4,in a CVA but the SIC codes are all domestic services,PAYPARK LIMITED,68320,,no turnover on file,no currency disclosed in the accounts. ASK: whether they buy or sell anything outside the UK,London
4,in a CVA but the SIC codes are all domestic services,AIRPORT PARKING RENTALS (GATWICK) LIMITED,68320,,no turnover on file,no currency disclosed in the accounts. ASK: whether they buy or sell anything outside the UK,London
4,"in a CVA but listed or a subsidiary, treasury likely central",TWYN LIMITED,"58190, 59111",Twyn Limited is a development-stage company with app-based and royalty revenue streams...,no turnover on file,no currency disclosed in the accounts. ASK: whether they buy or sell anything outside the UK,London
4,"in a CVA but a domestic service business, no cross-border trade",HOMESLICE CANNON STREET LIMITED,56101,"Homeslice Cannon Street Limited operates a food/restaurant business (Homeslice brand, Cannon Street location).",no turnover on file,no currency disclosed in the accounts. ASK: what proportion is bought from Europe,Leigh-On-Sea
4,in a CVA but the SIC codes are all domestic services,VELOCITY PAINTBALL LTD,93290,,no turnover on file,no currency disclosed in the accounts. ASK: whether they buy or sell anything outside the UK,Farnborough
4,"in a CVA but a domestic service business, no cross-border trade",FOUR EYES INSIGHT LIMITED,70229,Management consultancy company providing business advisory and consulting services.,no turnover on file,no currency disclosed in the accounts. ASK: whether they buy or sell anything outside the UK,Worcester
4,in a CVA but nothing suggests cross-border trade,BUSHCRAFTED LIMITED,"43290, 74100",,no turnover on file,no currency disclosed in the accounts. ASK: whether they buy or sell anything outside the UK,Wokingham
4,in a CVA but the SIC codes are all domestic services,ALMA CARE (UK) LIMITED,88100,,no turnover on file,no currency disclosed in the accounts. ASK: whether they buy or sell anything outside the UK,Croydon
4,in a CVA but the SIC codes are all domestic services,PHIL HEATON ASSOCIATES LIMITED,82990,,no turnover on file,no currency disclosed in the accounts. ASK: whether they buy or sell anything outside the UK,Manchester
4,in a CVA but the SIC codes are all domestic services,NK FIRE&SECURITY LTD,80200,,no turnover on file,no currency disclosed in the accounts. ASK: whether they buy or sell anything outside the UK,London
4,in a CVA but the SIC codes are all domestic services,WING IT BELFAST LIMITED,56103,Wing It Belfast Limited is a goods trading company that imports and exports products.,no turnover on file,no currency disclosed in the accounts. ASK: where the stock comes from and who prices it,Belfast
4,in a CVA but the SIC codes are all domestic services,RBUILD LTD,"41100, 41201, 41202",not disclosed,no turnover on file,no currency disclosed in the accounts. ASK: whether they buy or sell anything outside the UK,London
4,in a CVA but the SIC codes are all domestic services,ROGER BURNETT RACING LIMITED,70210,,no turnover on file,no currency disclosed in the accounts. ASK: whether they buy or sell anything outside the UK,Grimsby
4,in a CVA but the SIC codes are all domestic services,LAW TRAINING CENTRE (KENT) LIMITED,85421,Law training centre providing professional legal education and training services.,no turnover on file,no currency disclosed in the accounts. ASK: whether they buy or sell anything outside the UK,London
4,in a CVA but the SIC codes are all domestic services,COTT'S CARE LIMITED,87300,not disclosed,no turnover on file,no currency disclosed in the accounts. ASK: whether they buy or sell anything outside the UK,Cheltenham
4,in a CVA but the SIC codes are all domestic services,INDEX CARE LIMITED,87300,Index Care Limited provides care services in the United Kingdom.,no turnover on file,no currency disclosed in the accounts. ASK: whether they buy or sell anything outside the UK,London
4,in a CVA but nothing suggests cross-border trade,SANDY GRAB SERVICES LIMITED,38110,,no turnover on file,no currency disclosed in the accounts. ASK: whether they buy or sell anything outside the UK,Sandy
4,in a CVA but nothing suggests cross-border trade,ATECA GROUP LTD,"62020, 70229, 71122, 78300",,no turnover on file,no currency disclosed in the accounts. ASK: whether they buy or sell anything outside the UK,London
4,in a CVA but the SIC codes are all domestic services,AGAPE CARE SOLUTIONS LTD,86900,Agape Care Solutions Ltd provides care services in the United Kingdom.,no turnover on file,no currency disclosed in the accounts. ASK: whether they buy or sell anything outside the UK,Poole
4,in a CVA but the SIC codes are all domestic services,SPHERE SPECIALIST HEALTHCARE LTD,86900,,no turnover on file,no currency disclosed in the accounts. ASK: whether they buy or sell anything outside the UK,Ashington
4,in a CVA but the SIC codes are all domestic services,BRANCHWATER DEVELOPMENTS LIMITED,68209,,no turnover on file,no currency disclosed in the accounts. ASK: whether they buy or sell anything outside the UK,Barnsley
4,in a CVA but the SIC codes are all domestic services,GAS PRODUCTION HIRE LIMITED,96090,Gas Production Hire Limited hires out gas production equipment.,no turnover on file,no currency disclosed in the accounts. ASK: which markets and what currency they invoice in,Brighton
4,in a CVA but the SIC codes are all domestic services,PRINCIPLES RECRUITMENT CARE AGENCY LIMITED,87900,,no turnover on file,no currency disclosed in the accounts. ASK: whether they buy or sell anything outside the UK,Cheltenham
4,in a CVA but the SIC codes are all domestic services,NEWHOLME ENERGY LIMITED,43999,,no turnover on file,no currency disclosed in the accounts. ASK: whether they buy or sell anything outside the UK,Ilkley
4,in a CVA but the SIC codes are all domestic services,SL2 (SQUARED) LIMITED,43999,not disclosed,no turnover on file,no currency disclosed in the accounts. ASK: whether they buy or sell anything outside the UK,Rotherham
4,in a CVA but the SIC codes are all domestic services,WRM CONSTRUCTION LTD,43999,,no turnover on file,no currency disclosed in the accounts. ASK: whether they buy or sell anything outside the UK,Sheffield
4,in a CVA but nothing suggests cross-border trade,FEINTERNATIONAL LTD,62020,not disclosed,no turnover on file,no currency disclosed in the accounts. ASK: whether they buy or sell anything outside the UK,London
4,"in a CVA but a domestic service business, no cross-border trade",BARTER HILL PARTNERSHIP LIMITED,71122,Professional services firm providing structural engineering and related consultancy.,no turnover on file,no currency disclosed in the accounts. ASK: where the raw material and components are bought,Norwich
4,in a CVA but the SIC codes are all domestic services,EMPATHY CARE SERVICES LIMITED,87200,,no turnover on file,no currency disclosed in the accounts. ASK: whether they buy or sell anything outside the UK,Ely
4,in a CVA but the SIC codes are all domestic services,QUIGLEY PLANT HIRE LIMITED,43120,,no turnover on file,no currency disclosed in the accounts. ASK: whether they buy or sell anything outside the UK,Enniskillen
4,in a CVA but the SIC codes are all domestic services,"WILLIAMS, STANLEY AND CO. LIMITED",69202,not disclosed,no turnover on file,no currency disclosed in the accounts. ASK: whether they buy or sell anything outside the UK,Grange-Over-Sands
4,in a CVA but the SIC codes are all domestic services,DUNAMIS SOCIAL CARE LIMITED,"87300, 88100",,no turnover on file,no currency disclosed in the accounts. ASK: whether they buy or sell anything outside the UK,Wellingborough
4,in a CVA but the SIC codes are all domestic services,SIGNATURE LONDON LIMITED,43999,Building fit out and refurbishment contractor.,no turnover on file,no currency disclosed in the accounts. ASK: which markets and what currency they invoice in,London
4,in a CVA but the SIC codes are all domestic services,THE ASSISTED SALE COMPANY LIMITED,68100,,no turnover on file,no currency disclosed in the accounts. ASK: whether they buy or sell anything outside the UK,Croydon
4,in a CVA but the SIC codes are all domestic services,SUPPORTING YOUNG FUTURES LIMITED,82990,Supporting Young Futures Limited provides support services to young people.,no turnover on file,no currency disclosed in the accounts. ASK: which markets and what currency they invoice in,South Woodford
4,"in a CVA but a domestic service business, no cross-border trade",MRM PROPERTIES (NEWTON AYCLIFFE) LLP,,MRM Properties (Newton Aycliffe) LLP is a property company.,no turnover on file,no currency disclosed in the accounts. ASK: whether they buy or sell anything outside the UK,Newton Aycliffe
4,in a CVA but the SIC codes are all domestic services,INTRINNA LIMITED,82990,,no turnover on file,no currency disclosed in the accounts. ASK: whether they buy or sell anything outside the UK,Wembley
4,in a CVA but the SIC codes are all domestic services,JBM ENVIRONMENTAL SERVICES LTD,43120,,no turnover on file,no currency disclosed in the accounts. ASK: whether they buy or sell anything outside the UK,Ryton
4,in a CVA but the SIC codes are all domestic services,INNOVATIVE START LIMITED,"87100, 87200, 87900",,no turnover on file,no currency disclosed in the accounts. ASK: whether they buy or sell anything outside the UK,Aylesbury
4,in a CVA but nothing suggests cross-border trade,BAMBINOS AND BEYOND LTD,74100,,no turnover on file,no currency disclosed in the accounts. ASK: whether they buy or sell anything outside the UK,Burton On Trent
4,in a CVA but the SIC codes are all domestic services,CROFTSTONE MANAGEMENT LIMITED,82990,,no turnover on file,no currency disclosed in the accounts. ASK: whether they buy or sell anything outside the UK,Stratford-Upon-Avon
4,in a CVA but the SIC codes are all domestic services,BLUE PEPPER CATERING LTD,56210,Blue Pepper Catering Ltd provides catering services and supplies to customers in the UK.,no turnover on file,no currency disclosed in the accounts. ASK: whether they buy or sell anything outside the UK,Leeds
4,in a CVA but the SIC codes are all domestic services,CHOICES HOME FOR CHILDREN LIMITED,87900,Choices Home For Children Limited operates a residential care facility for children in the UK.,no turnover on file,no currency disclosed in the accounts. ASK: whether they buy or sell anything outside the UK,Cheadle
4,in a CVA but the SIC codes are all domestic services,WILLOW TREE SUPPORT SERVICES LTD,"86102, 87100, 87200, 88100","Willow Tree Support Services Ltd provides support services, including rendering of services on a contract basis.",no turnover on file,no currency disclosed in the accounts. ASK: whether they buy or sell anything outside the UK,Reading
4,in a CVA but the SIC codes are all domestic services,FORTRESS CAPITAL PARTNERS LTD.,64922,not disclosed,no turnover on file,no currency disclosed in the accounts. ASK: whether they buy or sell anything outside the UK,Harrow
4,"in a CVA but a domestic service business, no cross-border trade",CLOISTERS BUSINESS CENTRE MANAGEMENT COMPANY LIMITED,68320,Property management company that levies and collects service charges for a business centre.,no turnover on file,no currency disclosed in the accounts. ASK: whether they buy or sell anything outside the UK,Cardiff
4,in a CVA but the SIC codes are all domestic services,TML SOLICITORS LTD,69102,TML Solicitors Ltd provides legal services.,no turnover on file,no currency disclosed in the accounts. ASK: whether they buy or sell anything outside the UK,Leicester
4,in a CVA but the SIC codes are all domestic services,LEON RESTAURANTS LIMITED,56101,,no turnover on file,no currency disclosed in the accounts. ASK: whether they buy or sell anything outside the UK,London
4,in a CVA but the SIC codes are all domestic services,PEAK HOME ASSIST LTD,87300,,no turnover on file,no currency disclosed in the accounts. ASK: whether they buy or sell anything outside the UK,Ilkeston
4,in a CVA but nothing suggests cross-border trade,DIAL4CARE RECRUITMENT LTD,"78200, 87200",Dial4Care Recruitment Ltd is a recruitment services company operating in England and Wales.,no turnover on file,no currency disclosed in the accounts. ASK: whether they buy or sell anything outside the UK,Bedford
4,in a CVA but the SIC codes are all domestic services,SAFTA TRADING LTD,56101,,no turnover on file,no currency disclosed in the accounts. ASK: whether they buy or sell anything outside the UK,London
4,in a CVA but nothing suggests cross-border trade,EXCELL CARE SERVICES LIMITED,78200,Excell Care Services Limited provides care services in the United Kingdom.,no turnover on file,no currency disclosed in the accounts. ASK: whether they buy or sell anything outside the UK,Birmingham
4,in a CVA but the SIC codes are all domestic services,GROUP FIRST HOLDINGS LIMITED,68100,Group First Global Limited is a holding company that recharged shared expenses to group undertakings.,no turnover on file,no currency disclosed in the accounts. ASK: whether they buy or sell anything outside the UK,Padiham
4,in a CVA but the SIC codes are all domestic services,PEACH ENTERPRISES LIMITED,56101,,no turnover on file,no currency disclosed in the accounts. ASK: whether they buy or sell anything outside the UK,Donaghadee
4,in a CVA but the SIC codes are all domestic services,DIN & ASSOCIATES LTD,69102,,no turnover on file,no currency disclosed in the accounts. ASK: whether they buy or sell anything outside the UK,Halifax
4,"in a CVA but a domestic service business, no cross-border trade",THE HIT OR MISS PUB LTD,56302,"The Hit Or Miss Pub Ltd operates a public house providing food, beverage and hospitality services.",no turnover on file,no currency disclosed in the accounts. ASK: which markets and what currency they invoice in,Amersham
4,in a CVA but the SIC codes are all domestic services,ALBANY CARE (PORTCHESTER) LTD,96090,Albany Care (Portchester) Ltd provides care services.,no turnover on file,no currency disclosed in the accounts. ASK: whether they buy or sell anything outside the UK,Fareham
4,in a CVA but the SIC codes are all domestic services,A. HIGGINS CONTRACTS LIMITED,43120,,no turnover on file,no currency disclosed in the accounts. ASK: whether they buy or sell anything outside the UK,Magherafelt
4,in a CVA but the SIC codes are all domestic services,AALTO MEDIA LIMITED,"90020, 90030",Aalto Media Limited is a private media company registered in England and Wales.,no turnover on file,no currency disclosed in the accounts. ASK: whether they buy or sell anything outside the UK,London
4,"in a CVA but a domestic service business, no cross-border trade",OAKTREES CHILDREN NURSERIES LIMITED,85590,Oaktrees Children Nurseries Limited operates a children's nursery business in England.,no turnover on file,no currency disclosed in the accounts. ASK: whether they buy or sell anything outside the UK,Grimsby
4,in a CVA but nothing suggests cross-border trade,ELANWORTH LIMITED,"43290, 74909",not disclosed,no turnover on file,no currency disclosed in the accounts. ASK: whether they buy or sell anything outside the UK,London
4,in a CVA but the SIC codes are all domestic services,HEADZPACE THERAPEUTIC CARE LIMITED,87200,Headzpace Therapeutic Care Limited provides therapeutic care services.,no turnover on file,no currency disclosed in the accounts. ASK: whether they buy or sell anything outside the UK,London
4,in a CVA but the SIC codes are all domestic services,TAYLEX DISPLAYS LIMITED,43320,"Taylex Displays Limited manufactures and supplies display products, with operations involving imports and exports.",no turnover on file,no currency disclosed in the accounts. ASK: where the stock comes from and who prices it,Halesowen
4,in a CVA but the SIC codes are all domestic services,CLAY BROOK HEALTHCARE LIMITED,"86900, 88990",,no turnover on file,no currency disclosed in the accounts. ASK: whether they buy or sell anything outside the UK,Enfield
4,in a CVA but nothing suggests cross-border trade,TRUSTHUB GROUP LTD,78200,,no turnover on file,no currency disclosed in the accounts. ASK: whether they buy or sell anything outside the UK,Truro
4,in a CVA but the SIC codes are all domestic services,PORTEOUS GROUNDWORKS LTD,"41201, 41202, 42110, 42990",Porteous Groundworks Ltd is a construction and groundworks contractor.,no turnover on file,no currency disclosed in the accounts. ASK: which markets and what currency they invoice in,Plymouth
4,in a CVA but the SIC codes are all domestic services,BIRCH TREE NORTHERN LIMITED,41202,not disclosed,no turnover on file,no currency disclosed in the accounts. ASK: whether they buy or sell anything outside the UK,Newcastle Upon Tyne
4,in a CVA but nothing suggests cross-border trade,FG TWELVE LTD,79110,Taxi operator company.,no turnover on file,no currency disclosed in the accounts. ASK: whether they buy or sell anything outside the UK,Erith
4,in a CVA but the SIC codes are all domestic services,IMPRESSION HEALTH AND SUPPORT UK LTD,"87100, 87200, 88100",,no turnover on file,no currency disclosed in the accounts. ASK: whether they buy or sell anything outside the UK,Liverpool
4,in a CVA but nothing suggests cross-border trade,SMART IMPACT LIMITED,"62011, 62012, 62020, 63110",Smart Impact Limited provides CRM systems for organisations.,no turnover on file,no currency disclosed in the accounts. ASK: whether they buy or sell anything outside the UK,London
4,in a CVA but the SIC codes are all domestic services,SEVENOAK INVESTIGATIONS LIMITED,82911,,no turnover on file,no currency disclosed in the accounts. ASK: whether they buy or sell anything outside the UK,Ipswich