accounts_category,accounts_date,accounts_type,address,call_ammo,company,company_status,confidence,currencies_named,error,est_fx_volume,excerpts,export_split,findings,from_cache,fx_evidence,fx_pnl_figures,fx_position,grade,hedging_instruments,incorporated,locality,match_bucket,match_reason,matched_name,number,one_liner,overseas_parent,parent_control,pdf_path,postcode,priority,read_method,red_flags,score,sic_codes,sophistication,triggers,turnover
dormant,2015-05-31,accounts-with-accounts-type-dormant,"Castle Park Inn, Lurgan, Co Armagh, BT66 8BE",,HEWITT BROS. (LURGAN) LTD.,voluntary-arrangement,none,,"dormant accounts - no useful disclosure, skipped",,,,,,,,unknown,,,1990-03-15,Lurgan,,,HEWITT BROS. (LURGAN) LTD.,NI024250,,,none,,BT66 8BE,X - no evidence,,,,,,,
small,2008-12-31,accounts-with-accounts-type-total-exemption-small,"17 Falcon Road, Belfast, BT12 6RD",,BELFAST TILE COMPANY LIMITED - THE,voluntary-arrangement,none,,no readable text,,,,,,,,unknown,,,1994-04-25,Belfast,,,BELFAST TILE COMPANY LIMITED - THE,NI028411,,,none,accounts/BELFAST_TILE_COMPANY_LIMITED_THE_NI028411.pdf,BT12 6RD,X - no evidence,"scanned pdf, pytesseract not installed",,,,,,
,,,"12 Capricorn Centre, Basildon, Essex, SS14 3JJ",,CLEAR PAY CONTRACTS LIMITED,voluntary-arrangement,low,,no accounts with document found,,,,,,,,unknown,,,2018-04-05,Basildon,,,CLEAR PAY CONTRACTS LIMITED,11293156,,,none,,SS14 3JJ,X - no evidence,,,,96090,,,
unknown,2022-02-27,change-account-reference-date-company-previous-shortened,"Unit 6 St. Georges Business Centre, Portsmouth, Hampshire, PO1 3EY",,CHARACTER INNS IOW LTD,voluntary-arrangement,none,,no readable text,,,,,,,,unknown,,,2019-03-07,Portsmouth,,,CHARACTER INNS IOW LTD,11866727,,,none,accounts/CHARACTER_INNS_IOW_LTD_11866727.pdf,PO1 3EY,X - no evidence,"scanned pdf, pytesseract not installed",,,56302,,,
small,2026-06-02,accounts-with-accounts-type-unaudited-abridged,"40 Charlton Mead Drive, Bristol, BS10 6LG",,SAPPHIRE CONSULTING GROUP LTD,voluntary-arrangement,low,,"small/abridged filing - little to read, brief skipped; qualify by phone",,,,,,,,unknown,D,,2016-10-14,Bristol,,,SAPPHIRE CONSULTING GROUP LTD,10427754,,,none,,BS10 6LG,X - no evidence,xhtml,,0,70229,,,
full,1997-12-31,accounts-with-accounts-type-full,"277 Mare Street, London, E8 1HB",,HACKNEY EMPLOYMENT LINK PROJECT (HELP) LIMITED,voluntary-arrangement,none,,no readable text,,,,,,,,unknown,,,1992-11-27,London,,,HACKNEY EMPLOYMENT LINK PROJECT (HELP) LIMITED,02768807,,,none,accounts/HACKNEY_EMPLOYMENT_LINK_PROJECT_HELP_LIMITED_02768807.pdf,E8 1HB,X - no currency flow evident,"scanned pdf, pytesseract not installed",,,9305,,,
unknown,1996-06-14,legacy,"8/10,Gatley Road, Stockport, Cheshire, SK8 1PY",,SUNSHOT LIMITED,voluntary-arrangement,none,,no readable text,,,,,,,,unknown,,,1995-12-04,Stockport,,,SUNSHOT LIMITED,03133871,,,none,accounts/SUNSHOT_LIMITED_03133871.pdf,SK8 1PY,X - no evidence,"scanned pdf, pytesseract not installed",,,7487,,,
micro,2025-03-29,accounts-with-accounts-type-micro-entity,"68 The Twickenham Pub Co Ltd, Twickenham, TW1 3QS",,THE TWICKENHAM PUB COMPANY LIMITED,voluntary-arrangement,none,,"micro accounts - no useful disclosure, skipped",,,,,,,,unknown,,,2014-07-16,Twickenham,,,THE TWICKENHAM PUB COMPANY LIMITED,09134108,,,none,,TW1 3QS,X - no evidence,,,,56302,,,
full,2025-08-31,accounts-with-accounts-type-total-exemption-full,"C/O 788a Finchley Road, London, NW11 7TJ","Company has opted not to deliver P&L to registrar under section 444(1) Companies Act 2006. No exchange gains/losses, currency exposures, or hedging activity disclosed. No turnover figure stated.",FLOWER STATION LIMITED,voluntary-arrangement,high,not disclosed,,cannot estimate - no FX data disclosed,.notesSubSection{ margin-left: 1em;}.subRow td:first-child{ padding-left: 1em;}th.oneWordPerLine { text-align: center !important; vertical-align: bottom; word-spacing: 100vw;}th.noWrap { text-align: left !important; vertical-align: bottom; white-space: nowrap;}th.toBottom { text-ali,not disclosed,Imports/exports mentioned (x3),,,not disclosed,unhedged,D,none evident,2002-04-08,London,,,FLOWER STATION LIMITED,04410944,not disclosed,no,none,,NW11 7TJ,X - no currency flow evident,xhtml,none,2,47760,unclear,none found,
small,2025-11-11,accounts-with-accounts-type-unaudited-abridged,"Ashlands Farm Copt Oak Road, Leicester, LE19 3EF",,J.O GROUNDWORKS LIMITED,voluntary-arrangement,low,,"small/abridged filing - little to read, brief skipped; qualify by phone",,,,,,,,unknown,D,,2015-05-18,Leicester,,,J.O GROUNDWORKS LIMITED,09595570,,,none,,LE19 3EF,X - no evidence,xhtml,,0,43999,,,
full,2024-12-31,accounts-with-accounts-type-total-exemption-full,"61 Boucher Crescent, Belfast, BT12 6HU","Accounts filed as small/micro with no P&L disclosed. Company entered CVA in December 2023 with £363k CVA liabilities included in current creditors. No foreign currency transactions, gains, losses or hedging activity disclosed. Going concern dependent on CVA completion and cost reduction programme.",INNOVATIVE FURNITURE LTD,voluntary-arrangement,high,not disclosed,,cannot estimate - no FX data disclosed,,not disclosed,,,,not disclosed,unhedged,D,none evident,2018-05-01,Belfast,,,INNOVATIVE FURNITURE LTD,NI652728,Bedroom storage furniture specialist.,no,none,,BT12 6HU,X - no currency flow evident,xhtml,"Company Voluntary Agreement active (entered 20 December 2023); CVA liabilities of £363k (£322k write-off if successful) classified as due within one year; going concern qualified on CVA success and director judgment; if CVA fails, all liabilities due immediately; Bounce Back Loan Scheme debt outstanding.",0,31090,minimal,Company Voluntary Agreement entered 20 December 2023 for five years; £322k liabilities potentially written off if CVA completes December 2028; significant cost-cutting exercise underway.,
micro,2025-08-31,accounts-with-accounts-type-micro-entity,"Unit 50 Farriers Way, Bootle, L30 4XL",,NORTH LIVERPOOL CONSTRUCTION LIMITED,voluntary-arrangement,none,,"micro accounts - no useful disclosure, skipped",,,,,,,,unknown,,,1986-03-26,Bootle,,,NORTH LIVERPOOL CONSTRUCTION LIMITED,02004464,,,none,,L30 4XL,X - no evidence,,,,43390,,,
small,2025-11-26,accounts-with-accounts-type-unaudited-abridged,"Unit 4 Trafford Park Road, Manchester, M17 1AN",,RPD BUILDING & CONSTRUCTION LTD,voluntary-arrangement,low,,"small/abridged filing - little to read, brief skipped; qualify by phone",,"b, strong { font-weight: bold; } table { border-spacing: 10px; } .text--left { text-align: left !important; } .text--center { text-align: center!important; } .text--right { text-align: right !important; } .strong { font-weight: bold; } .center {",,Imports/exports mentioned (x3),,,,unknown,D,,2019-07-29,Manchester,,,RPD BUILDING & CONSTRUCTION LTD,12126742,,,none,,M17 1AN,X - no evidence,xhtml,,2,41100,,,
,,,"C/O Hartley Linfoot & Whitlam, Sheffield, Yorkshire, S1 2EJ",,METROPOLITAN INSULATION (NORTH EAST) LIMITED,voluntary-arrangement,low,,no accounts with document found,,,,,,,,unknown,,,1988-12-07,Sheffield,,,METROPOLITAN INSULATION (NORTH EAST) LIMITED,02326115,,,none,,S1 2EJ,X - no evidence,,,,"4521, 4532",,,
small,2026-05-28,accounts-with-accounts-type-unaudited-abridged,"2 Church Street, Dungannon, County Tyrone, BT70 2HB",,ERRIGAL PLANT & SALES LTD,voluntary-arrangement,low,,"small/abridged filing - little to read, brief skipped; qualify by phone",,,,,,,,unknown,D,,2014-05-19,Dungannon,,,ERRIGAL PLANT & SALES LTD,NI624666,,,none,,BT70 2HB,X - no evidence,xhtml,,0,"46630, 77320",,,
micro,2025-10-31,accounts-with-accounts-type-micro-entity,"Gatcombe House, Portsmouth, PO3 5EJ",,C&C INDUSTRIAL ROOFING LTD,voluntary-arrangement,none,,"micro accounts - no useful disclosure, skipped",,,,,,,,unknown,,,2016-10-26,Portsmouth,,,C&C INDUSTRIAL ROOFING LTD,10446352,,,none,,PO3 5EJ,X - no evidence,,,,43910,,,
full,1991-10-31,accounts-with-accounts-type-full,"C/O Pricewaterhousecoopers, Cardiff, CF10 3PW",,ABERNEATH INDUSTRIES LIMITED,voluntary-arrangement,none,,no readable text,,,,,,,,unknown,,,1988-11-03,Cardiff,,,ABERNEATH INDUSTRIES LIMITED,02312720,,,none,accounts/ABERNEATH_INDUSTRIES_LIMITED_02312720.pdf,CF10 3PW,X - no currency flow evident,"scanned pdf, pytesseract not installed",,,2710,,,
,,,"22-24,St.Mary's Gate., OL16 1DZ",,G P REALISATIONS LIMITED,voluntary-arrangement,low,,no accounts with document found,,,,,,,,unknown,,,1983-06-27,,,,G P REALISATIONS LIMITED,01734646,,,none,,OL16 1DZ,X - no evidence,,,,9305,,,
,,,"Melrose House, Croydon, Surrey,, CR0 2NE",,CERTAIM LIMITED,voluntary-arrangement,low,,no accounts with document found,,,,,,,,unknown,,,1984-03-16,Croydon,,,CERTAIM LIMITED,01800510,,,none,,CR0 2NE,X - no evidence,,,,2811,,,
,,,"The Gables, Wortley, Sheffield, S30 7DR",,M A WHITE (CONSTRUCTION) LIMITED,voluntary-arrangement,low,,no accounts with document found,,,,,,,,unknown,,,1984-04-19,Wortley,,,M A WHITE (CONSTRUCTION) LIMITED,01810198,,,none,,S30 7DR,X - no evidence,,,,4521,,,
,,,"St Nicholas House, Nottingham, NG1 6FQ",,ANMER LIMITED,voluntary-arrangement,low,,no accounts with document found,,,,,,,,unknown,,,1985-05-20,Nottingham,,,ANMER LIMITED,01915150,,,none,,NG1 6FQ,X - no evidence,,,,7011,,,
,,,"St Nicholas House, Nottingham, NG1 6FQ",,FIREDEAN LIMITED,voluntary-arrangement,low,,no accounts with document found,,,,,,,,unknown,,,1985-05-20,Nottingham,,,FIREDEAN LIMITED,01915156,,,none,,NG1 6FQ,X - no evidence,,,,7011,,,
,,,"St Nicholas House, Nottingham, NG1 6FQ",,CRAYDAN PROPERTIES LIMITED,voluntary-arrangement,low,,no accounts with document found,,,,,,,,unknown,,,1985-12-03,Nottingham,,,CRAYDAN PROPERTIES LIMITED,01967806,,,none,,NG1 6FQ,X - no evidence,,,,7011,,,
,,,"St Nicholas House, Nottingham, NG1 6FQ",,GIFF PROPERTIES LIMITED,voluntary-arrangement,low,,no accounts with document found,,,,,,,,unknown,,,1986-02-10,Nottingham,,,GIFF PROPERTIES LIMITED,01987780,,,none,,NG1 6FQ,X - no evidence,,,,7011,,,
full,1999-03-31,accounts-with-accounts-type-full,"Glanyrafon Industrial Estate, Aberystwyth, Dyfed, SY23 3JQ",,PROPERTY INVESTMENT (WALES) LIMITED,voluntary-arrangement,none,,no readable text,,,,,,,,unknown,,,1984-09-21,Aberystwyth,,,PROPERTY INVESTMENT (WALES) LIMITED,01849936,,,none,accounts/PROPERTY_INVESTMENT_WALES_LIMITED_01849936.pdf,SY23 3JQ,X - no currency flow evident,"scanned pdf, pytesseract not installed",,,4521,,,
small,1993-09-30,accounts-with-accounts-type-small,"3rd Floor Peter House, Manchester, M1 5AB",,THORNLEY TRADING LIMITED,voluntary-arrangement,none,,no readable text,,,,,,,,unknown,,,1987-10-16,Manchester,,,THORNLEY TRADING LIMITED,02179558,,,none,accounts/THORNLEY_TRADING_LIMITED_02179558.pdf,M1 5AB,X - no evidence,"scanned pdf, pytesseract not installed",,,5143,,,
unknown,1998-09-28,legacy,"Ernst & Young Cloth Hall Court, West Yorkshire, LS1 2JN",,SX REALISATIONS LIMITED,voluntary-arrangement,none,,no readable text,,,,,,,,unknown,,,1926-11-17,West Yorkshire,,,SX REALISATIONS LIMITED,00217571,,,none,accounts/SX_REALISATIONS_LIMITED_00217571.pdf,LS1 2JN,X - no evidence,"scanned pdf, pytesseract not installed",,,3650,,,
full,2000-05-31,accounts-with-accounts-type-full,"Kpmg, Birmingham, West Midlands, B3 2DL",,FIT4BUSINESS LIMITED,voluntary-arrangement,none,,no readable text,,,,,,,,unknown,,,1996-07-15,Birmingham,,,FIT4BUSINESS LIMITED,03224965,,,none,accounts/FIT4BUSINESS_LIMITED_03224965.pdf,B3 2DL,X - no currency flow evident,"scanned pdf, pytesseract not installed",,,6420,,,
,,,"Unit 2 Albert Mill, Whitefield, Manchester, M45 8NH",,JUNA PRODUCTS LIMITED,voluntary-arrangement,low,,no accounts with document found,,,,,,,,unknown,,,1989-03-14,Whitefield,,,JUNA PRODUCTS LIMITED,02361106,,,none,,M45 8NH,X - no evidence,,,,2875,,,
,,,"52 High Street, Northants, NN11 4HU",,PLUS ONE SOFTWARE LIMITED,voluntary-arrangement,low,,no accounts with document found,,,,,,,,unknown,,,1991-09-03,Northants,,,PLUS ONE SOFTWARE LIMITED,02642693,,,none,,NN11 4HU,X - no evidence,,,,7220,,,
small,2008-03-31,accounts-with-accounts-type-total-exemption-small,"Hendford Manor, Somerset, BA20 1UN",,HALLMARK CONSERVATORIES & WINDOWS LIMITED,voluntary-arrangement,none,,no readable text,,,,,,,,unknown,,,2002-02-14,Somerset,,,HALLMARK CONSERVATORIES & WINDOWS LIMITED,04374347,,,none,accounts/HALLMARK_CONSERVATORIES_WINDOWS_LIMITED_04374347.pdf,BA20 1UN,X - no evidence,"scanned pdf, pytesseract not installed",,,4542,,,
small,2009-12-31,accounts-with-accounts-type-total-exemption-small,"Promotion House, Sheffield, S2 3PY",,ALEXANDER (COMMERCIAL PROPERTY) LIMITED,voluntary-arrangement,none,,no readable text,,,,,,,,unknown,,,2008-12-02,Sheffield,,,ALEXANDER (COMMERCIAL PROPERTY) LIMITED,06763990,,,none,accounts/ALEXANDER_COMMERCIAL_PROPERTY_LIMITED_06763990.pdf,S2 3PY,X - no evidence,"scanned pdf, pytesseract not installed",,,68209,,,
full,2022-03-31,accounts-with-accounts-type-total-exemption-full,"Lymedale Business Centre Lymedale Business Park, Newcastle, Staffordshire, ST5 9QF",Company is not a going concern having sold all business. All assets written down to net realisable value. No P&L disclosed under small companies exemption.,ABSOLUTE PARTNERSHIP LIMITED,voluntary-arrangement,high,not disclosed,,cannot estimate - no FX data disclosed,,not disclosed,,,,not disclosed,unhedged,D,none evident,2011-04-27,Newcastle,,,ABSOLUTE PARTNERSHIP LIMITED,07616521,Insurance fraud investigations company that has sold its entire business.,no,none,,ST5 9QF,X - no currency flow evident,xhtml,Going concern - company explicitly states it has sold all business and is not a going concern with assets written down to net realisable value.,0,82990,minimal,Company has sold all of its business with consideration due in instalments and is no longer a going concern.,
,,,"501 Kings Reach Court, Reading, Berkshire, RG1 1NB",,JIM ABBEY ELECTRONICS LIMITED,voluntary-arrangement,low,,no accounts with document found,,,,,,,,unknown,,,1980-05-20,Reading,,,JIM ABBEY ELECTRONICS LIMITED,01497559,,,none,,RG1 1NB,X - no evidence,,,,7220,,,
micro,2020-12-31,accounts-with-accounts-type-micro-entity,"35 Whitelands Meadow, Wirral, Merseyside, CH49 6PA",,COMPASS MARINE SERVICES LIMITED,voluntary-arrangement,none,,"micro accounts - no useful disclosure, skipped",,,,,,,,unknown,,,1998-12-15,Wirral,,,COMPASS MARINE SERVICES LIMITED,03683977,,,none,,CH49 6PA,X - no evidence,,,,99999,,,
full,2024-12-31,accounts-with-accounts-type-total-exemption-full,"Fairway House, Great Missenden, Buckinghamshire, HP16 0AN","Company operates under CVA approved by court on 5 April 2024. Net liabilities of £304,501 at 31 December 2024 (improved from £321,131 at 31 December 2023). No profit and loss account disclosed. P&L not filed with registrar.",THE HUB MARKETING SERVICES LIMITED,voluntary-arrangement,high,not disclosed,,cannot estimate - no FX data disclosed,,not disclosed,,,,not disclosed,unhedged,D,none evident,1998-07-22,Great Missenden,,,THE HUB MARKETING SERVICES LIMITED,03601920,The Hub Marketing Services Limited is a marketing services company incorporated in England and Wales.,no,none,,HP16 0AN,X - no currency flow evident,xhtml,Material going concern uncertainty noted in accounts. Net liabilities position. CVA restructuring arrangement in place. Directors consulted financial restructuring specialists due to inability to meet liabilities. No P&L disclosure limits visibility on operational performance.,0,46420,minimal,"Corporate Voluntary Arrangement (CVA) court-approved and effective 5 April 2024, covering 5-year term. Directors consulted financial restructuring specialists due to inability to meet liabilities by end of FY2023.",
full,2025-09-30,accounts-with-accounts-type-total-exemption-full,"York House, London, SW6 1RP","Accounts are filed as small/micro entity abridged format with no P&L statement disclosed. No turnover, FX gains/losses, or hedging activity evident. Directors loan balance £220,144 (prior year £847,324).",ENTERTAIN ME PRODUCTIONS LIMITED,voluntary-arrangement,high,GBP - functional currency,,cannot estimate - no FX data disclosed,,not disclosed,,,,not disclosed,unhedged,D,none evident,2011-09-27,London,,,ENTERTAIN ME PRODUCTIONS LIMITED,07788140,not disclosed,no,none,,SW6 1RP,X - no currency flow evident,xhtml,"Abridged accounts with no principal activity description filed. BBLS loan of £50,000 outstanding (2.5% post-12-month interest, repayable by 2026). Significant reduction in directors loan from £847,324 to £220,144 warrants clarification.",0,"59112, 59132, 59200",minimal,none found,
full,2026-04-30,accounts-with-accounts-type-total-exemption-full,"8 Brittens Court, Olney, Bucks, MK46 5LG","Directors have identified material uncertainties related to going concern. No P&L, FX positions, or export data disclosed in abridged accounts. No hedging instruments evident.",PET INDUSTRY FEDERATION LIMITED,voluntary-arrangement,high,not disclosed,,cannot estimate - no FX data disclosed,.notesSubSection{ margin-left: 1em;}.subRow td:first-child{ padding-left: 1em;}th.oneWordPerLine { text-align: center !important; vertical-align: bottom; word-spacing: 100vw;}th.noWrap { text-align: left !important; vertical-align: bottom; white-space: nowrap;}th.toBottom { text-ali,not disclosed,Imports/exports mentioned (x3),,,not disclosed,unhedged,D,none evident,2010-05-13,Olney,,,PET INDUSTRY FEDERATION LIMITED,07252816,Pet Industry Federation Limited is a trade association or membership organization serving the pet industry sector.,no,none,,MK46 5LG,X - no currency flow evident,xhtml,Going concern doubt flagged by directors - material uncertainties identified.,2,94110,minimal,"Material uncertainties related to going concern identified by directors, though going concern basis deemed appropriate.",
micro,2025-07-31,accounts-with-accounts-type-micro-entity,"15a The Jamb, Corby, Northamptonshire, NN17 1AY",,LGJAMES LTD,voluntary-arrangement,none,,"micro accounts - no useful disclosure, skipped",,,,,,,,unknown,,,2015-07-10,Corby,,,LGJAMES LTD,09680024,,,none,,NN17 1AY,X - no evidence,,,,68320,,,
full,2024-12-31,accounts-with-accounts-type-total-exemption-full,"9 Ainslie Palce, Edinburgh, Midlothian, EH3 6AT","Accounts filed as small abridged; no P&L statement delivered under Section 444 Companies Act 2006. CVA entered 18 January 2024. No FX exposure, hedging instruments, or currency data disclosed.",STRATA CLEANING LIMITED,voluntary-arrangement,high,not disclosed,,cannot estimate - no FX data disclosed,,not disclosed,,,,not disclosed,unhedged,D,none evident,2014-06-23,Edinburgh,,,STRATA CLEANING LIMITED,SC480631,Strata Cleaning Limited provides cleaning services.,no,none,,EH3 6AT,X - no currency flow evident,xhtml,"Creditors Voluntary Arrangement (CVA) in place as of 18 January 2024, indicating prior financial distress. Going concern assertion made post-CVA; assess sustainability of restructured trading plan.",0,81222,minimal,Company entered into a Creditors Voluntary Arrangement (CVA) on 18 January 2024. Directors assert going concern status despite CVA.,
full,2025-05-31,accounts-amended-with-accounts-type-total-exemption-full,"10 Newcombe Close, Okehampton, Devon, EX20 1UG",,WEBBER TRANSPORT LIMITED,voluntary-arrangement,none,,no readable text,,,,,,,,unknown,,,2003-04-15,Okehampton,,,WEBBER TRANSPORT LIMITED,04735069,,,none,accounts/WEBBER_TRANSPORT_LIMITED_04735069.pdf,EX20 1UG,X - no currency flow evident,"scanned pdf, pytesseract not installed",,,49410,,,
small,2025-12-24,accounts-with-accounts-type-unaudited-abridged,"Trees Farm Rudge Road, Frome, BA11 2PT",,DAIRY HOME TEAM LIMITED,voluntary-arrangement,low,,"small/abridged filing - little to read, brief skipped; qualify by phone",,"b, strong { font-weight: bold; } table { border-spacing: 10px; } .text--left { text-align: left !important; } .text--center { text-align: center!important; } .text--right { text-align: right !important; } .strong { font-weight: bold; } .center {",,Imports/exports mentioned (x3),,,,unknown,D,,2007-03-26,Frome,,,DAIRY HOME TEAM LIMITED,06183122,,,none,,BA11 2PT,X - no evidence,xhtml,,2,47990,,,
full,2024-10-31,accounts-with-accounts-type-full,"Suite D The Business Centre, Romford, Essex, RM3 8EN",CVA entered 10 July 2024 with 60-month term; P.I. claim value and timing undetermined per audit report material uncertainty note. All turnover arose within United Kingdom. Gross profit 6.5% current period vs 0.2% prior period. Current ratio deteriorated to 0.87:1 from 1.20:1.,CORLEY + WOOLLEY LIMITED,voluntary-arrangement,high,not disclosed,,cannot estimate - no FX data disclosed,"The company has tax losses of some £2,921,000 carried forward for offset against future trading profits.",not disclosed,HEDGE VALUE stated (x1),,,not disclosed,unhedged,C,none evident,2012-11-01,Romford,,,CORLEY + WOOLLEY LIMITED,08276510,Interior fit-out and refurbishment contractor specialising in commercial office and hospitality projects in London and M25 corridor.,no,none,,RM3 8EN,X - no currency flow evident,xhtml,"MATERIAL GOING CONCERN DOUBT explicitly stated by auditors. Company Voluntary Arrangement active (10 July 2024). P.I. claim outcome critical to solvency; forecasts dependent on undetermined recovery timing. Current ratio below 1.0. Tax losses £2,921,000 carried forward.",8,"43290, 43999",minimal,"Company entered CVA on 10 July 2024 to protect against aggressive creditors. Pursuing significant P.I. claim with uncertain value and timing, creating material going concern doubt.",
full,2024-07-31,accounts-with-accounts-type-total-exemption-full,"14th Floor 33 Cavendish Square, London, W1G 0PW",Functional currency GBP. Foreign currency transactions recognised in profit or loss. No FX gains/losses figures stated in accounts. No hedging instruments disclosed. Company managing cashflow through overdraft facility.,BEN ELWES  LIMITED,voluntary-arrangement,high,GBP - functional and presentational currency,,cannot estimate - no FX data disclosed,Foreign exchange gains and losses resulting from the settlement of transactions and from the translation at period-end exchange rates of monetary assets and liabilities denominated in foreign currencies are recognised in profit or loss except whe || re translated using the closing rate. Non-monetary items measured at historical cost are translated using the exchange rate at the date of the transaction and non-monetary items measured at fair value are measured using the exchange rate when fair value was determined. || on-monetary items measured at fair value are measured using the exchange rate when fair value was determined. Foreign exchange gains and losses resulting from the settlement of transactions and from the translation at period-end exchange,not disclosed,"Mentions hedging (x1) | FX mentioned in P&L, no figure (x3) | Foreign currency transactions (x1)",,,not disclosed,unhedged,C,none evident,2004-08-18,London,,,BEN ELWES  LIMITED,05209456,Ben Elwes Limited is a fine art sales and commission business arranging the sale of artwork and paintings.,no,none,,W1G 0PW,X - no currency flow evident,xhtml,Going concern dependent on day-to-day cashflow management via overdraft and positive creditor relations; uncertain cashflow noted by directors.,8,82990,minimal,none found,
full,2025-10-31,accounts-with-accounts-type-total-exemption-full,"8 Tenkol House, Burgess Hill, West Sussex, RH15 9LH","Net liabilities £112,949 at 31 October 2025 vs £95,932 at 2024. Company in Company Voluntary Agreement since May 2023 with £196,083 creditor commitment. P&L account not disclosed. Accounts show no turnover figure; filed as full accounts with abridged P&L exemption.",BEACON FACILITIES MANAGEMENT LIMITED,voluntary-arrangement,high,not disclosed,,cannot estimate - no FX data disclosed,,not disclosed,,,,not disclosed,unhedged,D,none evident,2008-04-01,Burgess Hill,,,BEACON FACILITIES MANAGEMENT LIMITED,06551750,Beacon Facilities Management Limited provides facilities management services in the United Kingdom.,no,none,,RH15 9LH,X - no currency flow evident,xhtml,Net liabilities position. Company Voluntary Agreement in place (entered 25 May 2023). Going concern reliant on creditor support. No profit and loss account included in filing.,0,80100,minimal,"Company Voluntary Agreement entered 25 May 2023, with £196,083 outstanding to creditors, anticipated completion before 25 May 2027. Net liabilities increased from £95,932 (2024) to £112,949 (2025).",
full,2025-03-31,accounts-with-accounts-type-total-exemption-full,"Suite 6, Victoria House St. Johns Road, Durham, County Durham, DH7 8XL",Accounts filed as abridged - no P&L or turnover disclosed. No FX gains/losses stated. No hedging instruments identified. No geographic or export data provided.,NATIONWIDE BRICKWORK LIMITED,voluntary-arrangement,high,not disclosed,,cannot estimate - no FX data disclosed,.notesSubSection{ margin-left: 1em;}.subRow td:first-child{ padding-left: 1em;}th.oneWordPerLine { text-align: center !important; vertical-align: bottom; word-spacing: 100vw;}th.noWrap { text-align: left !important; vertical-align: bottom; white-space: nowrap;}th.toBottom { text-ali,not disclosed,Imports/exports mentioned (x3),,,not disclosed,unhedged,D,none evident,2015-03-26,Durham,,,NATIONWIDE BRICKWORK LIMITED,09511767,Nationwide Brickwork Limited manufactures and supplies brickwork products.,no,none,,DH7 8XL,X - no currency flow evident,xhtml,none,2,41202,unclear,none found,
full,2024-10-29,accounts-with-accounts-type-total-exemption-full,"Suite 1d Widford Business Centre, Chelmsford, Essex, CM1 3AG","Company has elected small company exemption under Companies Act 2006 section 444(1) and has not filed a profit and loss account. No turnover, FX activity, or financial metrics are disclosed in these accounts.",LEWIS MANAGEMENT LIMITED,voluntary-arrangement,high,not disclosed,,cannot estimate - no FX data disclosed,,not disclosed,,,,not disclosed,unhedged,D,none evident,2010-11-23,Chelmsford,,,LEWIS MANAGEMENT LIMITED,07448895,not disclosed,no,none,,CM1 3AG,X - no currency flow evident,xhtml,none,0,70229,unclear,none found,
full,2025-11-30,accounts-with-accounts-type-total-exemption-full,"Unit 48 Easton Business Centre, Bristol, BS5 0HE",Accounts are abridged - no profit and loss account filed. No exchange gains/losses stated. No currencies named. No hedging instruments evident. Directors have unsecured loans on demand at commercial rates.,ENVIRODEC SW LIMITED,voluntary-arrangement,high,not disclosed,,cannot estimate - no FX data disclosed,.notesSubSection{ margin-left: 1em;}.subRow td:first-child{ padding-left: 1em;}th.oneWordPerLine { text-align: center !important; vertical-align: bottom; word-spacing: 100vw;}th.noWrap { text-align: left !important; vertical-align: bottom; white-space: nowrap;}th.toBottom { text-ali,not disclosed,Imports/exports mentioned (x3),,,not disclosed,unhedged,D,none evident,2012-11-19,Bristol,,,ENVIRODEC SW LIMITED,08297455,not disclosed - strategic report and business description not provided in accounts text,no,none,,BS5 0HE,X - no currency flow evident,xhtml,Abridged accounts filed - full financial position opaque. Regex pre-scan score 2 with imports/exports mentioned but no substantive FX or trading data disclosed in accounts text provided.,2,43341,unclear,none found,
full,2024-12-31,accounts-with-accounts-type-total-exemption-full,"Unit 3c Deacon Est, Aylesford Maidstone, Kent, ME20 7SP",Furniture manufacturer under CVA from December 2023. No FX gains/losses disclosed. No hedging instruments evident. Functional currency sterling only.,REDDINGTON JORDAN LIMITED,voluntary-arrangement,high,not disclosed,,cannot estimate - no FX data disclosed,,not disclosed,,,,not disclosed,unhedged,D,none evident,1983-10-20,Aylesford Maidstone,,,REDDINGTON JORDAN LIMITED,01763120,Manufacture of furniture.,no,none,,ME20 7SP,X - no currency flow evident,xhtml,Company Voluntary Agreement in place since 20 December 2023 with £2.1m CVA liabilities included in current creditors. CVA failure triggers immediate full repayment. Going concern dependent on return to profit via cost-cutting; no FX data suggests minimal international activity despite CVA/distress context.,0,31090,minimal,Company entered into five-year CVA on 20 December 2023; £1.7m of liabilities eligible for write-off if CVA completes December 2028.,
full,2024-12-31,accounts-with-accounts-type-total-exemption-full,"61 Boucher Crescent, Belfast, Antrim, BT12 6HU",Company is under CVA (entered 20 Dec 2023) with £1.7m of CVA liabilities included in current payables. No foreign exchange data disclosed in accounts. No hedging instruments evident. Accounts are abridged (small/micro company format) with no P&L or geographic detail.,SLIDEROBES GROUP LIMITED,voluntary-arrangement,high,not disclosed,,cannot estimate - no FX data disclosed,,not disclosed,,,,not disclosed,unhedged,D,none evident,1984-04-16,Belfast,,,SLIDEROBES GROUP LIMITED,NI017409,Sliderobes Group Limited is a bedroom storage specialist manufacturer and retailer.,no,none,,BT12 6HU,X - no currency flow evident,xhtml,"Going concern basis applied but contingent on CVA success; if CVA fails, £1.7m liabilities due immediately in full. Company in formal insolvency procedure (CVA). No revenue figure disclosed due to abridged filing format.",0,82990,minimal,Company entered into five-year CVA on 20 December 2023 with approximately £1.3m liability write-off if completed in December 2028; director states company returned to profit following significant cost-cutting exercise.,
full,2025-07-31,accounts-with-accounts-type-total-exemption-full,"Radius House First Floor, Watford, WD17 1HP","Accounts are abridged with P&L not filed. No exchange gains/losses, currency exposure, or hedging activity disclosed. Going concern statement present.",CITISCAPE LIMITED,voluntary-arrangement,high,not disclosed,,cannot estimate - no FX data disclosed,x; font-weight:normal; font-style:normal; padding-left:2px;padding-right:2px;} body &gt; div {height: 1025px !important; margin-left: -50px !important; border: none !important; } body &gt; div:first-child {height: 1017px !important; margin-left: -50px !importa,not disclosed,Imports/exports mentioned (x16),,,not disclosed,unhedged,D,none evident,2007-07-24,Watford,,,CITISCAPE LIMITED,06322685,not disclosed,no,none,,WD17 1HP,X - no currency flow evident,xhtml,none,2,41201,unclear,none found,
full,2025-03-31,accounts-with-accounts-type-total-exemption-full,"17 East Walk, Bristol, BS37 4AP",,TRIANGLE FITNESS BRISTOL LTD,voluntary-arrangement,none,,no readable text,,,,,,,,unknown,,,2010-03-04,Bristol,,,TRIANGLE FITNESS BRISTOL LTD,07177705,,,none,accounts/TRIANGLE_FITNESS_BRISTOL_LTD_07177705.pdf,BS37 4AP,X - no currency flow evident,"scanned pdf, pytesseract not installed",,,93130,,,
full,2025-07-30,accounts-with-accounts-type-total-exemption-full,"940 Green Lanes, London, N21 2AD",Income Statement not delivered to registrar under Section 444 Companies Act 2006 (small company exemption). Company Voluntary Arrangement entered 11 January 2021. No FX exposure or hedging activity evident.,TLC CARE HOMES (YORKSHIRE) LIMITED,voluntary-arrangement,high,not disclosed,,cannot estimate - no FX data disclosed,,not disclosed,,,,not disclosed,unhedged,D,none evident,2009-02-25,London,,,TLC CARE HOMES (YORKSHIRE) LIMITED,06830111,TLC Care Homes (Yorkshire) Limited operates residential care homes in Yorkshire.,no,none,,N21 2AD,X - no currency flow evident,xhtml,Company Voluntary Arrangement with creditors (11 January 2021) - insolvency/restructuring signal.,0,87900,minimal,Company entered into a Company Voluntary Arrangement with Creditors on 11 January 2021.,
small,2026-08-30,accounts-with-accounts-type-unaudited-abridged,"2nd Floor 277-279 Bethnal Green Road, London, E2 6AH",,DYY LIMITED,voluntary-arrangement,low,,"small/abridged filing - little to read, brief skipped; qualify by phone",,,,,,,,unknown,D,,2013-11-13,London,,,DYY LIMITED,08774081,,,none,,E2 6AH,X - no evidence,xhtml,,0,49410,,,
full,2024-12-30,accounts-with-accounts-type-total-exemption-full,"Vaughan Chambers, Vaughan Road, Hertfordshire, AL5 4EE","Company entered CVA on 27 July 2017 with liabilities exceeding total assets at year-end. Not a going concern at 30 December 2024. No income statement, turnover, FX activity, or hedging instruments disclosed in accounts.",PRIMUS BUILD LIMITED,voluntary-arrangement,high,not disclosed,,cannot estimate - no FX data disclosed,,not disclosed,,,,not disclosed,unhedged,D,none evident,2007-01-22,Hertfordshire,,,PRIMUS BUILD LIMITED,06060123,Primus Build Limited is a construction or building services company operating under a Company Voluntary Arrangement since 2017.,no,none,,AL5 4EE,X - no currency flow evident,xhtml,Going concern: company explicitly stated not to be a going concern at balance sheet date. Liabilities exceed assets. CVA ongoing with uncertain final outcome.,0,"41100, 41201, 41202, 70100",minimal,Company in ongoing CVA since 27 July 2017 (terms varied 26 February 2019). Company was not a going concern at 30 December 2024 balance sheet date.,
full,2025-09-30,accounts-with-accounts-type-total-exemption-full,"3 Bayview Terrace, Londonderry, BT48 7EE","Company entered CVA on 20 October 2023 as formal insolvency procedure. No turnover figure disclosed in accounts. No FX gains/losses, hedging instruments, or currency exposures stated.",NEWTOWNSTEWART CONSTRUCTION LIMITED,voluntary-arrangement,high,not disclosed,,cannot estimate - no FX data disclosed,"struments are subsequently measured at fair value, with any changes recognised in profit or loss, with the exception of hedging instruments in a designated hedging relationship. Financial assets that are measured at cost or amortised cost are reviewed for obj",not disclosed,Mentions hedging (x2),,,not disclosed,unhedged,C,none evident,1983-10-25,Londonderry,,,NEWTOWNSTEWART CONSTRUCTION LIMITED,NI017005,Construction company operating in Northern Ireland.,no,none,,BT48 7EE,X - no currency flow evident,xhtml,"yes - Company Voluntary Arrangement (CVA) in place since 20 October 2023; formal insolvency restructuring procedure. Going concern assessed by directors as viable under CVA terms, subject to ongoing supervisor monitoring.",4,41201,minimal,Company Voluntary Arrangement (CVA) entered 20 October 2023. Under formal insolvency procedure with debt restructuring and scheduled repayment plan; continuing to trade and meet CVA obligations.,
small,2026-08-03,accounts-with-accounts-type-unaudited-abridged,"5 Merlewood, Bracknell, RG12 9PA",,ARISKA LIMITED,voluntary-arrangement,low,,"small/abridged filing - little to read, brief skipped; qualify by phone",,"b, strong { font-weight: bold; } table { border-spacing: 10px; } .text--left { text-align: left !important; } .text--center { text-align: center!important; } .text--right { text-align: right !important; } .strong { font-weight: bold; } .center {",,Imports/exports mentioned (x3),,,,unknown,D,,2014-10-27,Bracknell,,,ARISKA LIMITED,09281302,,,none,,RG12 9PA,X - no evidence,xhtml,,2,53201,,,
full,2025-09-30,accounts-with-accounts-type-total-exemption-full,"21 Windmill Business Park, Saintfield, Down, BT24 7DX","Accounts filed as small company exemption with Income Statement not delivered under Section 444 Companies Act 2006. No FX activity, currency exposure, or hedging disclosed in available extract.",AI HOMECARE GROUP LTD,voluntary-arrangement,high,not disclosed,,cannot estimate - no FX data disclosed,,not disclosed,,,,not disclosed,unhedged,D,none evident,2019-09-16,Saintfield,,,AI HOMECARE GROUP LTD,NI664417,AI Homecare Group Ltd provides homecare services.,no,none,,BT24 7DX,X - no currency flow evident,xhtml,none,0,84120,minimal,none found,
unknown,2026-06-30,change-account-reference-date-company-previous-extended,"2 Kern House Brooms Road, Stone, Staffordshire, ST15 0TL",,TRIBAND CARE SERVICES LIMITED,voluntary-arrangement,none,,no readable text,,,,,,,,unknown,,,2017-04-20,Stone,,,TRIBAND CARE SERVICES LIMITED,10731792,,,none,accounts/TRIBAND_CARE_SERVICES_LIMITED_10731792.pdf,ST15 0TL,X - no evidence,"scanned pdf, pytesseract not installed",,,78200,,,
full,2025-12-31,accounts-with-accounts-type-total-exemption-full,"Haverton Hill Offshore Base, Stockton, Stockton-On-Tees, TS23 1PZ","Negative total reserves of £104,938. In Creditors Voluntary Arrangement since 15 October 2024. Income statement not filed - abridged accounts only. No FX derivatives or hedging instruments disclosed.",LAST MILE LOGISTIC SOLUTIONS LIMITED,voluntary-arrangement,high,not disclosed,,cannot estimate - no FX data disclosed,,not disclosed,,,,not disclosed,unhedged,D,none evident,2019-01-14,Stockton,,,LAST MILE LOGISTIC SOLUTIONS LIMITED,11764441,Last Mile Logistic Solutions Limited provides logistics and last-mile delivery services.,no,none,,TS23 1PZ,X - no currency flow evident,xhtml,"Negative equity of £104,938. Creditors Voluntary Arrangement active. Going concern qualification - continuation depends entirely on director and creditor forbearance. Material restructuring underway.",0,"49410, 52103",minimal,"Company entered Creditors Voluntary Arrangement on 15 October 2024 with £410,000 liability and £72,000 paid contributions in the year. Going concern depends on continued director and creditor support.",
micro,2025-10-31,accounts-with-accounts-type-micro-entity,"Welton Motor Engineers, Lincoln, LN5 8RG",,WELTON MOTOR ENGINEERS LIMITED,voluntary-arrangement,none,,"micro accounts - no useful disclosure, skipped",,,,,,,,unknown,,,2007-10-22,Lincoln,,,WELTON MOTOR ENGINEERS LIMITED,06405598,,,none,,LN5 8RG,X - no evidence,,,,45200,,,
,,,"02151416 - COMPANIES HOUSE DEFAULT ADDRESS, Cardiff, CF14 8LH",,RAMM CONTRACT FURNISHING (EUROPE) LIMITED,voluntary-arrangement,low,,no accounts with document found,,,,,,,,unknown,,,1987-07-29,Cardiff,,,RAMM CONTRACT FURNISHING (EUROPE) LIMITED,02151416,,,none,,CF14 8LH,X - no evidence,,,,,,,
small,2026-07-15,accounts-with-accounts-type-unaudited-abridged,"Kw Group Drumhead Road, Chorley, Lancashire, PR6 7DE",,KW DESIGNED SOLUTIONS LTD,voluntary-arrangement,low,,"small/abridged filing - little to read, brief skipped; qualify by phone",,min-height: 750px; background-color:transparent; } .pagebreak { page-break-before:always } .pageno { display: none!important } .page-body { padding: 0; vertical-align: top } .page700 a { color:#000000; text-decoration:none; font-size: 16px; } .page700 a img { border-style:,,Imports/exports mentioned (x9),,,,unknown,D,,2004-10-06,Chorley,,,KW DESIGNED SOLUTIONS LTD,05252152,,,none,,PR6 7DE,X - no evidence,xhtml,,2,28990,,,
micro,2025-09-30,accounts-with-accounts-type-micro-entity,"Citadel Lodge 2a Elliot Street, Plymouth, Devon, PL1 2PP",,M W ACCESS SCAFFOLDING LTD,voluntary-arrangement,none,,"micro accounts - no useful disclosure, skipped",,,,,,,,unknown,,,2016-09-14,Plymouth,,,M W ACCESS SCAFFOLDING LTD,10373996,,,none,,PL1 2PP,X - no evidence,,,,43991,,,
full,2024-12-31,accounts-with-accounts-type-full,"49-63 Spencer Street, Birmingham, West Midlands, B18 6DE",,STEPHEN BETTS AND SONS LIMITED,voluntary-arrangement,none,,no readable text,,,,,,,,unknown,,,1978-09-20,Birmingham,,,STEPHEN BETTS AND SONS LIMITED,01390064,,,none,accounts/STEPHEN_BETTS_AND_SONS_LIMITED_01390064.pdf,B18 6DE,X - no currency flow evident,"scanned pdf, pytesseract not installed",,,38320,,,
full,2025-04-30,accounts-with-accounts-type-total-exemption-full,"Fosseway, Cheltenham, GL54 2EY","Accounts filed as small company exemption with no Income Statement delivered per s.444 Companies Act 2006. Bank overdraft 25,579. Director loan to company during year.",EDWARD GILDER & CO LIMITED,voluntary-arrangement,high,not disclosed,,cannot estimate - no FX data disclosed,,not disclosed,,,,not disclosed,unhedged,D,none evident,2001-02-02,Cheltenham,,,EDWARD GILDER & CO LIMITED,04153285,not disclosed,no,none,,GL54 2EY,X - no currency flow evident,xhtml,Going concern unverifiable - no P&L data disclosed. Bank borrowing outstanding.,0,49410,unclear,none found,
medium,2026-07-13,accounts-with-accounts-type-unaudited-abridged,"Gateway Business Centre Barncoose Gateway Park, Redruth, Cornwall, TR15 3RQ","Company has filed abridged accounts under section 444 exemption - no P&L or detailed financials disclosed. No FX exposure, hedging activity, or exchange gains/losses stated in filing.",BLUEFRUIT SOFTWARE LIMITED,voluntary-arrangement,medium,GBP - functional currency,,cannot estimate - no FX data disclosed,,not disclosed,,,,not disclosed,unhedged,D,none evident,2004-10-04,Redruth,,,BLUEFRUIT SOFTWARE LIMITED,05249561,Bluefruit Software Limited develops business and domestic software.,no,none,,TR15 3RQ,X - no currency flow evident,xhtml,none,0,62012,unclear,none found,
full,2025-03-31,accounts-with-accounts-type-total-exemption-full,"97 Bloomfield Road, Belfast, BT5 5LN","Balance sheet only; no P&L disclosed. Work in progress £123,050 (FY25) vs £130,050 (FY24). Client monies held £582,035 (FY25) vs £613,349 (FY24). Director elected not to include profit and loss account.",MCATEER & COMPANY LIMITED,voluntary-arrangement,high,not disclosed,,cannot estimate - no FX data disclosed,,not disclosed,,,,not disclosed,unhedged,D,none evident,2016-05-25,Belfast,,,MCATEER & COMPANY LIMITED,NI638684,not disclosed,no,none,,BT5 5LN,X - no currency flow evident,xhtml,none,0,69102,unclear,none found,
full,2025-05-14,accounts-with-accounts-type-total-exemption-full,"C/O Pkf Littlejohn Advisory Limited 4th Floor, Leeds, LS1 2HL","Company ceased trading 30 June 2023 and entered CVA 15 May 2024. No P&L disclosed. Net current liabilities £348,077 (2025) vs £273,547 (2024). No revenue, no FX activity, no hedging evident.",TRITURN LIMITED,voluntary-arrangement,high,not disclosed,,cannot estimate - no FX data disclosed,,not disclosed,,,,not disclosed,unhedged,D,none evident,2011-07-04,Leeds,,,TRITURN LIMITED,07691759,not disclosed,no,none,,LS1 2HL,X - no currency flow evident,xhtml,"Going concern: accounts prepared on break-up basis. Company insolvent - negative equity £348,077. Ceased trading June 2023. CVA in place. Not a live trading entity.",0,74990,minimal,Company ceased trading 30 June 2023. CVA entered 15 May 2024. Winding up in progress.,
full,2025-02-28,accounts-with-accounts-type-total-exemption-full,"151 Locksbridge Road, Andover, SP11 6WL","Company is micro-scale with net liabilities of £174,898 (FY25) and £314,485 (FY24). Unaudited accounts, no P&L statement filed. No revenue, FX activity, hedging instruments, or overseas operations disclosed.",FLAMELILY INDEPENDENT LIVING LTD,voluntary-arrangement,high,not disclosed,,cannot estimate - no FX data disclosed,,not disclosed,,,,not disclosed,unhedged,D,none evident,2017-02-06,Andover,,,FLAMELILY INDEPENDENT LIVING LTD,10601301,not disclosed,no,none,,SP11 6WL,X - no currency flow evident,xhtml,"Net liabilities position. Provisions for liabilities £281,987 (FY25) against total assets £140,464. Going concern not addressed in audit exemption letter. Principal activity not disclosed.",0,"86900, 87900, 88100",minimal,none found,
full,2023-12-31,accounts-with-accounts-type-total-exemption-full,"32-38 Leman Street, London, E1 8EW","Accounts are unaudited and abridged with no P&L statement filed. No revenue, FX activity, or trading data disclosed. Balance sheet shows £1.6m debtors against £877k current liabilities.",A.G.S CASTINGS LTD,voluntary-arrangement,high,not disclosed,,cannot estimate - no FX data disclosed,,not disclosed,,,,not disclosed,unhedged,D,none evident,2015-10-05,London,,,A.G.S CASTINGS LTD,09810710,A.G.S Castings Ltd is a casting manufacturing company registered in England and Wales.,no,none,,E1 8EW,X - no currency flow evident,xhtml,Abridged accounts filed with no profit and loss account delivered to Companies House. Going-concern status not addressed in filing. £500k long-term creditors against only £236k net assets indicates leveraged position.,0,82990,unclear,none found,
full,2024-12-31,accounts-with-accounts-type-total-exemption-full,"C/O Hodson Lewis First Floor, Abbotsgate House, Bury St Edmunds, Suffolk, IP32 7FA","Accounts filed as abridged under section 444(5A) Companies Act 2006. No P&L, turnover figure, FX activity, or currency exposure disclosed. Care services operator with UK incorporation.",ANN MASON CARE LTD,voluntary-arrangement,high,not disclosed,,cannot estimate - no FX data disclosed,,not disclosed,,,,not disclosed,unhedged,D,none evident,2014-07-21,Bury St Edmunds,,,ANN MASON CARE LTD,09140513,Ann Mason Care Ltd provides care services.,no,none,,IP32 7FA,X - no currency flow evident,xhtml,none,0,87900,minimal,none found,
full,2025-03-31,accounts-with-accounts-type-total-exemption-full,"York & Elder Works, Brighton, BN1 4AW",Company entered CVA 9 August 2024 compromising unsecured creditor balances. P&L not filed - abridged accounts only. No exchange gain/loss figures disclosed. Directors note material uncertainty over going concern despite preparing accounts on going concern basis.,BAILEY & FRENCH LTD,voluntary-arrangement,high,not disclosed,,cannot estimate - no FX data disclosed,.notesSubSection{ margin-left: 1em;}.subRow td:first-child{ padding-left: 1em;}th.oneWordPerLine { text-align: center !important; vertical-align: bottom; word-spacing: 100vw;}th.noWrap { text-align: left !important; vertical-align: bottom; white-space: nowrap;}th.toBottom { text-ali,not disclosed,Imports/exports mentioned (x3),,,not disclosed,unhedged,D,none evident,2014-03-26,Brighton,,,BAILEY & FRENCH LTD,08960092,Bailey & French Ltd is a company engaged in the sale of goods and rendering of services with international trade operations.,no,none,,BN1 4AW,X - no currency flow evident,xhtml,Going concern doubt explicitly stated. CVA entered 9 August 2024 indicates financial difficulty and insolvency proceeding. Company subject to Insolvency Act 1986 arrangement supervised by licensed insolvency practitioner.,2,78109,unclear,Company entered Creditor's Voluntary Arrangement on 9 August 2024 with unsecured creditor compromise and revised repayment terms approved by creditors.,
full,2025-07-31,accounts-with-accounts-type-total-exemption-full,"15 Roskear, Camborne, Cornwall, TR14 8DF","Accounts filed as small/abridged - no P&L, turnover, or exchange gain/loss figures disclosed. Bank debt 10,000 falling due within one year.",K C WARNE SERVICES LTD,voluntary-arrangement,high,not disclosed,,cannot estimate - no FX data disclosed,,not disclosed,,,,not disclosed,unhedged,D,none evident,2012-07-05,Camborne,,,K C WARNE SERVICES LTD,08131083,not disclosed,no,none,,TR14 8DF,X - no currency flow evident,xhtml,Abridged accounts filed; limited financial visibility. Bank borrowing present but immaterial in context.,0,81299,unclear,none found,
full,2024-12-31,accounts-with-accounts-type-total-exemption-full,"Lime House, Carlisle, CA5 7BX","No profit and loss account delivered to registrar. Net assets declined from £268,798 (2023) to £168,508 (2024). No exchange gains or losses disclosed in accounts.",GENWISE LIMITED,voluntary-arrangement,high,not disclosed,,cannot estimate - no FX data disclosed,,not disclosed,,,,not disclosed,unhedged,D,none evident,1984-08-01,Carlisle,,,GENWISE LIMITED,01837445,General secondary education provider operating in the UK.,no,none,,CA5 7BX,X - no currency flow evident,xhtml,"Net current liabilities of £389,801 (2024) indicate potential liquidity pressure. Significant increase in creditors from £628,173 to £865,105 year-on-year.",0,85310,minimal,none found,
micro,2025-11-14,accounts-with-accounts-type-micro-entity,"Office 4, Floor 2 Westgate House, Harlow, Essex, CM20 1YS",,RESTCARE LIMITED,voluntary-arrangement,none,,"micro accounts - no useful disclosure, skipped",,,,,,,,unknown,,,2020-11-15,Harlow,,,RESTCARE LIMITED,13020859,,,none,,CM20 1YS,X - no evidence,,,,"78200, 87300",,,
micro,2025-05-31,accounts-with-accounts-type-micro-entity,"Suite G1,Hartsbourne House, Watford, WD19 5EF",,ANGELS CARE HOME LTD,voluntary-arrangement,none,,"micro accounts - no useful disclosure, skipped",,,,,,,,unknown,,,2022-05-03,Watford,,,ANGELS CARE HOME LTD,14082779,,,none,,WD19 5EF,X - no evidence,,,,86900,,,
full,2025-03-31,accounts-with-accounts-type-total-exemption-full,"26 Hadley Wood Rise, Kenley, Surrey, CR8 5LY","Company has opted out of P&L delivery under s.444(1) Companies Act 2006. No FX gains/losses, currency exposures, hedging activity, or export/import figures disclosed in accounts.",ABL CARE LTD,voluntary-arrangement,high,not disclosed,,cannot estimate - no FX data disclosed,.notesSubSection{ margin-left: 1em;}.subRow td:first-child{ padding-left: 1em;}th.oneWordPerLine { text-align: center !important; vertical-align: bottom; word-spacing: 100vw;}th.noWrap { text-align: left !important; vertical-align: bottom; white-space: nowrap;}th.toBottom { text-ali,not disclosed,Imports/exports mentioned (x3),,,not disclosed,unhedged,D,none evident,2014-09-22,Kenley,,,ABL CARE LTD,09228505,ABL Care Ltd provides care services with international trade operations.,no,none,,CR8 5LY,X - no currency flow evident,xhtml,none,2,88100,unclear,none found,
full,2025-03-31,accounts-with-accounts-type-total-exemption-full,"Caring Focus Limited Brampton House, Newcastle, ST5 1ED","Caring Focus Limited filed unaudited accounts under small companies regime (FRS 102 Section 1A). No profit and loss account delivered to Registrar. No revenue, FX activity, or trading detail disclosed in filed statements.",CARING FOCUS LIMITED,voluntary-arrangement,high,not disclosed,,cannot estimate - no FX data disclosed,,not disclosed,,,,not disclosed,unhedged,D,none evident,2021-03-24,Newcastle,,,CARING FOCUS LIMITED,13289678,not disclosed,no,none,,ST5 1ED,X - no currency flow evident,xhtml,"Accounts abridged with P&L withheld from public record. Current liabilities doubled year-on-year (39,035 to 78,247). Long-term debt reduced (50,000 to 14,000) but net working capital halved (53,677 to 20,684). No principal activity description provided.",0,86900,minimal,none found,
full,2025-10-31,accounts-with-accounts-type-total-exemption-full,"46 Silverburn Drive, Derby, DE21 2JJ","Balance sheet only; no P&L filed. Net assets collapsed from £82,155 (2024) to £7,951 (2025). Current liabilities exceed current assets by £27,519. No turnover, FX exposure, or hedging data disclosed.",GUTU MIRROR LIMITED,voluntary-arrangement,high,not disclosed,,cannot estimate - no FX data disclosed,,not disclosed,,,,not disclosed,unhedged,D,none evident,2014-10-29,Derby,,,GUTU MIRROR LIMITED,09287182,not disclosed,no,none,,DE21 2JJ,X - no currency flow evident,xhtml,"Going-concern risk: net assets eroded 90% year-on-year; net current liabilities £27,519; cash declined from £116,903 to £69,124. Company filing as small companies regime with P&L exemption; no operational disclosure.",0,86900,unclear,none found,
full,2025-04-30,accounts-with-accounts-type-total-exemption-full,"6 Orgreave Place, Sheffield, S13 9LU","Net liabilities £177,167 at 30 April 2025 versus £144,285 prior year. No P&L disclosed. No FX activity, hedging, or currency exposure evident in accounts.",BLUEONE FACILITIES MANAGEMENT LTD,voluntary-arrangement,high,not disclosed,,cannot estimate - no FX data disclosed,,not disclosed,,,,not disclosed,unhedged,D,none evident,2017-04-27,Sheffield,,,BLUEONE FACILITIES MANAGEMENT LTD,10744512,Facilities management company incorporated in England and Wales.,no,none,,S13 9LU,X - no currency flow evident,xhtml,"Going concern issue: negative net assets of £177,167 with net current liabilities of £132,588. No P&L statement filed. Company is technically insolvent on a balance-sheet basis.",0,"81100, 81210",minimal,"Company in net liabilities position of £177,167 (2025) and £144,285 (2024), with deteriorating financial position year-on-year.",
micro,2024-12-30,accounts-with-accounts-type-micro-entity,"193 Carlisle Lane, London, SE1 7LH",,MUTE INTERNATIONAL LIMITED,voluntary-arrangement,none,,"micro accounts - no useful disclosure, skipped",,,,,,,,unknown,,,2015-12-07,London,,,MUTE INTERNATIONAL LIMITED,09905462,,,none,,SE1 7LH,X - no evidence,,,,"77110, 77390",,,
full,2025-03-30,accounts-with-accounts-type-full,"1st Floor, 50-51 Berwick Street, London, W1F 8SJ",,FRANCO MANCA 2 UK LIMITED,voluntary-arrangement,none,,no readable text,,,,,,,,unknown,,,2009-10-15,London,,,FRANCO MANCA 2 UK LIMITED,07045067,,,none,accounts/FRANCO_MANCA_2_UK_LIMITED_07045067.pdf,W1F 8SJ,X - no currency flow evident,"scanned pdf, pytesseract not installed",,,56101,,,
small,2026-01-09,accounts-with-accounts-type-unaudited-abridged,"32 Sussex Road, Southall, UB2 5EQ",,INFINITY CARE SERVICES LIMITED,voluntary-arrangement,low,,"small/abridged filing - little to read, brief skipped; qualify by phone",,"b, strong { font-weight: bold; } table { border-spacing: 10px; } .text--left { text-align: left !important; } .text--center { text-align: center!important; } .text--right { text-align: right !important; } .strong { font-weight: bold; } .center {",,Imports/exports mentioned (x3),,,,unknown,D,,2015-10-19,Southall,,,INFINITY CARE SERVICES LIMITED,09830405,,,none,,UB2 5EQ,X - no evidence,xhtml,,2,78200,,,
full,2026-03-31,accounts-with-accounts-type-total-exemption-full,"Mere Hall Farm Business Centre Bucklow Hill Lane, Knutsford, Cheshire, WA16 6LE","Profit and loss account not included in filing. Balance sheet shows intangible assets of £4.8m (patents, licences, development costs). No foreign exchange gains/losses disclosed. No hedging instruments mentioned. Bank debt £120.7k current, £0 non-current (down from £475.7k prior year).",STOPFORD LIMITED,voluntary-arrangement,high,not disclosed,,cannot estimate - no FX data disclosed,,not disclosed,,,,not disclosed,unhedged,D,none evident,1982-04-20,Knutsford,,,STOPFORD LIMITED,01630328,Stopford Limited is a UK software development and professional services company capitalising development costs and patents.,no,none,,WA16 6LE,X - no currency flow evident,xhtml,none,0,74909,minimal,none found,
full,2024-12-31,accounts-with-accounts-type-total-exemption-full,"Overton Garage, Dyce Aberdeen, AB21 0EQ","Parent company Overton Automotive Holdings Limited owns the business. No P&L disclosed; company took small companies audit exemption. Staff headcount down 19% year-on-year. Trade debtors collapsed 87% to £33,172.",OVERTON GARAGE LIMITED,voluntary-arrangement,high,not disclosed,,cannot estimate - no FX data disclosed,,not disclosed,,,,not disclosed,unhedged,D,none evident,1984-08-17,Dyce Aberdeen,,,OVERTON GARAGE LIMITED,SC089322,Overton Garage Limited operates a motor vehicle garage and repair business.,"yes - Overton Automotive Holdings Limited, UK",uk-holding,,AB21 0EQ,X - no currency flow evident,xhtml,none,0,"45112, 45320",minimal,"Workforce reduced from 48 to 39 employees (2023-2024). Trade debtors fell sharply from £248,506 to £33,172. Intercompany debt to parent company eliminated from £486,818 to £32,952.",
full,2025-10-31,accounts-with-accounts-type-total-exemption-full,"Floor 7, Dorset House, Bournemouth, BH1 3NE","Income statement not delivered to registrar under Section 444 Companies Act 2006. Accounts filed as abridged. No turnover, FX position, hedging activity, or currency exposure data disclosed.",KENSINGTON MINT LIMITED,voluntary-arrangement,high,not disclosed,,cannot estimate - no FX data disclosed,,not disclosed,,,,not disclosed,unknown,D,not disclosed,2021-10-13,Bournemouth,,,KENSINGTON MINT LIMITED,13676348,not disclosed,not disclosed,none,,BH1 3NE,X - no currency flow evident,xhtml,"Small company exemption used; full P&L withheld from public filing. Cannot assess financial health, solvency, or FX exposure.",0,47910,unclear,none found,
micro,2025-09-30,accounts-with-accounts-type-micro-entity,"This Is Milk Limited Suite 2/3, Glasgow, City Of Glasgow, G2 1BP",,THIS IS MILK LIMITED,voluntary-arrangement,none,,"micro accounts - no useful disclosure, skipped",,,,,,,,unknown,,,2013-04-02,Glasgow,,,THIS IS MILK LIMITED,SC446550,,,none,,G2 1BP,X - no evidence,,,,82110,,,
full,2024-09-30,accounts-with-accounts-type-total-exemption-full,"C/O Millward, May & Co, Wokingham, Berkshire, RG40 1XP","Income statement not delivered to registrar under Section 444 Companies Act 2006. Company filed abridged accounts. No FX exposures, hedging activity, or currency operations disclosed.",HAT AND HOME LIMITED,voluntary-arrangement,high,not disclosed,,cannot estimate - no FX data disclosed,,not disclosed,,,,not disclosed,unhedged,D,none evident,2020-09-28,Wokingham,,,HAT AND HOME LIMITED,12909441,Hat and Home Limited sells hats and home goods.,no,none,,RG40 1XP,X - no currency flow evident,xhtml,"Directors loan account £45,851 owed to directors at period end, interest-free and repayable on demand. Bank loans and overdrafts £23,347 outstanding. Abridged filing status limits visibility of full financial position.",0,68310,minimal,none found,
full,2025-11-30,accounts-with-accounts-type-total-exemption-full,"Hubspace Uk, 01 Meadlake Place, Egham, TW20 8HE","Company is in net liabilities position of £594,613 as at 30 November 2025. Current liabilities of £611,870 exceed current assets of £14,533. No turnover, FX gains/losses, or currency exposure disclosed in accounts filed.",WESTLAKE CARERS LTD,voluntary-arrangement,high,not disclosed,,cannot estimate - no FX data disclosed,Westlake Carers Ltd Accounts body { padding:0cm;margin:0cm !important; }.userPageBreak { page-break-after:always; }table { table-layout:fixed;border-collapse:collapse; }td { vertical-align:bottom;padding:inherit; }div { word-w,not disclosed,Imports/exports mentioned (x1),,,not disclosed,unhedged,D,none evident,2020-11-13,Egham,,,WESTLAKE CARERS LTD,13017398,Westlake Carers Ltd provides social work activities and care services.,no,none,,TW20 8HE,X - no currency flow evident,xhtml,"Going concern at risk: net liabilities of £594,613; current liabilities (£611,870) exceed current assets (£14,533) by £597,337; cash depleted from £59,730 to £6,374 year-on-year; director loans of £4,668 outstanding; company insolvent on balance sheet basis.",2,88100,minimal,"Net liabilities increased from £439,352 (FY24) to £594,613 (FY25). Employee headcount fell from 49 to 40.",
unknown,2025-03-29,change-account-reference-date-company-previous-extended,"The Stables Office Hall Garth Hotel & Country Club, Darlington, Co. Durham, DL1 3LU",,NORTH OF ENGLAND ESTATES LIMITED,voluntary-arrangement,none,,no readable text,,,,,,,,unknown,,,1934-05-07,Darlington,,,NORTH OF ENGLAND ESTATES LIMITED,00287831,,,none,accounts/NORTH_OF_ENGLAND_ESTATES_LIMITED_00287831.pdf,DL1 3LU,X - no evidence,"scanned pdf, pytesseract not installed",,,"55100, 68209",,,
unknown,2025-09-27,change-account-reference-date-company-previous-shortened,"Langley House, Borehamwood, WD6 4RT",,BAD EMPIRE LIMITED,voluntary-arrangement,none,,no readable text,,,,,,,,unknown,,,2017-09-12,Borehamwood,,,BAD EMPIRE LIMITED,10959304,,,none,accounts/BAD_EMPIRE_LIMITED_10959304.pdf,WD6 4RT,X - no evidence,"scanned pdf, pytesseract not installed",,,56101,,,
small,2011-06-24,accounts-with-accounts-type-total-exemption-small,"C/O Evelyn Partners Llp, London, EC2V 7BG",,PARTIAL ECLIPSE LIMITED,voluntary-arrangement,none,,no readable text,,,,,,,,unknown,,,2000-06-22,London,,,PARTIAL ECLIPSE LIMITED,04019832,,,none,accounts/PARTIAL_ECLIPSE_LIMITED_04019832.pdf,EC2V 7BG,X - no evidence,"scanned pdf, pytesseract not installed",,,82990,,,
full,2025-02-28,accounts-with-accounts-type-total-exemption-full,"1st Floor 49 Mowlem Street, London, E2 9HE","Operating profit 494,339 FY25. Subsidiary Paritas Limited Bahrain owed 323,889 to parent at year end. CVA process initiated post-year-end for creditor restructuring including tax arrears.",PARITAS RECRUITMENT LIMITED,voluntary-arrangement,high,not disclosed,,cannot estimate - no FX data disclosed,,not disclosed,,,,not disclosed,unhedged,C,none evident,2011-02-02,London,,,PARITAS RECRUITMENT LIMITED,07514631,Paritas Recruitment Limited is a recruitment services company.,no,none,,E2 9HE,X - no currency flow evident,xhtml,"Going-concern signal: CVA process initiated post-year-end to restructure creditor balances and HMRC taxation arrears. Bank loans and overdrafts 37,273.",0,78109,minimal,Company Voluntary Arrangement (CVA) process initiated post-year-end to restructure creditor balances including HMRC taxation arrears as at 28 February 2025.,"3,907,527"
full,2024-11-30,accounts-with-accounts-type-total-exemption-full,"Unit 9 Bridge View Park, Hull, HU4 7DW","Company filed unaudited abridged accounts with no P&L statement. Net liabilities of £131,232 (FY24) versus £139,731 (FY23). Bank overdraft £81,736 (FY24) versus credit position £42,187 (FY23).",ADVANCED CARE YORKSHIRE LIMITED,voluntary-arrangement,high,not disclosed,,cannot estimate - no FX data disclosed,,not disclosed,,,,not disclosed,unhedged,D,none evident,2011-11-04,Hull,,,ADVANCED CARE YORKSHIRE LIMITED,07836127,not disclosed,no,none,,HU4 7DW,X - no currency flow evident,xhtml,Net liabilities position. Bank overdraft deterioration. Small unaudited company with no revenue disclosure - insolvency risk signals present.,0,86900,minimal,none found,
micro,2024-10-31,accounts-with-accounts-type-micro-entity,"Unit 7 Blu-Ray House 58-62 Alexandra Road, Enfield, EN3 7EH",,MARIAMA CARE LTD,voluntary-arrangement,none,,"micro accounts - no useful disclosure, skipped",,,,,,,,unknown,,,2011-10-07,Enfield,,,MARIAMA CARE LTD,07801802,,,none,,EN3 7EH,X - no evidence,,,,86101,,,
full,2025-11-30,accounts-with-accounts-type-total-exemption-full,"Suite 13, Leavesden Park 5 Hercules Way, Watford, Hertfordshire, WD25 7GS","Net liabilities of £808,102 at 30 Nov 2025 versus £452,664 at 30 Nov 2024. No P&L disclosed - profit/loss figure not stated. No foreign exchange gains or losses disclosed. No hedging instruments held or referenced. Functional currency GBP only; no overseas transaction exposure apparent.",TAYLIST MEDIA LIMITED,voluntary-arrangement,high,GBP only - stated as functional currency,,cannot estimate - no FX data disclosed,,not disclosed,,,,not disclosed,unhedged,D,none evident,2008-11-07,Watford,,,TAYLIST MEDIA LIMITED,06743545,"Professional services company providing contractual services to customers, likely media or consulting focused based on company name.",no,none,,WD25 7GS,X - no currency flow evident,xhtml,"Going concern statement qualified by reference to post-year CVA arrangement. Net liabilities position. Current liabilities £1,238,378 exceed current assets £638,851 by £599,527. Prior period adjustment writing off £633,081 of other debtors as unrecoverable. Director elected not to file P&L, limiting transparency.",0,58142,minimal,"Company entered into corporate voluntary arrangement post year-end due to continued difficult trading conditions. Net liabilities increased from £452,664 (FY24) to £808,102 (FY25).",
full,2025-08-31,accounts-with-accounts-type-total-exemption-full,"6 Gramapol House, London, SW16 2AD","Net liabilities £225,851 (2025) vs £232,580 (2024). CVA arrangement effective 24 July 2024 with £167,691 remaining payable. P&L not filed; accounts are filleted/abridged.",FABULOUS BEYOND PRODUCTIONS LTD,voluntary-arrangement,high,not disclosed,,cannot estimate - no FX data disclosed,,not disclosed,,,,not disclosed,unhedged,D,none evident,2019-08-01,London,,,FABULOUS BEYOND PRODUCTIONS LTD,12133036,not disclosed,no,none,,SW16 2AD,X - no currency flow evident,xhtml,"Negative net liabilities £225,851. Active Company Voluntary Arrangement with creditors. Cash position minimal (£39). Going concern dependent on CVA compliance.",0,"90010, 90020, 93290",minimal,"Company Voluntary Arrangement (CVA) approved 24 July 2024; £167,691 CVA debt outstanding at 31 August 2025.",
small,2025-12-15,accounts-with-accounts-type-unaudited-abridged,"Optima Logistics, Middlewich, Cheshire, CW10 0TE",,OPTIMA LOGISTICS LIMITED,voluntary-arrangement,low,,"small/abridged filing - little to read, brief skipped; qualify by phone",,"b, strong { font-weight: bold; } table { border-spacing: 10px; } .text--left { text-align: left !important; } .text--center { text-align: center!important; } .text--right { text-align: right !important; } .strong { font-weight: bold; } .center {",,Imports/exports mentioned (x3),,,,unknown,D,,2010-01-05,Middlewich,,,OPTIMA LOGISTICS LIMITED,07116811,,,none,,CW10 0TE,X - no evidence,xhtml,,2,"49410, 52103",,,
full,2025-05-30,accounts-with-accounts-type-total-exemption-full,"Westgate House, Loughborough, Leicestershire, LE11 2EH","CVA approved 30 March 2026 restructuring £649,500 debt over 5 years with escalating monthly payments (£2,500 months 1-3, £10,000 months 4-12, £11,500 months 13-60). Material going-concern uncertainty explicitly disclosed. No P&L, turnover, FX gains/losses, or hedging activity disclosed in financial statements.",ED LOCK LIMITED,voluntary-arrangement,high,not disclosed,,cannot estimate - no FX data disclosed,"struments are subsequently measured at fair value, with any changes recognised in profit or loss, with the exception of hedging instruments in a designated hedging relationship. Financial assets that are measured at cost or amortised cost are reviewed for obj",not disclosed,Mentions hedging (x2),,,not disclosed,unhedged,C,none evident,2007-06-05,Loughborough,,,ED LOCK LIMITED,06270056,Ed Lock Limited is a company engaged in the sale of goods with operations involving international transactions.,no,none,,LE11 2EH,X - no currency flow evident,xhtml,Going-concern doubt material and explicit. Company Voluntary Arrangement indicates financial distress and insolvency restructuring. Going concern contingent on strict CVA compliance and achievement of forecasted results.,4,96090,unclear,"Company Voluntary Arrangement (CVA) approved 30 March 2026 to restructure historical debts of £649,500 over 5 years. Material going-concern uncertainty disclosed dependent on CVA compliance and forecasted trading results.",
unknown,2025-06-30,change-account-reference-date-company-previous-shortened,"2 Middlethorpe Business Park Sim Balk Lane, York, YO23 2BD",,COLLECTIVE EVENTS LTD,voluntary-arrangement,none,,no readable text,,,,,,,,unknown,,,2020-08-13,York,,,COLLECTIVE EVENTS LTD,12809642,,,none,accounts/COLLECTIVE_EVENTS_LTD_12809642.pdf,YO23 2BD,X - no evidence,"scanned pdf, pytesseract not installed",,,93290,,,
full,2025-03-29,accounts-with-accounts-type-total-exemption-full,"Suite 9, Normanby Gateway, Scunthorpe, DN15 9YG","Company filed abridged accounts with Income Statement omitted under s.444 Companies Act 2006. Bank loans and overdrafts 42,565. No FX activity disclosed.",OCG LEGAL LTD,voluntary-arrangement,high,not disclosed,,cannot estimate - no FX data disclosed,,not disclosed,,,,not disclosed,unhedged,D,none evident,2010-03-17,Scunthorpe,,,OCG LEGAL LTD,07192177,OCG Legal Ltd provides legal services.,no,none,,DN15 9YG,X - no currency flow evident,xhtml,none,0,"69102, 69109",minimal,none found,
full,2025-04-30,accounts-with-accounts-type-total-exemption-full,"Cole Ironcraft Limited, Canterbury, Kent, CT2 7JJ","not disclosed - abridged accounts with no principal activity statement, no P&L, no turnover, no FX disclosures, no export data",COLE IRONCRAFT LIMITED,voluntary-arrangement,high,not disclosed,,cannot estimate - no FX data disclosed,,not disclosed,,,,not disclosed,unhedged,D,none evident,1962-05-09,Canterbury,,,COLE IRONCRAFT LIMITED,00723575,not disclosed,no,none,,CT2 7JJ,X - no currency flow evident,xhtml,none,0,25990,unclear,none found,
micro,2024-11-30,accounts-with-accounts-type-micro-entity,"149 Spon Lane, West Bromwich, B70 6AS",,SARAC HOTELS LIMITED,voluntary-arrangement,none,,"micro accounts - no useful disclosure, skipped",,,,,,,,unknown,,,2003-08-13,West Bromwich,,,SARAC HOTELS LIMITED,04864787,,,none,,B70 6AS,X - no evidence,,,,55100,,,
full,2025-06-30,accounts-with-accounts-type-total-exemption-full,"Unit 10 Fraserfields Way, Leighton Buzzard, Bedfordshire, LU7 3RE","Balance sheet shows stock increased from £689,250 to £1,175,255 year-on-year. Profit and loss account not filed (filed abridged). Company holds no hedging instruments. Foreign currency policy stated but no exchange gains/losses reported.",WOWBOXME LIMITED,voluntary-arrangement,high,not disclosed,,cannot estimate - no FX data disclosed,,not disclosed,,,,not disclosed,unhedged,D,none evident,2016-06-07,Leighton Buzzard,,,WOWBOXME LIMITED,10217721,"WOWBOXME LIMITED is a trading company that sells goods, with operations involving foreign currency transactions.",no,none,,LU7 3RE,X - no currency flow evident,xhtml,none,0,47910,minimal,none found,
full,2025-11-30,accounts-with-accounts-type-total-exemption-full,"101 Lockhurst Lane Lockhurst Lane, Coventry, CV6 5SF",Company has opted not to deliver Profit and Loss Account to registrar under section 444(1) Companies Act 2006. No exchange gains/losses disclosed. No hedging instruments identified.,BLUEWOOD CARE LIMITED,voluntary-arrangement,high,not disclosed,,cannot estimate - no FX data disclosed,.notesSubSection{ margin-left: 1em;}.subRow td:first-child{ padding-left: 1em;}th.oneWordPerLine { text-align: center !important; vertical-align: bottom; word-spacing: 100vw;}th.noWrap { text-align: left !important; vertical-align: bottom; white-space: nowrap;}th.toBottom { text-ali,not disclosed,Imports/exports mentioned (x3),,,not disclosed,unhedged,D,none evident,2016-11-15,Coventry,,,BLUEWOOD CARE LIMITED,10478124,Bluewood Care Limited provides care services.,no,none,,CV6 5SF,X - no currency flow evident,xhtml,Accounts abridged with P&L omitted - limited financial transparency available.,2,"55900, 78200, 86900, 87900",minimal,none found,
full,2025-07-31,accounts-with-accounts-type-total-exemption-full,"20 Mulberry Court Bourne Road, Crayford, DA1 4BF","Accounts filed as abridged with no P&L statement delivered to registrar. No exchange gains/losses, currency exposure, hedging activity, or export/import figures disclosed. Turnover not stated.",COMPLETE PROTECTION SERVICES LIMITED,voluntary-arrangement,high,not disclosed,,cannot estimate - no FX data disclosed,.notesSubSection{ margin-left: 1em;}.subRow td:first-child{ padding-left: 1em;}th.oneWordPerLine { text-align: center !important; vertical-align: bottom; word-spacing: 100vw;}th.noWrap { text-align: left !important; vertical-align: bottom; white-space: nowrap;}th.toBottom { text-ali,not disclosed,Imports/exports mentioned (x3),,,not disclosed,unhedged,D,none evident,2015-07-28,Crayford,,,COMPLETE PROTECTION SERVICES LIMITED,09705379,Complete Protection Services Limited provides security and protection services with international trade operations.,no,none,,DA1 4BF,X - no currency flow evident,xhtml,none,2,"46342, 61900, 77390, 80100",unclear,none found,
full,2025-03-31,accounts-with-accounts-type-total-exemption-full,"Fora, London, Greater London, SE1 6FP","Company is in technical insolvency with net liabilities of £729,775 (FY25) and £727,287 (FY24). No P&L disclosed. No FX activity, hedging, or currency exposure documented.",FAT BEEHIVE LIMITED,voluntary-arrangement,high,not disclosed,,cannot estimate - no FX data disclosed,,not disclosed,,,,not disclosed,unhedged,D,none evident,1998-08-03,London,,,FAT BEEHIVE LIMITED,03608544,Professional services company providing contractual hourly staff services and related work.,no,none,,SE1 6FP,X - no currency flow evident,xhtml,"Net liabilities £729,775. Current liabilities £655,224 exceed current assets £375,468 by £279,756. Going concern status not addressed in accounts. Directors' loan guarantee indicates financial stress.",0,"62020, 62090, 63110",minimal,"Headcount reduced from 32 to 25 employees. Net liabilities increased slightly to £729,775.",
full,2025-03-31,accounts-with-accounts-type-total-exemption-full,"91 Isandula Road, Nottingham, NG7 7ER","Accounts filed as abridged - no P&L, turnover, or FX data disclosed. Community care solutions provider with no evidence of FX exposure or hedging activity in filing.",SPRINGS OF JOY CARE SOLUTION (SOJ) C.I.C.,voluntary-arrangement,high,not disclosed,,cannot estimate - no FX data disclosed,ld; } table { border-spacing: 10px; } .text--left { text-align: left !important; } .text--center { text-align: center!important; } .text--right { text-align: right !important; } .strong {,not disclosed,Imports/exports mentioned (x3),,,not disclosed,unhedged,D,none evident,2013-12-18,Nottingham,,,SPRINGS OF JOY CARE SOLUTION (SOJ) C.I.C.,08819749,Provision of community care solutions.,no,none,,NG7 7ER,X - no currency flow evident,xhtml,none,2,"86101, 87900, 88100",minimal,none found,"1,516,445"
micro,2025-09-30,accounts-with-accounts-type-micro-entity,"3 Johnsons Barns, Sheet, Hampshire, GU32 2BY",,WHITE ROSE GARAGES ONE LIMITED,voluntary-arrangement,none,,"micro accounts - no useful disclosure, skipped",,,,,,,,unknown,,,2019-09-04,Sheet,,,WHITE ROSE GARAGES ONE LIMITED,12188107,,,none,,GU32 2BY,X - no evidence,,,,45200,,,
full,2025-06-30,accounts-with-accounts-type-total-exemption-full,"25 Shirleys, Hassocks, BN6 8UD",Company in CVA since June 2017 with negative reserves. All UK staff redundant April 2017. No P&L disclosed (abridged accounts). Continuing obligations to overseas clients only; no FX hedging evident.,WIND PROSPECT LIMITED,voluntary-arrangement,high,not disclosed,,cannot estimate - no FX data disclosed,.notesSubSection{ margin-left: 1em;}.subRow td:first-child{ padding-left: 1em;}th.oneWordPerLine { text-align: center !important; vertical-align: bottom; word-spacing: 100vw;}th.noWrap { text-align: left !important; vertical-align: bottom; white-space: nowrap;}th.toBottom { text-ali,not disclosed,Imports/exports mentioned (x3),,,not disclosed,unhedged,D,none evident,1995-01-18,Hassocks,,,WIND PROSPECT LIMITED,03011376,Wind Prospect Limited operates in renewable energy project development with overseas client obligations following withdrawal from the UK onshore renewables market.,"yes - Wind Prospect Group Limited, UK",uk-holding,,BN6 8UD,X - no currency flow evident,xhtml,Company in formal CVA arrangement with negative reserves. Going concern depends entirely on realisation of group development assets. Material restructuring and market withdrawal completed 2017. No P&L transparency (abridged filing).,2,35110,minimal,Company entered CVA (Creditors' Voluntary Arrangement) 07 June 2017. All UK employees made redundant April 2017 following cessation of onshore renewables support. Company continues fulfilling obligations to overseas clients only.,
micro,2026-03-31,accounts-with-accounts-type-micro-entity,"18c Downfield, Blandford Forum, Dorset, DT11 0NE",,MAC TRANSPORT (UK) LIMITED,voluntary-arrangement,none,,"micro accounts - no useful disclosure, skipped",,,,,,,,unknown,,,2002-07-14,Blandford Forum,,,MAC TRANSPORT (UK) LIMITED,04485484,,,none,,DT11 0NE,X - no evidence,,,,"45112, 45200, 45320",,,
full,2025-06-29,accounts-with-accounts-type-total-exemption-full,"39/40 Upper Grosvenor Street, London, W1K 2NG",Income statement not delivered under Section 444 Companies Act 2006. Company in creditors voluntary arrangement since October 2019. No FX exposure or hedging activity disclosed.,BROOKE HOMES DEVELOPMENTS LIMITED,voluntary-arrangement,high,not disclosed,,cannot estimate - no FX data disclosed,,not disclosed,,,,not disclosed,unhedged,D,none evident,2005-03-19,London,,,BROOKE HOMES DEVELOPMENTS LIMITED,05399298,Brooke Homes Developments Limited is a residential property development company.,no,none,,W1K 2NG,X - no currency flow evident,xhtml,"Company in creditors voluntary arrangement (October 2019). Going concern dependent on continued director support. Director loan of £1,995,260 due within one year with no disclosed repayment mechanism.",0,41100,minimal,"Company entered creditors voluntary arrangement in October 2019. Director's loan account of £1,995,260 due within one year.",
full,2025-05-31,accounts-with-accounts-type-total-exemption-full,"Elfed House Oak Tree Court, Cardiff, CF23 8RS","Company filed abridged accounts with P&L not delivered to registrar. Net current liabilities £241,397 and net liabilities £652,369 as at 31 May 2025. Company Voluntary Arrangement entered into during year. No FX gains or losses disclosed. Sterling is functional currency; foreign currency transactions are translated at transaction date rates.",HUNGRY BEAR GAMING LIMITED,voluntary-arrangement,high,GBP (Sterling - functional and presentational currency),,cannot estimate - no FX data disclosed,,not disclosed,,,,not disclosed,unhedged,D,none evident,2019-05-02,Cardiff,,,HUNGRY BEAR GAMING LIMITED,11976489,Hungry Bear Gaming Limited develops games and earns revenue shares from game-related services.,no,none,,CF23 8RS,X - no currency flow evident,xhtml,"Company has net liabilities of £652,369 and net current liabilities of £241,397. Company Voluntary Arrangement (formal restructuring) entered into during the year. Going concern qualification present (director concluded sufficient cash will be generated to meet liabilities).",0,58210,minimal,"Company entered into a Company Voluntary Arrangement during the year. Net liabilities of £652,369 at 31 May 2025.",
small,2026-02-23,accounts-with-accounts-type-unaudited-abridged,"Belfry House, Hertford, Hertfordshire, SG14 1BP",,ROCK & CO. GRANITE LIMITED,voluntary-arrangement,low,,"small/abridged filing - little to read, brief skipped; qualify by phone",,,,,,,,unknown,D,,2008-05-06,Hertford,,,ROCK & CO. GRANITE LIMITED,06584527,,,none,,SG14 1BP,X - no evidence,xhtml,,0,32990,,,
small,2026-03-31,accounts-with-accounts-type-unaudited-abridged,"7 Smith Close, Aylesbury, Buckinghamshire, HP20 1JX",,LIVING HORIZON LTD,voluntary-arrangement,low,,"small/abridged filing - little to read, brief skipped; qualify by phone",,"b, strong { font-weight: bold; } table { border-spacing: 10px; } .text--left { text-align: left !important; } .text--center { text-align: center!important; } .text--right { text-align: right !important; } .strong { font-weight: bold; } .center {",,Imports/exports mentioned (x3),,,,unknown,D,,2012-05-18,Aylesbury,,,LIVING HORIZON LTD,08074243,,,none,,HP20 1JX,X - no evidence,xhtml,,2,88100,,,
full,2025-03-31,accounts-with-accounts-type-total-exemption-full,"Woodhead House Woodhead House, Centre 27 Business Park, Birstall, West Yorkshire, WF17 9TD",Company has opted not to deliver P&L account to registrar under section 444(1) Companies Act 2006. No exchange gains/losses disclosed. No hedging instruments evident.,PEN SHOP TRADING LIMITED,voluntary-arrangement,high,not disclosed,,cannot estimate - no FX data disclosed,.notesSubSection{ margin-left: 1em;}.subRow td:first-child{ padding-left: 1em;}th.oneWordPerLine { text-align: center !important; vertical-align: bottom; word-spacing: 100vw;}th.noWrap { text-align: left !important; vertical-align: bottom; white-space: nowrap;}th.toBottom { text-ali,not disclosed,Imports/exports mentioned (x3),,,not disclosed,unhedged,D,none evident,2019-03-14,Birstall,,,PEN SHOP TRADING LIMITED,11882469,Pen Shop Trading Limited sells pens and related products.,no,none,,WF17 9TD,X - no currency flow evident,xhtml,none,2,47789,unclear,none found,
full,2025-05-30,accounts-with-accounts-type-total-exemption-full,"16 - 17 Fox Street, Preston, Lancashire, PR1 2AB","Company in CVA as of 17 April 2025 with compromised unsecured creditor balances. Income Statement not delivered to registrar (small company exemption). No FX exposure, hedging instruments, or currency data disclosed in accounts.",KUCKOO BRANDS LTD,voluntary-arrangement,high,not disclosed,,cannot estimate - no FX data disclosed,,not disclosed,,,,not disclosed,unhedged,D,none evident,2010-04-14,Preston,,,KUCKOO BRANDS LTD,07223772,Kuckoo Brands Ltd is a UK holding company with trading subsidiaries engaged in branded product distribution and administration.,no,none,,PR1 2AB,X - no currency flow evident,xhtml,Company Voluntary Arrangement entered 17 April 2025 (post year-end but pre-accounts approval). Financial difficulties from reduced trading explicitly stated. Going concern qualification present but directors affirm ability to meet obligations including CVA payments based on cash flow forecasts.,0,56302,minimal,Company entered Company Voluntary Arrangement (CVA) on 17 April 2025 following reduced trading within the group; unsecured creditor balances compromised with agreed payment schedule.,
full,2023-04-30,accounts-with-accounts-type-total-exemption-full,"22 Meteor Close, Norwich, NR6 6HR","Accounts filed under small company exemption with income statement not delivered to registrar per s.444 Companies Act 2006. No financial data, FX activity, or hedging information disclosed.",SALIRE LIMITED,voluntary-arrangement,high,not disclosed,,cannot estimate - no FX data disclosed,,not disclosed,,,,not disclosed,unhedged,D,none evident,2017-04-13,Norwich,,,SALIRE LIMITED,10725331,not disclosed,no,none,,NR6 6HR,X - no currency flow evident,xhtml,none,0,46380,unclear,none found,
small,2025-09-30,accounts-with-accounts-type-unaudited-abridged,"6th Floor 99 Gresham Street, London, England, EC2V 7NG",,AIRNOW LIMITED,voluntary-arrangement,low,,"small/abridged filing - little to read, brief skipped; qualify by phone",,,,,,,,unknown,D,,2017-04-03,London,,,AIRNOW LIMITED,10706264,,,none,,EC2V 7NG,X - no evidence,xhtml,,0,64209,,,
full,2025-04-30,accounts-with-accounts-type-total-exemption-full,"Union House, Coventry, CV1 2NT","Company has opted out of delivering P&L to registrar under section 444(1) Companies Act 2006. No FX activity, hedging, or currency exposure disclosed in accounts.",PLATINUM SERVICES FOR CHILDREN (RESIDENTIAL CARE) LIMITED,voluntary-arrangement,high,not disclosed,,cannot estimate - no FX data disclosed,,not disclosed,,,,not disclosed,unhedged,D,none evident,1998-10-19,Coventry,,,PLATINUM SERVICES FOR CHILDREN (RESIDENTIAL CARE) LIMITED,03652031,Provides residential care services for children in the UK.,no,none,,CV1 2NT,X - no currency flow evident,xhtml,none,0,87900,minimal,none found,
unknown,2024-12-31,change-account-reference-date-company-previous-extended,"Lower Ground Floor, Park House, 16/18, London, EC2M 7EB",,OT GROUP LIMITED,voluntary-arrangement,none,,no readable text,,,,,,,,unknown,,,2005-10-31,London,,,OT GROUP LIMITED,05607779,,,none,accounts/OT_GROUP_LIMITED_05607779.pdf,EC2M 7EB,X - no evidence,"scanned pdf, pytesseract not installed",,,62090,,,
full,2025-07-31,accounts-with-accounts-type-total-exemption-full,"First Floor, Grays, RM17 6LU","Filleted accounts with no P&L statement filed. Balance sheet only shows net assets of £6,755 (FY25) and £1,555 (FY24). No FX exposures, currency positions, or hedging activity disclosed.",ON TRACK CARE SERVICES LTD,voluntary-arrangement,high,not disclosed,,cannot estimate - no FX data disclosed,,not disclosed,,,,not disclosed,unhedged,D,none evident,2018-07-05,Grays,,,ON TRACK CARE SERVICES LTD,11449353,On Track Care Services Ltd provides care services.,no,none,,RM17 6LU,X - no currency flow evident,xhtml,"Minimal equity base of £6,755. High current liabilities (£572,261) relative to current assets (£594,700) indicates tight working capital. Small companies regime exemption - limited financial transparency.",0,88990,minimal,none found,
full,2024-09-30,accounts-with-accounts-type-total-exemption-full,"Orchard Farm Bottle Lane, Maidenhead, Berkshire, SL6 3SB","Income statement not delivered under Section 444 Companies Act 2006. No turnover, FX gains/losses, or currency exposure data disclosed. Company functional currency GBP.",RINDT VEHICLE DESIGN LTD,voluntary-arrangement,high,not disclosed,,cannot estimate - no FX data disclosed,,not disclosed,,,,not disclosed,unhedged,D,none evident,2017-01-09,Maidenhead,,,RINDT VEHICLE DESIGN LTD,10552904,Vehicle design company operating in the UK.,no,none,,SL6 3SB,X - no currency flow evident,xhtml,No income statement filed - abridged accounts filed. Creditor line items shown but amounts not visible in extracted text. Going concern status not stated.,0,29100,minimal,none found,
full,2024-12-31,accounts-with-accounts-type-total-exemption-full,"3rd Floor The Coade, London, SE11 5EL",,VIVA 2023 LTD,voluntary-arrangement,none,,no readable text,,,,,,,,unknown,,,2005-03-22,London,,,VIVA 2023 LTD,05401243,,,none,accounts/VIVA_2023_LTD_05401243.pdf,SE11 5EL,X - no currency flow evident,"scanned pdf, pytesseract not installed",,,58142,,,
small,2025-10-22,accounts-with-accounts-type-unaudited-abridged,"Seymour Chambers, Liverpool, Merseyside, L3 5NW",,NATION FACILITIES & SECURITY MANAGEMENT LTD,voluntary-arrangement,low,,"small/abridged filing - little to read, brief skipped; qualify by phone",,,,,,,,unknown,D,,2019-01-29,Liverpool,,,NATION FACILITIES & SECURITY MANAGEMENT LTD,11794652,,,none,,L3 5NW,X - no evidence,xhtml,,0,81100,,,
small,2024-12-31,accounts-with-accounts-type-small,"33 Foley Street, London, W1W 7TL",,THE THIRD FLOOR LONDON LIMITED,voluntary-arrangement,low,,"small/abridged filing - little to read, brief skipped; qualify by phone",,Foreign exchange gains and losses resulting from the settlement of transactions and from the translation at period-end exchange rates of monetary assets and liabilities denominated in foreign currencies are recognised in profit or loss except whe || re translated using the closing rate. Non-monetary items measured at historical cost are translated using the exchange rate at the date of the transaction and non-monetary items measured at fair value are measured using the exchange rate when fair value was determined. || on-monetary items measured at fair value are measured using the exchange rate when fair value was determined. Foreign exchange gains and losses resulting from the settlement of transactions and from the translation at period-end exchange,,"Mentions hedging (x1) | FX mentioned in P&L, no figure (x3) | Foreign currency transactions (x1)",,,,unknown,C,,2011-06-15,London,,,THE THIRD FLOOR LONDON LIMITED,07670649,,,none,,W1W 7TL,X - no evidence,xhtml,,8,59111,,,
full,2025-03-31,accounts-with-accounts-type-total-exemption-full,"330 Glenshane Road, Londonderry, BT47 4HP","Accounts are unaudited. No profit and loss account included in filing. Balance sheet shows net liabilities of £253,073 at 31 March 2025 versus net assets of £146,877 at 31 March 2024. No revenue figure, FX gains/losses, currency exposures, or hedging activity disclosed.",D A MILLER & SONS (TRANSPORT) LIMITED,voluntary-arrangement,high,not disclosed,,cannot estimate - no FX data disclosed,,not disclosed,,,,not disclosed,unhedged,D,none evident,2010-09-17,Londonderry,,,D A MILLER & SONS (TRANSPORT) LIMITED,NI604475,Road transport and haulage operator based in Northern Ireland.,no,none,,BT47 4HP,X - no currency flow evident,xhtml,"Net liabilities position (equity negative £253,073). Directors elected to omit P&L from statutory filing. Unaudited accounts only. Cash position weak at £21,073 (down from £104,854 prior year). Current liabilities exceed current assets by £398,541.",0,49410,unclear,None found,
micro,2024-04-30,accounts-with-accounts-type-micro-entity,"Warehouse W 3 Western Gateway, London, E16 1BD",,TECH4U CONSULTING LIMITED,voluntary-arrangement,none,,"micro accounts - no useful disclosure, skipped",,,,,,,,unknown,,,2018-04-07,London,,,TECH4U CONSULTING LIMITED,11297434,,,none,,E16 1BD,X - no evidence,,,,71200,,,
full,2025-03-31,accounts-with-accounts-type-total-exemption-full,"4 Rochester Avenue, Feltham, Middlesex, TW13 4EA","Accounts filed on small company exemption with income statement not delivered. Bank debt 32,098 due within one year. No FX disclosures, no export data, no hedging activity evident.",DCD ALL BUILD LIMITED,voluntary-arrangement,high,not disclosed,,cannot estimate - no FX data disclosed,,not disclosed,,,,not disclosed,unhedged,D,none evident,2019-03-01,Feltham,,,DCD ALL BUILD LIMITED,11855926,Construction and building services company.,no,none,,TW13 4EA,X - no currency flow evident,xhtml,Small company filing exemption limits financial transparency. Short-term bank debt present but within normal trading parameters.,0,41202,minimal,none found,
full,2025-03-31,accounts-with-accounts-type-total-exemption-full,"Ground Floor, Belfast, BT1 6GF",P&L not delivered to Companies House (section 444 exemption applied). Balance sheet only; no revenue figure disclosed. CVA approved 18 June 2025 post year-end. No FX or hedging data in accounts.,PURE RUNNING LIMITED,voluntary-arrangement,high,not disclosed,,cannot estimate - no FX data disclosed,,not disclosed,,,,not disclosed,unhedged,D,none evident,2005-02-26,Belfast,,,PURE RUNNING LIMITED,NI054055,not disclosed,no,none,,BT1 6GF,X - no currency flow evident,xhtml,CVA approved June 2025 signals prior financial distress and restructuring; going concern statement explicitly references 'financial difficulties' and dependency on CVA viability framework.,0,"47710, 47721",unclear,Company approved CVA (Company Voluntary Arrangement) effective 18 June 2025; directors acknowledge prior financial difficulties but assert going concern based on CVA viability.,
full,2024-12-31,accounts-with-accounts-type-total-exemption-full,"Unit 15 Uplands Business Park, London, E17 5QJ","Company entered CVA on 24 June 2025 with 99% creditor approval. £605,000 of existing shareholder loans converted to equity on 1 July 2025. Restructure involved transfer of brewery operations to newly incorporated parent company SBG and TUPE transfer of brewery employees. Profit and loss account not filed (permitted abridged accounts).",SIGNATURE BREW LTD,voluntary-arrangement,high,not disclosed,,cannot estimate - no FX data disclosed,,not disclosed,,,,not disclosed,unhedged,D,none evident,2011-10-26,London,,,SIGNATURE BREW LTD,07823971,Signature Brew Ltd brews and wholesales alcoholic beverages and operates bars and events venues.,no,none,,E17 5QJ,X - no currency flow evident,xhtml,Company Voluntary Arrangement in place as of 24 June 2025 following COVID-19 impact on hospitality sector. Going concern dependent on CVA compliance and restructure completion. Accounts describe arrangement as necessary reset for sustainable growth.,0,"11050, 46342",minimal,"Corporate restructure completed in 2025 with incorporation of Signature Brew Group Limited as parent company. Company Voluntary Arrangement (CVA) approved 24 June 2025 with 99% creditor approval; £941,867 share capital allotted 1 July 2025 including £605,000 conversion of shareholder loans to equity.",
full,2025-09-30,accounts-with-accounts-type-total-exemption-full,"Pentland House, Glenrothes, Fife, KY6 2AH","Company subject to CVA on 24 July 2025 with trade liabilities written off. Going concern dependent on achieving forecasted trading levels and CVA compliance - material uncertainty disclosed. Related-party loans outstanding: £542,062 (Boreland Farm Limited), £2,379,468 (ED Capital Limited), £263,892 (Lucid Optical Services Limited) at period end.",GIGALOCH LIMITED,voluntary-arrangement,high,not disclosed,,cannot estimate - no FX data disclosed,,not disclosed,,,,not disclosed,unhedged,D,none evident,2020-05-27,Glenrothes,,,GIGALOCH LIMITED,SC662274,not disclosed,no,none,,KY6 2AH,"P1 - exposed, no cover",xhtml,Material going concern doubt explicitly stated. CVA in place 24 July 2025. Heavy reliance on related-party financing from directors' other companies. No P&L or revenue data disclosed despite full accounts filing category.,0,61100,unclear,Creditors Voluntary Arrangement executed 24 July 2025 with trade liabilities written off as exceptional items. Material going concern uncertainty flagged in accounting policies.,
unknown,2024-08-30,change-account-reference-date-company-previous-shortened,"Bird In Hand, Taunton, Somerset, TA3 6LT",,THE ONE AND ONLY PUB COMPANY LIMITED,voluntary-arrangement,none,,no readable text,,,,,,,,unknown,,,2000-03-02,Taunton,,,THE ONE AND ONLY PUB COMPANY LIMITED,03938353,,,none,accounts/THE_ONE_AND_ONLY_PUB_COMPANY_LIMITED_03938353.pdf,TA3 6LT,X - no evidence,"scanned pdf, pytesseract not installed",,,"56101, 56302",,,
micro,2025-03-31,accounts-with-accounts-type-micro-entity,"14 The Fairway, Maidenhead, SL6 3AR",,EXPERT EMPLOYMENT LIMITED,voluntary-arrangement,none,,"micro accounts - no useful disclosure, skipped",,,,,,,,unknown,,,2009-03-26,Maidenhead,,,EXPERT EMPLOYMENT LIMITED,06859967,,,none,,SL6 3AR,X - no evidence,,,,74909,,,
full,2025-11-30,accounts-with-accounts-type-total-exemption-full,"64 Mountbatten Close, Newport, NP19 9GT","Company has opted not to deliver P&L to registrar under section 444(1) Companies Act 2006. Directors identified material going concern uncertainties. No exchange gain/loss figures, hedging instruments, or currency exposures disclosed in accounts.",GANE STRUCTURES LIMITED,voluntary-arrangement,high,not disclosed,,cannot estimate - no FX data disclosed,.notesSubSection{ margin-left: 1em;}.subRow td:first-child{ padding-left: 1em;}th.oneWordPerLine { text-align: center !important; vertical-align: bottom; word-spacing: 100vw;}th.noWrap { text-align: left !important; vertical-align: bottom; white-space: nowrap;}th.toBottom { text-ali,not disclosed,Imports/exports mentioned (x3),,,not disclosed,unhedged,D,none evident,2021-11-26,Newport,,,GANE STRUCTURES LIMITED,13768118,"Gane Structures Limited designs, manufactures and supplies structural steelwork and related products.",no,none,,NP19 9GT,X - no currency flow evident,xhtml,Material going concern uncertainties flagged by directors; abridged accounts file with no P&L disclosure limits visibility,2,43999,unclear,"Material uncertainties related to going concern identified by directors, though going concern basis remains appropriate.",
micro,2025-03-31,accounts-with-accounts-type-micro-entity,"Unit 8 Amberley Court Whitworth Road., Crawley, West Sussex, RH11 7XL",,OLIVE HOME CARE & SUPPORT LIMITED,voluntary-arrangement,none,,"micro accounts - no useful disclosure, skipped",,,,,,,,unknown,,,2015-02-02,Crawley,,,OLIVE HOME CARE & SUPPORT LIMITED,09416522,,,none,,RH11 7XL,X - no evidence,,,,"78200, 88100",,,
full,2025-10-31,accounts-with-accounts-type-total-exemption-full,"The Beren, Blisworth Hill Business Park, Blisworth, Northamptonshire, NN7 3DB",Company is operating under a CVA following financial distress. Directors acknowledge material uncertainty over going concern contingent on CVA compliance and forecast achievement. P&L not disclosed (abridged filing). FX accounting policy stated but no actual exchange gains/losses reported.,X INDUSTRIES LIMITED,voluntary-arrangement,high,not disclosed,,cannot estimate - no FX data disclosed,.notesSubSection{ margin-left: 1em;}.subRow td:first-child{ padding-left: 1em;}th.oneWordPerLine { text-align: center !important; vertical-align: bottom; word-spacing: 100vw;}th.noWrap { text-align: left !important; vertical-align: bottom; white-space: nowrap;}th.toBottom { text-ali,not disclosed,Imports/exports mentioned (x3),,,not disclosed,unhedged,D,none evident,2008-10-06,Blisworth,,,X INDUSTRIES LIMITED,06716482,not disclosed,no,none,,NN7 3DB,X - no currency flow evident,xhtml,Company Voluntary Arrangement in place - material going concern uncertainty. CVA breach could trigger winding-up petition by Supervisor. Abridged accounts - full P&L not filed.,2,"59112, 59120",unclear,Company entered Company Voluntary Arrangement (CVA) with creditors during the year after financial difficulty.,
small,2026-04-07,accounts-with-accounts-type-unaudited-abridged,"The Studio Cothayes House, Dorchester, Dorset, DT2 7PJ",,PFS NETWORK LIMITED,voluntary-arrangement,low,,"small/abridged filing - little to read, brief skipped; qualify by phone",,"b, strong { font-weight: bold; } table { border-spacing: 10px; } .text--left { text-align: left !important; } .text--center { text-align: center!important; } .text--right { text-align: right !important; } .strong { font-weight: bold; } .center {",,Imports/exports mentioned (x3),,,,unknown,D,,2005-08-22,Dorchester,,,PFS NETWORK LIMITED,05542154,,,none,,DT2 7PJ,X - no evidence,xhtml,,2,"43210, 82990",,,
full,2025-10-31,accounts-with-accounts-type-full,"Elterwater Suite Paragon House Chorley New Road, Bolton, BL6 6HG",,MY SPACE HOUSING SOLUTIONS,voluntary-arrangement,none,,no readable text,,,,,,,,unknown,,,2012-10-17,Bolton,,,MY SPACE HOUSING SOLUTIONS,08257055,,,none,accounts/MY_SPACE_HOUSING_SOLUTIONS_08257055.pdf,BL6 6HG,X - no currency flow evident,"scanned pdf, pytesseract not installed",,,55900,,,
micro,2025-06-30,accounts-with-accounts-type-micro-entity,"124 City Road, London, EC1V 2NX",,OAKFIELD FINANCIAL LTD,voluntary-arrangement,none,,"micro accounts - no useful disclosure, skipped",,,,,,,,unknown,,,2020-06-25,London,,,OAKFIELD FINANCIAL LTD,12697835,,,none,,EC1V 2NX,X - no evidence,,,,70221,,,
full,2024-12-31,accounts-with-accounts-type-total-exemption-full,"140 Lots Road, London, SW10 0RJ","Income statement not filed. Functional currency GBP. FX policy states translation gains/losses recognised in P&L; no hedging instruments disclosed or held. No export data. Directors' interest-free loans outstanding £156,789 FY24.",BEN WHISTLER LIMITED,voluntary-arrangement,high,not disclosed,,cannot estimate - no FX data disclosed,"discretion of the company. Changes in the fair value of derivatives that are designated and qualify as fair value hedges are recognised in profit or loss immediately, together with any changes in the fair value of the hedged asset or liability that are attributable to the hedged",not disclosed,Mentions hedging (x3),,,not disclosed,unhedged,C,none evident,1999-08-06,London,,,BEN WHISTLER LIMITED,03821243,not disclosed,no,none,,SW10 0RJ,"P1 - exposed, no cover",xhtml,none,4,31090,unclear,none found,
small,2019-06-30,accounts-with-accounts-type-small,"S&W Partners Llp C/O Rrs Department, London, EC2V 7BG",,PARK FIRST FREEHOLDS LIMITED,voluntary-arrangement,low,,"small/abridged filing - little to read, brief skipped; qualify by phone",,,,,,,,unknown,D,,2017-10-26,London,,,PARK FIRST FREEHOLDS LIMITED,11033422,,,none,,EC2V 7BG,X - no evidence,xhtml,,0,"52219, 68209",,,
full,2025-04-30,accounts-with-accounts-type-total-exemption-full,"Unit 9 Hassacarr Close, York, North Yorkshire, YO19 5SN","Company Voluntary Arrangement entered 26 November 2025 with creditors. Accounts filed under small company exemption with no income statement delivered. Bank debt: 17,871 within one year; 132,222 after one year.",MAXWELL SCOTT BAGS LIMITED,voluntary-arrangement,high,GBP - presentation currency,,cannot estimate - no FX data disclosed,,not disclosed,,,,not disclosed,unhedged,D,none evident,2013-02-25,York,,,MAXWELL SCOTT BAGS LIMITED,08417609,Maxwell Scott Bags Limited manufactures and sells leather bags and leather goods.,no,none,,YO19 5SN,X - no currency flow evident,xhtml,Company Voluntary Arrangement (CVA) with creditors as at 26 November 2025 - formal insolvency procedure. Material debt restructuring in progress. Going concern implications not disclosed.,0,47910,unclear,"Company entered into Company Voluntary Arrangement with creditors on 26 November 2025, resulting in reduction and deferral of certain creditors.",
small,2025-09-29,accounts-with-accounts-type-unaudited-abridged,"5th Floor, 333 Edgware Road, London, NW9 6TD",,SPRINGVILLA CARE LIMITED,voluntary-arrangement,low,,"small/abridged filing - little to read, brief skipped; qualify by phone",,"b, strong { font-weight: bold; } table { border-spacing: 10px; } .text--left { text-align: left !important; } .text--center { text-align: center!important; } .text--right { text-align: right !important; } .strong { font-weight: bold; } .center {",,Imports/exports mentioned (x3),,,,unknown,D,,2017-07-26,London,,,SPRINGVILLA CARE LIMITED,10884361,,,none,,NW9 6TD,X - no evidence,xhtml,,2,"88100, 88990",,,
small,2026-01-27,accounts-with-accounts-type-unaudited-abridged,"Harlow Enterprise Hub, Kao Hockham Building, Harlow, CM20 2NQ",,AT HOME SUPPORT SERVICES LIMITED,voluntary-arrangement,low,,"small/abridged filing - little to read, brief skipped; qualify by phone",,} .report-body .pagebreak { page-break-before: always; break-before: always } .report-body .pageno { display: none!important } .report-body .page-body { padding: 0; vertical-align: top } .report-body .avoid-pagebreak { page-break-inside: avoid; break-inside: avoid } .report,,Imports/exports mentioned (x3),,,,unknown,D,,2015-10-21,Harlow,,,AT HOME SUPPORT SERVICES LIMITED,09835832,,,none,,CM20 2NQ,X - no evidence,xhtml,,2,"78109, 78200, 88100, 88990",,,
micro,2024-12-31,accounts-with-accounts-type-micro-entity,"102 Claggan Lane 102 Claggan Lane, Cookstown, Tyrone, BT80 9UR",,BLU DOT TECHNOLOGIES LIMITED,voluntary-arrangement,none,,"micro accounts - no useful disclosure, skipped",,,,,,,,unknown,,,2017-07-31,Cookstown,,,BLU DOT TECHNOLOGIES LIMITED,NI647180,,,none,,BT80 9UR,X - no evidence,,,,62090,,,
small,2025-10-28,accounts-with-accounts-type-unaudited-abridged,"Nationwide Management Services Ltd Suite 718 8 Shepherd Market, London, W1J 7JY",,NATIONWIDE MANAGEMENT SERVICES LTD,voluntary-arrangement,low,,"small/abridged filing - little to read, brief skipped; qualify by phone",,,,,,,,unknown,D,,2015-02-03,London,,,NATIONWIDE MANAGEMENT SERVICES LTD,09418463,,,none,,W1J 7JY,X - no evidence,xhtml,,0,81100,,,
full,2024-12-31,accounts-with-accounts-type-total-exemption-full,"1 Park Road, Kingston Upon Thames, Surrey, KT1 4AS","Company is micro-scale with 8 employees. Balance sheet shows net liabilities of £135,675 (2024) and £184,349 (2023). P&L abridged and not filed; no turnover, revenue or FX gain/loss figures disclosed. Directors acknowledge small company exemption status.",CARLYLE KINGSWOOD GLOBAL LTD,voluntary-arrangement,high,not disclosed,,cannot estimate - no FX data disclosed,"is recognised in profit or loss immediately unless the derivative is designated and effective as a hedging instrument, in which event the timing of the recognition in profit or loss depends on the nature of the hedge relationship. A der",not disclosed,Mentions hedging (x5),,,not disclosed,unhedged,C,none evident,2014-07-29,Kingston Upon Thames,,,CARLYLE KINGSWOOD GLOBAL LTD,09151840,not disclosed,no,none,,KT1 4AS,X - no currency flow evident,xhtml,"Net liabilities position £135,675 at 31 Dec 2024. Current liabilities £825,244 exceed current assets £688,325 by £136,919. Going concern not addressed in statements. No principal activity described.",4,78109,unclear,none found,
full,2025-07-31,accounts-with-accounts-type-total-exemption-full,"Boston House Accountants, Boston House 212-214 High Street, Wetherby, West Yorkshire, LS23 6AD",CVA entered post-year-end (18 Dec 2025) with £1.086m payable over 5 years. Going concern statement cites material uncertainty dependent on forecast revenues and CVA compliance. P&L not filed - abridged accounts only.,ASCERIS LIMITED,voluntary-arrangement,high,not disclosed,,cannot estimate - no FX data disclosed,.notesSubSection{ margin-left: 1em;}.subRow td:first-child{ padding-left: 1em;}th.oneWordPerLine { text-align: center !important; vertical-align: bottom; word-spacing: 100vw;}th.noWrap { text-align: left !important; vertical-align: bottom; white-space: nowrap;}th.toBottom { text-ali,not disclosed,Imports/exports mentioned (x3),,,not disclosed,unhedged,D,none evident,2020-07-02,Wetherby,,,ASCERIS LIMITED,12713131,Asceris Limited is a company engaged in import/export trading activities.,no,none,,LS23 6AD,X - no currency flow evident,xhtml,Material going concern doubt explicitly stated. Company in CVA with unsecured creditors post-filing. Forecasts critical to solvency assessment.,2,80200,unclear,"Company entered into Company Voluntary Arrangement (CVA) on 18 December 2025 with unsecured creditors, committed to £1,086,000 contributions over 5 years.",
full,2026-03-31,accounts-with-accounts-type-total-exemption-full,"Office 49 Oakhurst Road, Leeds, LS11 7HL","Balance sheet shows net liabilities of £49,820 at 31 March 2026. No P&L statement filed (small companies exemption). No FX activity, hedging, or international revenue disclosed.",TLB 24/7 HEALTHCARE LTD,voluntary-arrangement,high,not disclosed,,cannot estimate - no FX data disclosed,,not disclosed,,,,not disclosed,unhedged,D,none evident,2015-04-28,Leeds,,,TLB 24/7 HEALTHCARE LTD,09565418,TLB24/7 Healthcare Ltd provides healthcare services to customers.,no,none,,LS11 7HL,X - no currency flow evident,xhtml,"Net liabilities position (negative shareholders' funds of £49,820). Current liabilities exceed current assets by £49,820. Company is technically insolvent on balance sheet basis.",0,88100,minimal,none found,
full,2024-08-31,accounts-with-accounts-type-total-exemption-full,"3 Lower Crescent, Belfast, BT7 1NR","No P&L statement disclosed (abridged accounts). Company entered CVA with creditors 30 January 2025. No FX data, hedging activity, or export/import disclosure evident.",HARLEM CAFE LTD,voluntary-arrangement,high,not disclosed,,cannot estimate - no FX data disclosed,,not disclosed,,,,not disclosed,unhedged,D,none evident,2016-03-02,Belfast,,,HARLEM CAFE LTD,NI636822,Harlem Cafe Ltd operates a cafe business.,no,none,,BT7 1NR,X - no currency flow evident,xhtml,CVA filing 30 January 2025 indicates insolvency or financial distress. Accounts are abridged with no income statement.,0,56101,minimal,"Company entered into a Company Voluntary Arrangement with creditors on 30 January 2025, indicating financial distress.",
small,2025-12-23,accounts-with-accounts-type-unaudited-abridged,"Steyning Farm Steyning Lane, Boston, PE20 3NQ",,LINCOLNSHIRE GAME LTD,voluntary-arrangement,low,,"small/abridged filing - little to read, brief skipped; qualify by phone",,"ot eligible for compensation and such losses cannot be insured against. Legislation restricts the business fully from exporting, which is a majority part of the game meat market. The company has still struggled to supply",,Imports/exports mentioned (x1),,,,unknown,D,,2015-04-01,Boston,,,LINCOLNSHIRE GAME LTD,09520803,,,none,,PE20 3NQ,X - no evidence,xhtml,,2,10120,,,
full,2025-08-31,accounts-with-accounts-type-total-exemption-full,"21-27 Lamb's Conduit Street, London, WC1N 3GS",,TIM WELLS NURSERIES LIMITED,voluntary-arrangement,none,,no readable text,,,,,,,,unknown,,,2008-03-17,London,,,TIM WELLS NURSERIES LIMITED,06535880,,,none,accounts/TIM_WELLS_NURSERIES_LIMITED_06535880.pdf,WC1N 3GS,X - no currency flow evident,"scanned pdf, pytesseract not installed",,,"01300, 81300",,,
small,2025-12-29,accounts-with-accounts-type-unaudited-abridged,"4 Ambassador Place, Altrincham, WA15 8DB",,ARIELLE'S CARE LTD,voluntary-arrangement,low,,"small/abridged filing - little to read, brief skipped; qualify by phone",,"b, strong { font-weight: bold; } table { border-spacing: 10px; } .text--left { text-align: left !important; } .text--center { text-align: center!important; } .text--right { text-align: right !important; } .strong { font-weight: bold; } .center {",,Imports/exports mentioned (x3),,,,unknown,D,,2020-12-02,Altrincham,,,ARIELLE'S CARE LTD,13057943,,,none,,WA15 8DB,X - no evidence,xhtml,,2,"87100, 87200, 87300",,,
full,2025-06-30,accounts-with-accounts-type-total-exemption-full,"27 Bowling Green Street, Leicester, LE1 6AS","Accounts are unaudited with no accountants' review. No turnover, FX gains/losses, or currency exposures disclosed in filing. Bank loans and overdrafts line item appears blank for both years.",GREAT RESOURCING SOLUTIONS LTD,voluntary-arrangement,high,not disclosed,,cannot estimate - no FX data disclosed,,not disclosed,,,,not disclosed,unhedged,D,none evident,2022-06-15,Leicester,,,GREAT RESOURCING SOLUTIONS LTD,14174467,Great Resourcing Solutions Ltd is a staffing and recruitment services company.,no,none,,LE1 6AS,X - no currency flow evident,xhtml,Unaudited accounts with no accountants' report. Income statement not delivered to Companies House. Incomplete financial statements presentation with blank liability figures.,0,"78109, 78200",minimal,none found,
small,2025-12-23,accounts-with-accounts-type-unaudited-abridged,"1 School House Lane, Doncaster, South Yorkshire, DN10 4LF",,LJ'S BOUTIQUE LTD,voluntary-arrangement,low,,"small/abridged filing - little to read, brief skipped; qualify by phone",,"b, strong { font-weight: bold; } table { border-spacing: 10px; } .text--left { text-align: left !important; } .text--center { text-align: center!important; } .text--right { text-align: right !important; } .strong { font-weight: bold; } .center {",,Imports/exports mentioned (x3),,,,unknown,D,,2021-02-18,Doncaster,,,LJ'S BOUTIQUE LTD,13210895,,,none,,DN10 4LF,X - no evidence,xhtml,,2,"47910, 47990",,,
micro,2025-06-30,accounts-with-accounts-type-micro-entity,"16 Brent Road, London, E16 1PF",,ASORTI UK LIMITED,voluntary-arrangement,none,,"micro accounts - no useful disclosure, skipped",,,,,,,,unknown,,,2009-06-19,London,,,ASORTI UK LIMITED,06938600,,,none,,E16 1PF,X - no evidence,,,,96020,,,
full,2025-03-30,accounts-amended-with-accounts-type-full,"8 Broad Quay, Bristol, BS1 4DA",,TURTLE BAY HOSPITALITY LIMITED,voluntary-arrangement,none,,no readable text,,,,,,,,unknown,,,2010-01-16,Bristol,,,TURTLE BAY HOSPITALITY LIMITED,07127647,,,none,accounts/TURTLE_BAY_HOSPITALITY_LIMITED_07127647.pdf,BS1 4DA,X - no currency flow evident,"scanned pdf, pytesseract not installed",,,56101,,,
micro,2024-03-31,accounts-with-accounts-type-micro-entity,"C/O Wsm Marks Bloom Llp Unit 2 Spinnaker Court, Hampton, Kingston Upon Thames, KT1 4EQ",,IN THE SCENES LTD,voluntary-arrangement,none,,"micro accounts - no useful disclosure, skipped",,,,,,,,unknown,,,2021-03-29,Hampton,,,IN THE SCENES LTD,13298784,,,none,,KT1 4EQ,X - no evidence,,,,"90010, 90020",,,
full,2025-09-30,accounts-with-accounts-type-total-exemption-full,"20 Wenlock Road, London, N1 7GU","Company has elected abridged filing under s444(1) Companies Act 2006 - full P&L not delivered to registrar. No financial figures, FX activity, export data, or operational detail evident in provided extract.",G&CATA LTD,voluntary-arrangement,high,not disclosed,,cannot estimate - no FX data disclosed,.notesSubSection{ margin-left: 1em;}.subRow td:first-child{ padding-left: 1em;}th.oneWordPerLine { text-align: center !important; vertical-align: bottom; word-spacing: 100vw;}th.noWrap { text-align: left !important; vertical-align: bottom; white-space: nowrap;}th.toBottom { text-ali,not disclosed,Imports/exports mentioned (x3),,,not disclosed,unknown,D,not disclosed,2023-09-15,London,,,G&CATA LTD,15140815,not disclosed,not disclosed,none,,N1 7GU,X - no currency flow evident,xhtml,Abridged accounts filing - full profit/loss statement not publicly available; cannot assess financial health or going concern from this extract.,2,"41201, 78200",unclear,none found,
full,2025-09-30,accounts-with-accounts-type-total-exemption-full,"2-4 Orgreave Place Orgreave Place, Sheffield, S13 9LU","Net current and net total liability position as at period end. Director loans of £339,999 deferred with no repayment until at least twelve months after accounting reference date and no interest charged. No FX or hedging activity disclosed.",OAKWORTH HOMES LIMITED,voluntary-arrangement,high,not disclosed,,cannot estimate - no FX data disclosed,,not disclosed,,,,not disclosed,unhedged,D,none evident,2006-04-25,Sheffield,,,OAKWORTH HOMES LIMITED,05794976,Oakworth Homes Limited is a residential property development or house-building company.,no,none,,S13 9LU,X - no currency flow evident,xhtml,"Going concern basis applied despite net liability position at period end, mitigated only by director assertion of funding provision and return to profitability during period.",0,"32990, 41202",minimal,Company returned to profitability during the period after net liability position; director funding provided to support going concern.,
unknown,2025-03-28,change-account-reference-date-company-previous-shortened,"Arundel House 1 Amberley House, Crawley, RH11 7XL",,ITALK AFFILIATE TELECOMMUNICATIONS LTD,voluntary-arrangement,none,,no readable text,,,,,,,,unknown,,,2007-10-18,Crawley,,,ITALK AFFILIATE TELECOMMUNICATIONS LTD,06403147,,,none,accounts/ITALK_AFFILIATE_TELECOMMUNICATIONS_LTD_06403147.pdf,RH11 7XL,X - no evidence,"scanned pdf, pytesseract not installed",,,82990,,,
full,2024-10-31,accounts-with-accounts-type-total-exemption-full,"Unit 3 Ingworth Road, Poole, BH12 1JY",Accounts filed on abridged basis with P&L not delivered to registrar. No exchange gains or losses stated. No currencies identified. No hedging instruments evident. Going concern confirmed by director support.,LIVING OUTSIDE LTD,voluntary-arrangement,high,not disclosed,,cannot estimate - no FX data disclosed,,not disclosed,,,,not disclosed,unhedged,D,none evident,2014-10-16,Poole,,,LIVING OUTSIDE LTD,09267125,"Living Outside Ltd operates as a service provider, likely in hospitality, travel, or outdoor recreation based on the company name and accounting policies for service revenue recognition.",no,none,,BH12 1JY,X - no currency flow evident,xhtml,Abridged filing restricts visibility; full P&L statement withheld from public record. Going concern conditional on director support commitment.,0,47789,minimal,none found,
micro,2024-08-31,accounts-with-accounts-type-micro-entity,"65, Flat 5 Heaton Moor Road, Stockport, Cheshire, SK4 4JY",,RIVER TABLES ROCK LIMITED,voluntary-arrangement,none,,"micro accounts - no useful disclosure, skipped",,,,,,,,unknown,,,2022-08-03,Stockport,,,RIVER TABLES ROCK LIMITED,14273026,,,none,,SK4 4JY,X - no evidence,,,,"23690, 31090, 43320, 47599",,,
small,2024-10-31,accounts-with-accounts-type-small,"C/O Rpgcc, London, EC3V 0BT",,PAYTHRU LIMITED,voluntary-arrangement,none,,no readable text,,,,,,,,unknown,,,2002-04-17,London,,,PAYTHRU LIMITED,04419047,,,none,accounts/PAYTHRU_LIMITED_04419047.pdf,EC3V 0BT,X - no evidence,"scanned pdf, pytesseract not installed",,,"63110, 64191",,,
full,2025-02-28,accounts-with-accounts-type-total-exemption-full,"Communico House Vale Road, Stockport, Cheshire, SK4 3QR","Bank loans and overdrafts 2,359,402 due within one year. Company has secured debts with fixed and floating charge over all assets and personal guarantee from director P A Duffy.",BELUGA GROUP LTD,voluntary-arrangement,high,not disclosed,,cannot estimate - no FX data disclosed,,not disclosed,,,,not disclosed,unhedged,D,none evident,2016-11-15,Stockport,,,BELUGA GROUP LTD,10480247,not disclosed,no,none,,SK4 3QR,X - no currency flow evident,xhtml,Significant short-term debt of 2.36m with personal guarantee and asset security suggests potential liquidity pressure; accounts appear incomplete (filleted) with no P&L or turnover disclosed.,0,41202,unclear,none found,
small,2000-05-31,accounts-with-accounts-type-small,"Kpmg, Birmingham, West Midlands, B3 2DL",,ALAN STEPHENS ASSOCIATES LIMITED,voluntary-arrangement,none,,no readable text,,,,,,,,unknown,,,1988-02-29,Birmingham,,,ALAN STEPHENS ASSOCIATES LIMITED,02225150,,,none,accounts/ALAN_STEPHENS_ASSOCIATES_LIMITED_02225150.pdf,B3 2DL,X - no evidence,"scanned pdf, pytesseract not installed",,,7440,,,
,,,"3 Cranmer Street, NG3 4GH",,ARKWRIGHT BUILDING LIMITED,voluntary-arrangement,low,,no accounts with document found,,,,,,,,unknown,,,1988-05-20,,,,ARKWRIGHT BUILDING LIMITED,02260827,,,none,,NG3 4GH,X - no evidence,,,,4521,,,
full,2000-05-31,accounts-with-accounts-type-full,"Kpmg, Birmingham, West Midlands, B3 2DL",,FUTURE TELECOM LIMITED,voluntary-arrangement,none,,no readable text,,,,,,,,unknown,,,1991-09-04,Birmingham,,,FUTURE TELECOM LIMITED,02643072,,,none,accounts/FUTURE_TELECOM_LIMITED_02643072.pdf,B3 2DL,X - no currency flow evident,"scanned pdf, pytesseract not installed",,,3220,,,
unknown,2004-07-28,legacy,"Carrickfergus, BT38 7HY",,PROTO-CAL LABORATORIES LIMITED,voluntary-arrangement,none,,no readable text,,,,,,,,unknown,,,1990-08-10,Carrickfergus,,,PROTO-CAL LABORATORIES LIMITED,NI024726,,,none,accounts/PROTO_CAL_LABORATORIES_LIMITED_NI024726.pdf,BT38 7HY,X - no evidence,"scanned pdf, pytesseract not installed",,,,,,
small,2012-03-31,accounts-with-accounts-type-total-exemption-small,"Unit 5, Ballyquin Road, Dungiven, BT47 4LX",,LYNCO (NI) LTD,voluntary-arrangement,none,,no readable text,,,,,,,,unknown,,,1999-07-15,Ballyquin Road,,,LYNCO (NI) LTD,NI036579,,,none,accounts/LYNCO_NI_LTD_NI036579.pdf,BT47 4LX,X - no evidence,"scanned pdf, pytesseract not installed",,,43999,,,
unknown,2007-11-07,legacy,"Unit 2, Ormeau Business Park, Belfast, BT7 2JA",,BELFAST GIANTS LTD,voluntary-arrangement,none,,no readable text,,,,,,,,unknown,,,2000-05-19,Belfast,,,BELFAST GIANTS LTD,NI038627,,,none,accounts/BELFAST_GIANTS_LTD_NI038627.pdf,BT7 2JA,X - no evidence,"scanned pdf, pytesseract not installed",,,,,,
unknown,2007-05-25,legacy,"213 Donegall Avenue, BT12 6LU",,STANDARD LAUNDRY (N.I) LIMITED,voluntary-arrangement,none,,no readable text,,,,,,,,unknown,,,1967-10-27,,,,STANDARD LAUNDRY (N.I) LIMITED,NI007091,,,none,accounts/STANDARD_LAUNDRY_N_I_LIMITED_NI007091.pdf,BT12 6LU,X - no evidence,"scanned pdf, pytesseract not installed",,,,,,
unknown,2001-04-20,legacy,"Kpmg, Birmingham, West Midlands, B3 2DL",,SKY BLUES UK LIMITED,voluntary-arrangement,none,,no readable text,,,,,,,,unknown,,,2001-02-14,Birmingham,,,SKY BLUES UK LIMITED,04160085,,,none,accounts/SKY_BLUES_UK_LIMITED_04160085.pdf,B3 2DL,X - no evidence,"scanned pdf, pytesseract not installed",,,6420,,,
small,1994-07-31,accounts-with-accounts-type-small,"250 Hendon Way, NW4 3NL",,WATERCOLOUR LIMITED,voluntary-arrangement,none,,no readable text,,,,,,,,unknown,,,1993-06-07,,,,WATERCOLOUR LIMITED,02824763,,,none,accounts/WATERCOLOUR_LIMITED_02824763.pdf,NW4 3NL,X - no evidence,"scanned pdf, pytesseract not installed",,,2222,,,
,,,"Equity House, Whittall Street, Birmingham, B4 6DD",,KEE PRODUCTS LIMITED,voluntary-arrangement,low,,no accounts with document found,,,,,,,,unknown,,,1995-01-20,Whittall Street,,,KEE PRODUCTS LIMITED,03012209,,,none,,B4 6DD,X - no evidence,,,,2466,,,
,,,"24 Conduit Place, W2 1EP",,CROFTWARD LIMITED,voluntary-arrangement,low,,no accounts with document found,,,,,,,,unknown,,,1984-02-13,,,,CROFTWARD LIMITED,01791062,,,none,,W2 1EP,X - no evidence,,,,,,,
,,,"St Nicholas House, Nottingham, NG1 6FQ",,ECOFAX LIMITED,voluntary-arrangement,low,,no accounts with document found,,,,,,,,unknown,,,1985-05-20,Nottingham,,,ECOFAX LIMITED,01915165,,,none,,NG1 6FQ,X - no evidence,,,,7011,,,
,,,"St Nicholas House, Nottingham, NG1 6FQ",,COPTOAK LIMITED,voluntary-arrangement,low,,no accounts with document found,,,,,,,,unknown,,,1985-05-20,Nottingham,,,COPTOAK LIMITED,01915157,,,none,,NG1 6FQ,X - no evidence,,,,7011,,,
,,,"St Nicholas House, Nottingham, NG1 6FQ",,BILCON LIMITED,voluntary-arrangement,low,,no accounts with document found,,,,,,,,unknown,,,1985-05-20,Nottingham,,,BILCON LIMITED,01915061,,,none,,NG1 6FQ,X - no evidence,,,,7011,,,
full,1990-03-31,accounts-with-accounts-type-full,"4 Bloomsbury Place, London, WC1A 2QA",,ASHMERE DEVELOPMENTS LIMITED,voluntary-arrangement,none,,no readable text,,,,,,,,unknown,,,1986-03-14,London,,,ASHMERE DEVELOPMENTS LIMITED,01999777,,,none,accounts/ASHMERE_DEVELOPMENTS_LIMITED_01999777.pdf,WC1A 2QA,X - no currency flow evident,"scanned pdf, pytesseract not installed",,,,,,
,,,"24,Conduit Place,, W2 1EP",,DELTAMERE LIMITED,voluntary-arrangement,low,,no accounts with document found,,,,,,,,unknown,,,1986-06-23,,,,DELTAMERE LIMITED,02030331,,,none,,W2 1EP,X - no evidence,,,,,,,
,,,"43 Chaplin Road, Bristol, BS5 0JY",,ELMSGATE DEVELOPMENTS LIMITED,voluntary-arrangement,low,,no accounts with document found,,,,,,,,unknown,,,1986-05-27,Bristol,,,ELMSGATE DEVELOPMENTS LIMITED,02023106,,,none,,BS5 0JY,X - no evidence,,,,4521,,,
,,,"15 Cavendish Square, W1M 9DA",,WALSALL SNOOKER CENTRE LIMITED,voluntary-arrangement,low,,no accounts with document found,,,,,,,,unknown,,,1987-10-12,,,,WALSALL SNOOKER CENTRE LIMITED,02176479,,,none,,W1M 9DA,X - no evidence,,,,,,,
,,,"Buchler Phillips & Co, London, W1X 9DF",,THE BIRTHDAY SHOP LIMITED,voluntary-arrangement,low,,no accounts with document found,,,,,,,,unknown,,,1987-11-30,London,,,THE BIRTHDAY SHOP LIMITED,02199940,,,none,,W1X 9DF,X - no evidence,,,,,,,
medium,2005-04-30,accounts-with-accounts-type-medium,"St Andrew House, Leeds, LS1 5JW",,P. L. WILLIAMSON LIMITED,voluntary-arrangement,none,,no readable text,,,,,,,,unknown,,,1975-12-19,Leeds,,,P. L. WILLIAMSON LIMITED,01238174,,,none,accounts/P_L_WILLIAMSON_LIMITED_01238174.pdf,LS1 5JW,X - no currency flow evident,"scanned pdf, pytesseract not installed",,,2875,,,
full,1993-06-30,accounts-with-accounts-type-full,"Costhorpe Industrial Estate, Nr Worksop, Nottinghamshire,, S81 9QR",,J. LAVIN LIMITED,voluntary-arrangement,none,,no readable text,,,,,,,,unknown,,,1976-05-07,Nr Worksop,,,J. LAVIN LIMITED,01257483,,,none,accounts/J_LAVIN_LIMITED_01257483.pdf,S81 9QR,X - no currency flow evident,"scanned pdf, pytesseract not installed",,,6024,,,
,,,"Danes Hill Trading Estate Rutherford Road, Basingstoke, Hampshire, RG24 0PD",,PLANT AND DUCTWORK COMPANY LIMITED,voluntary-arrangement,low,,no accounts with document found,,,,,,,,unknown,,,1980-01-04,Basingstoke,,,PLANT AND DUCTWORK COMPANY LIMITED,01471299,,,none,,RG24 0PD,X - no evidence,,,,2875,,,
,,,"122 High Street, East Sussex, TN22 1PX",,WHEELERS OF UCKFIELD LIMITED,voluntary-arrangement,low,,no accounts with document found,,,,,,,,unknown,,,1990-05-02,East Sussex,,,WHEELERS OF UCKFIELD LIMITED,02498028,,,none,,TN22 1PX,X - no evidence,,,,5211,,,
small,1991-08-31,accounts-with-accounts-type-small,"7 Abbey Nurseries, Farnham, Surrey, GU9 8HT",,TOTAL INTERIOR SOLUTIONS LIMITED,voluntary-arrangement,none,,no readable text,,,,,,,,unknown,,,1990-07-04,Farnham,,,TOTAL INTERIOR SOLUTIONS LIMITED,02518404,,,none,accounts/TOTAL_INTERIOR_SOLUTIONS_LIMITED_02518404.pdf,GU9 8HT,X - no evidence,"scanned pdf, pytesseract not installed",,,9231,,,
,,,"Ah Tomlinson And Co, 35 Whitworth Street West, Manchester, M1 5NG",,ANTHONY SALES LIMITED,voluntary-arrangement,low,,no accounts with document found,,,,,,,,unknown,,,1993-09-02,35 Whitworth Street West,,,ANTHONY SALES LIMITED,02849966,,,none,,M1 5NG,X - no evidence,,,,,,,
small,2015-03-31,accounts-with-accounts-type-total-exemption-small,"5 Bankside Bankside, Hull, HU5 1AP",,BENCHMARK PODS LIMITED,voluntary-arrangement,low,,"small/abridged filing - little to read, brief skipped; qualify by phone",,,,,,,,unknown,D,,2013-03-22,Hull,,,BENCHMARK PODS LIMITED,08457215,,,none,,HU5 1AP,X - no evidence,xhtml,,0,23420,,,
unknown,2000-12-31,accounts-with-made-up-date,"3rd Floor, 31 Wellington Street, Leeds, LS1 4DL",,CIVIL LOGISTICS LIMITED,voluntary-arrangement,none,,no readable text,,,,,,,,unknown,,,1998-12-16,31 Wellington Street,,,CIVIL LOGISTICS LIMITED,03684131,,,none,accounts/CIVIL_LOGISTICS_LIMITED_03684131.pdf,LS1 4DL,X - no evidence,"scanned pdf, pytesseract not installed",,,7487,,,
micro,2019-04-30,accounts-with-accounts-type-micro-entity,"The Pixmore Centre, Unit 16, Letchworth Garden City, SG6 1JG",,CAL 2020 LIMITED,voluntary-arrangement,none,,"micro accounts - no useful disclosure, skipped",,,,,,,,unknown,,,2012-01-24,Letchworth Garden City,,,CAL 2020 LIMITED,07921799,,,none,,SG6 1JG,X - no evidence,,,,70100,,,
,,,"31 Carlton Crescent, Hampshire, SO1 2EW",,00218892 LIMITED,voluntary-arrangement,low,,no accounts with document found,,,,,,,,unknown,,,1927-01-12,Hampshire,,,00218892 LIMITED,00218892,,,none,,SO1 2EW,X - no evidence,,,,,,,
small,2025-09-25,accounts-with-accounts-type-unaudited-abridged,"27 Mullaghrodden Road, Dungannon, Co. Tyrone, BT70 3LU",,PREFAB ENGINEERING LTD,voluntary-arrangement,low,,"small/abridged filing - little to read, brief skipped; qualify by phone",,"b, strong { font-weight: bold; } table { border-spacing: 10px; } .text--left { text-align: left !important; } .text--center { text-align: center!important; } .text--right { text-align: right !important; } .strong { font-weight: bold; } .center {",,Imports/exports mentioned (x3),,,,unknown,D,,2012-08-28,Dungannon,,,PREFAB ENGINEERING LTD,NI614190,,,none,,BT70 3LU,X - no evidence,xhtml,,2,28922,,,
,,,"8 High Street, Stockton On Tees, TS15 9AE",,CLEVELAND PAPERS LIMITED,voluntary-arrangement,low,,no accounts with document found,,,,,,,,unknown,,,1986-06-25,Stockton On Tees,,,CLEVELAND PAPERS LIMITED,02031142,,,none,,TS15 9AE,X - no evidence,,,,2124,,,
micro,2025-03-31,accounts-with-accounts-type-micro-entity,"Unit 4, Packhorse Place, Dunstable, LU6 3QL",,A5 AUTOBODY LIMITED,voluntary-arrangement,none,,"micro accounts - no useful disclosure, skipped",,,,,,,,unknown,,,2017-03-30,Dunstable,,,A5 AUTOBODY LIMITED,10698608,,,none,,LU6 3QL,X - no evidence,,,,45320,,,
full,2024-12-31,accounts-with-accounts-type-total-exemption-full,"Allied House, Holywood, Down, BT18 9DP","CVA approved 9 July 2024. Accounts filed as small/micro exemption with no P&L or turnover disclosed. Foreign currency policy states monetary assets/liabilities translated at spot rate with gains/losses to P&L, but no actual FX transactions or balances stated.",3EN CLOUD LTD,voluntary-arrangement,high,GBP - functional currency,,cannot estimate - no FX data disclosed,,not disclosed,,,,not disclosed,unhedged,D,none evident,2011-10-21,Holywood,,,3EN CLOUD LTD,NI609603,not disclosed,no,none,,BT18 9DP,X - no currency flow evident,xhtml,Corporate Voluntary Arrangement (CVA) approved 9 July 2024 - insolvency/restructuring signal. Accounts filed under small/micro exemption with severely limited financial disclosure.,0,74909,unclear,"Corporate Voluntary Arrangement (CVA) proposal formally approved 9 July 2024, indicating financial distress.",
micro,2025-03-31,accounts-with-accounts-type-micro-entity,"Forest House Office, Bracknell, Berkshire, RG12 0XQ",,AVATAR RECRUITMENT CONSULTANCY LIMITED,voluntary-arrangement,none,,"micro accounts - no useful disclosure, skipped",,,,,,,,unknown,,,2010-03-23,Bracknell,,,AVATAR RECRUITMENT CONSULTANCY LIMITED,07199606,,,none,,RG12 0XQ,X - no evidence,,,,78109,,,
medium,2025-06-30,accounts-with-accounts-type-medium,"Tecore House, Hove, East Sussex, BN3 3LW","Turnover £16.7m FY25 (prior 18-month period £23.7m). Gross profit increased to £3.88m despite revenue reduction, with adjusted EBITDA £1.46m. Company entered CVA 23 July 2024 writing off £4.52m liabilities. No FX gains/losses disclosed. No hedging instruments evident.",CUSTOM PHARMACEUTICALS LIMITED,voluntary-arrangement,medium,not disclosed,,cannot estimate - no FX data disclosed,"The Company recorded a pre-tax profit of £252,000, compared to a loss of £5.06 million in the prior period. Importantly, adjusted EBITDA was £1.46 million, demonstrating a significant underlying improvement in the trading performance of the business. || al cycle remains extended. This is mitigated through ongoing support from the Company's banking partners, including invoice discounting facilities, alongside strengthened cashflow management disciplines. o Cost control - strict spending approval limits an",not disclosed,Imports/exports mentioned (x1) | Invoice/supplier finance (cash tight) (x1),,,not disclosed,unhedged,C,none evident,1979-06-20,Hove,,,CUSTOM PHARMACEUTICALS LIMITED,01431692,Custom Pharmaceuticals Limited is a contract development and manufacturing organisation (CDMO) providing drug product development services and pharmaceutical manufacturing.,no,none,,BN3 3LW,X - no currency flow evident,xhtml,Company Voluntary Arrangement on 23 July 2024 indicates prior financial distress; extended working capital cycle due to tighter credit terms post-CVA; reduced biotech funding impacting key target segment; audit noted going concern assessed appropriately but company remains dependent on banking partner support including invoice discounting facilities.,5,21200,minimal,Company Voluntary Arrangement entered 23 July 2024 reducing fixed costs; exited facility build project due to inflationary pressures; launched Centrix Pharma Solutions brand for drug product development focus.,16700000
micro,2025-06-30,accounts-with-accounts-type-micro-entity,"42 High Street, Harlow, CM17 0DW",,SHWE TAN LIMITED,voluntary-arrangement,none,,"micro accounts - no useful disclosure, skipped",,,,,,,,unknown,,,2010-06-14,Harlow,,,SHWE TAN LIMITED,07283736,,,none,,CM17 0DW,X - no evidence,,,,96020,,,
micro,2025-10-31,accounts-with-accounts-type-micro-entity,"27 Sandersfield, Banstead, SM7 2DH",,KELTEK SERVICES LIMITED,voluntary-arrangement,none,,"micro accounts - no useful disclosure, skipped",,,,,,,,unknown,,,2011-10-20,Banstead,,,KELTEK SERVICES LIMITED,07817552,,,none,,SM7 2DH,X - no evidence,,,,43999,,,
micro,2025-11-30,accounts-with-accounts-type-micro-entity,"49b C/O C S Wilkinson, Witney, Oxfordshire, OX28 6AG",,EMEX TECHNOLOGIES LIMITED,voluntary-arrangement,none,,"micro accounts - no useful disclosure, skipped",,,,,,,,unknown,,,2014-10-13,Witney,,,EMEX TECHNOLOGIES LIMITED,09261233,,,none,,OX28 6AG,X - no evidence,,,,82990,,,
full,2025-03-31,accounts-with-accounts-type-total-exemption-full,"2 Cathedral Street, London, SE1 9DE","Company has opted out of delivering P&L to Companies House under section 444(1) CA 2006. No FX gains/losses, currency exposures, or hedging activity disclosed in available extracts. Imports/exports signalled but no geographic or turnover data provided.",SIMON HARRISON LIMITED,voluntary-arrangement,high,not disclosed,,cannot estimate - no FX data disclosed,.notesSubSection{ margin-left: 1em;}.subRow td:first-child{ padding-left: 1em;}th.oneWordPerLine { text-align: center !important; vertical-align: bottom; word-spacing: 100vw;}th.noWrap { text-align: left !important; vertical-align: bottom; white-space: nowrap;}th.toBottom { text-ali,not disclosed,Imports/exports mentioned (x3),,,not disclosed,unhedged,D,none evident,1999-10-27,London,,,SIMON HARRISON LIMITED,03867147,Simon Harrison Limited is a company engaged in the sale of goods and rendering of services with international trade activity.,no,none,,SE1 9DE,X - no currency flow evident,xhtml,none,2,32130,unclear,none found,
full,2024-12-31,accounts-with-accounts-type-total-exemption-full,"71 - 71 Shelton Street, London, WC2H 9JQ",Accounts are abridged with P&L not filed. No exchange gains/losses disclosed. No FX hedging instruments mentioned. Corporate Voluntary Arrangement active since December 2018.,PROPERTY TV BROADCASTING LTD,voluntary-arrangement,high,not disclosed,,cannot estimate - no FX data disclosed,,not disclosed,,,,not disclosed,unhedged,D,none evident,2012-11-30,London,,,PROPERTY TV BROADCASTING LTD,08314162,Television programming and broadcasting company.,no,none,,WC2H 9JQ,X - no currency flow evident,xhtml,"Corporate Voluntary Arrangement with HMRC in place since December 2018 indicates historical financial distress, though going concern basis is stated.",0,60200,unclear,Corporate Voluntary Arrangement with HMRC and other creditors set up 20 December 2018. Going concern basis maintained.,
full,2024-12-30,accounts-with-accounts-type-total-exemption-full,"Vaughan Chambers, Harpenden, Hertfordshire, AL5 4EE","Company entered CVA 27 July 2017 with terms varied 26 February 2019 and 5 October 2021. Not a going concern at balance sheet date. Liabilities exceed total assets. No turnover, FX, or hedging data disclosed in abridged filing.",PRIMUS CONSTRUCTION LIMITED,voluntary-arrangement,high,not disclosed,,cannot estimate - no FX data disclosed,,not disclosed,,,,not disclosed,unhedged,D,none evident,2011-01-07,Harpenden,,,PRIMUS CONSTRUCTION LIMITED,07485648,Construction company engaged in long-term contracts and construction projects.,no,none,,AL5 4EE,X - no currency flow evident,xhtml,Company Voluntary Arrangement ongoing since 2017. Not a going concern at balance sheet date. Liabilities exceed total assets. Final outcome of CVA uncertain.,0,41201,minimal,Company in ongoing CVA since 27 July 2017. Not a going concern at balance sheet date 30 December 2024. Liabilities exceed total assets.,
micro,2025-03-31,accounts-with-accounts-type-micro-entity,"6 Derryloughan Avenue, Dungannon, BT71 4QX",,C ROBINSON TRANSPORT LTD,voluntary-arrangement,none,,"micro accounts - no useful disclosure, skipped",,,,,,,,unknown,,,2017-05-23,Dungannon,,,C ROBINSON TRANSPORT LTD,NI645979,,,none,,BT71 4QX,X - no evidence,,,,49410,,,
full,2024-03-31,accounts-with-accounts-type-total-exemption-full,"306 Stafford Road, Croydon, CR0 4NH","Company in net liability position of £68,559 as at 31 March 2024. No P&L disclosed; accounts filed as abridged with exemption elected. No FX gains/losses disclosed. Bank borrowings increased from £492,479 to £459,211.",BROOKLYN LAW LIMITED,voluntary-arrangement,high,GBP - functional currency; foreign currencies mentioned in policy but no specific currency names stated,,cannot estimate - no FX data disclosed,,not disclosed,,,,not disclosed,unhedged,D,none evident,2016-02-15,Croydon,,,BROOKLYN LAW LIMITED,10004052,Brooklyn Law Limited is a UK-based legal services company providing professional advisory services.,no,none,,CR0 4NH,X - no currency flow evident,xhtml,"Company is insolvent on balance sheet (negative equity of £68,559). Going concern status not disclosed for accounts filed under audit exemption.",0,69102,minimal,"Company moved to negative equity position (deficit of £68,559 at 31 March 2024 vs surplus of £77,629 prior year). Trade debtors fell 67% from £262,788 to £85,825.",
dormant,2025-09-30,accounts-with-accounts-type-dormant,"95 Cromwell Road, London, SW7 4DL",,FRASERS FB (HOUSE) LIMITED,voluntary-arrangement,none,,"dormant accounts - no useful disclosure, skipped",,,,,,,,unknown,,,1969-05-28,London,,,FRASERS FB (HOUSE) LIMITED,00955087,,,none,,SW7 4DL,X - no evidence,,,,68100,,,
full,2025-06-30,accounts-with-accounts-type-total-exemption-full,"Group First House, Padiham, Lancs, BB12 7NG","Company is unaudited small company filing. No P&L statement filed. No FX activity, exposure, gains, losses, or hedging instruments disclosed anywhere in accounts. Balance sheet only: investment property £5.4m; net assets £3.57m; bank debt £2.42m total.",HARLEY SCOTT RESIDENTIAL LIMITED,voluntary-arrangement,high,not disclosed,,cannot estimate - no FX data disclosed,,not disclosed,,,,not disclosed,unhedged,D,none evident,2006-03-29,Padiham,,,HARLEY SCOTT RESIDENTIAL LIMITED,05760390,Harley Scott Residential Limited is a UK property investment company that owns and lets residential investment property.,no,none,,BB12 7NG,X - no currency flow evident,xhtml,none,0,"68100, 68209",minimal,none found,
full,2025-05-29,accounts-with-accounts-type-total-exemption-full,"33 Wolverhampton Road, Cannock, WS11 1AP","Net liabilities £394,889 as at 29 May 2025, worsened from £263,156 in 2024. Balance sheet shows no P&L statement filed; accounts prepared under small companies exemption with no turnover disclosure. No FX activity, hedging instruments, or currency exposure evident.",HENDON UNIVERSAL PROPERTY COMPANY LIMITED,voluntary-arrangement,high,not disclosed,,cannot estimate - no FX data disclosed,,not disclosed,,,,not disclosed,unhedged,D,none evident,2015-11-06,Cannock,,,HENDON UNIVERSAL PROPERTY COMPANY LIMITED,09860937,Hendon Universal Property Company Limited operates as a property company with tangible fixed assets and inventory holdings.,no,none,,WS11 1AP,X - no currency flow evident,xhtml,"Going concern at risk: company is technically insolvent with negative shareholders' funds of £394,889 (2025) and £263,156 (2024). Net current liabilities of £474,585 indicate liquidity stress. Current assets £289,101 insufficient to cover current liabilities £763,686.",0,68209,minimal,none found,
full,2025-03-31,accounts-with-accounts-type-total-exemption-full,"20 Devon Square, Newton Abbot, Devon, TQ12 2HR","No turnover figure disclosed in accounts. No FX gains or losses reported. No hedging instruments held or referenced. Company in CVA with net liabilities of £1,018,149.",CENTUM BOOKS LIMITED,voluntary-arrangement,high,not disclosed,,cannot estimate - no FX data disclosed,"ear. The correction of this misstatement has been reflected as a prior year adjustment. This resulted in an increase of £323,375 to the retained deficit brought forward. A further adjustment for understated debtors was identified for the year ended 31 March 2023. The correction of this misstatement has been reflected as a pri || oreign currencies are recorded at the rate of exchange at the date of the transaction. Monetary assets and liabilities denominated in foreign currencies at the Balance Sheet date are reported at the rates of exchange prevailing at that date. Turnover || px; margin: 0; font-weight: bold; } .remove-styling table thead { text-transform: none; } * { font-size: 11px !important; } .intro h1, .intro h3, .intro div, h1, h2, h3, h4 { margin: 0; font-weight: bold; line-height: 1.6; } .intro h1, .header-company, .header-title {",not disclosed,HEDGE VALUE stated (x2) | Foreign currency transactions (x1) | Imports/exports mentioned (x1),,,not disclosed,unhedged,C,none evident,2011-05-20,Newton Abbot,,,CENTUM BOOKS LIMITED,07641486,Centum Books Limited publishes books.,no,none,,TQ12 2HR,X - no currency flow evident,xhtml,"Going concern qualified by negative net liabilities of £1,018,149. Corporate Voluntary Arrangement in place since 4 December 2023. Disputed creditor balances of £861,020 unresolved. Prior year restatements for overstated/understated debtors indicate control weaknesses.",13,58110,minimal,"Company entered CVA on 4 December 2023; net liabilities of £1,018,149 at year end; disputed trade creditor balances of £861,020 remain unresolved.",
micro,2025-05-31,accounts-with-accounts-type-micro-entity,"The Old Grange Lordship Road, Chelmsford, CM1 3WT",,HEALTHCARE NORTH EAST LIMITED,voluntary-arrangement,none,,"micro accounts - no useful disclosure, skipped",,,,,,,,unknown,,,1995-06-28,Chelmsford,,,HEALTHCARE NORTH EAST LIMITED,03073303,,,none,,CM1 3WT,X - no evidence,,,,46900,,,
small,2026-03-02,accounts-with-accounts-type-unaudited-abridged,"Kirton House Church Lane, Retford, DN22 9NA",,WORKPLACE FIRE & SAFETY TRAINING LTD,voluntary-arrangement,low,,"small/abridged filing - little to read, brief skipped; qualify by phone",,} .report-body .pagebreak { page-break-before: always; break-before: always } .report-body .pageno { display: none!important } .report-body .page-body { padding: 0; vertical-align: top } .report-body .avoid-pagebreak { page-break-inside: avoid; break-inside: avoid } .report,,Imports/exports mentioned (x3),,,,unknown,D,,2013-08-22,Retford,,,WORKPLACE FIRE & SAFETY TRAINING LTD,08660475,,,none,,DN22 9NA,X - no evidence,xhtml,,2,84250,,,
full,2024-12-31,accounts-with-accounts-type-total-exemption-full,"Rodwell Farm, Addlestone, Surrey, KT15 1HH","Unaudited small company accounts with no P&L disclosed. Balance sheet shows net assets of £29,989 (2024) recovered from net liabilities of £112,508 (2023). No exchange gains/losses, currency exposures, or hedging activity disclosed.",FORM PLANTS LIMITED,voluntary-arrangement,high,not disclosed,,cannot estimate - no FX data disclosed,,not disclosed,,,,not disclosed,unhedged,D,none evident,2018-10-18,Addlestone,,,FORM PLANTS LIMITED,11630745,"Form Plants Limited grows, cultivates or supplies plants and plant-related products.",no,none,,KT15 1HH,X - no currency flow evident,xhtml,"Director has advanced £37,253 to company on demand with no interest (note 7). Company moved from net liabilities to thin equity in one year. Net current liabilities of £33,213 despite £701,001 current assets—high reliance on creditor terms.",0,96090,minimal,none found,
micro,2025-08-31,accounts-with-accounts-type-micro-entity,"Carlyle House, Bolton Lancashire, BL1 4BY",,PANDA DEVELOPMENTS LIMITED,voluntary-arrangement,none,,"micro accounts - no useful disclosure, skipped",,,,,,,,unknown,,,1984-08-13,Bolton Lancashire,,,PANDA DEVELOPMENTS LIMITED,01840194,,,none,,BL1 4BY,X - no evidence,,,,68100,,,
full,2024-12-31,accounts-with-accounts-type-total-exemption-full,"207 Stoneleigh Hurley Common, Atherstone, CV9 2LR","Company has taken advantage of section 444(1) Companies Act 2006 and opted not to deliver profit and loss account to registrar. Accounting policy states exchange differences taken into account in arriving at operating profit, but no FX gains/losses figures disclosed. No hedging instruments evident in accounts.",ROGER FREEMAN & SONS LIMITED,voluntary-arrangement,high,not disclosed,,cannot estimate - no FX data disclosed,,not disclosed,,,,not disclosed,unhedged,D,none evident,2010-12-13,Atherstone,,,ROGER FREEMAN & SONS LIMITED,07467866,not disclosed,no,none,,CV9 2LR,X - no currency flow evident,xhtml,none,0,49410,unclear,none found,
micro,2024-12-31,accounts-with-accounts-type-micro-entity,"7-13 Boucher Road, Belfast, BT12 6HR",,JAA RECEIVABLES LIMITED,voluntary-arrangement,none,,"micro accounts - no useful disclosure, skipped",,,,,,,,unknown,,,2018-04-13,Belfast,,,JAA RECEIVABLES LIMITED,NI652376,,,none,,BT12 6HR,X - no evidence,,,,51102,,,
micro,2024-12-31,accounts-with-accounts-type-micro-entity,"75 High Street, Gravesend, DA11 0BH",,NOSTRADA UK LIMITED,voluntary-arrangement,none,,"micro accounts - no useful disclosure, skipped",,,,,,,,unknown,,,2017-06-22,Gravesend,,,NOSTRADA UK LIMITED,10832122,,,none,,DA11 0BH,X - no evidence,,,,49410,,,
micro,2025-01-31,accounts-with-accounts-type-micro-entity,"Layton House, Blackpool, Lancashire, FY3 7BJ",,A. NELSON (BLACKPOOL) LIMITED,voluntary-arrangement,none,,"micro accounts - no useful disclosure, skipped",,,,,,,,unknown,,,2004-01-08,Blackpool,,,A. NELSON (BLACKPOOL) LIMITED,05009814,,,none,,FY3 7BJ,X - no evidence,,,,43220,,,
small,2025-09-30,accounts-with-accounts-type-unaudited-abridged,"36 Holmethorpe Avenue, Redhill, Surrey, RH1 2NL",,OLIVER CHARLES LTD,voluntary-arrangement,low,,"small/abridged filing - little to read, brief skipped; qualify by phone",,"b, strong { font-weight: bold; } table { border-spacing: 10px; } .text--left { text-align: left !important; } .text--center { text-align: center!important; } .text--right { text-align: right !important; } .strong { font-weight: bold; } .center {",,Imports/exports mentioned (x3),,,,unknown,D,,2016-10-24,Redhill,,,OLIVER CHARLES LTD,10442845,,,none,,RH1 2NL,X - no evidence,xhtml,,2,31090,,,
micro,2025-03-31,accounts-with-accounts-type-micro-entity,"Unit 1, 38 Montgomery Road, Belfast, Antrim, BT6 9HL",,SENSATIONS LEARNING SUPPORT C.I.C.,voluntary-arrangement,none,,"micro accounts - no useful disclosure, skipped",,,,,,,,unknown,,,2015-03-27,Belfast,,,SENSATIONS LEARNING SUPPORT C.I.C.,NI630318,,,none,,BT6 9HL,X - no evidence,,,,85600,,,
micro,2025-02-28,accounts-with-accounts-type-micro-entity,"4 Nelson Street, Southend-On-Sea, SS1 1EF",,NAID CARE LIMITED,voluntary-arrangement,none,,"micro accounts - no useful disclosure, skipped",,,,,,,,unknown,,,2011-02-28,Southend-On-Sea,,,NAID CARE LIMITED,07545009,,,none,,SS1 1EF,X - no evidence,,,,"86102, 86900",,,
full,2025-06-30,accounts-with-accounts-type-total-exemption-full,"Group First House, Padiham, Lancs, BB12 7NG","Company is property-focused with £324,000 investment property and £3.0m debtors (FY25). No P&L disclosed. Directors elected not to include profit/loss account. No export activity or FX transactions evident in accounts.",PARK FIRST LIMITED,voluntary-arrangement,high,not disclosed,,cannot estimate - no FX data disclosed,"effective interest method. Changes in the fair value of derivatives that are designated and qualify as fair value hedges are recognised in profit or loss immediately, together with any changes in the fair value of the hedged asset or liability that are attributable to the hedged",not disclosed,Mentions hedging (x3),,,not disclosed,unhedged,C,none evident,2010-02-16,Padiham,,,PARK FIRST LIMITED,07158270,Property investment and rental company holding freehold investment property.,no,none,,BB12 7NG,X - no currency flow evident,xhtml,none,4,68100,minimal,none found,
micro,2025-06-30,accounts-with-accounts-type-micro-entity,"Group First House, Burnley, BB12 7NG",,PARK FIRST SKYPORT LIMITED,voluntary-arrangement,none,,"micro accounts - no useful disclosure, skipped",,,,,,,,unknown,,,2015-04-24,Burnley,,,PARK FIRST SKYPORT LIMITED,09560196,,,none,,BB12 7NG,X - no evidence,,,,68100,,,
micro,2025-06-30,accounts-with-accounts-type-micro-entity,"Group First House Mead Way, Burnley, Lancashire, BB12 7NG",,HELP-ME-PARK.COM LIMITED,voluntary-arrangement,none,,"micro accounts - no useful disclosure, skipped",,,,,,,,unknown,,,2005-09-14,Burnley,,,HELP-ME-PARK.COM LIMITED,05563009,,,none,,BB12 7NG,X - no evidence,,,,99999,,,
full,2025-12-31,accounts-with-accounts-type-total-exemption-full,"C/O WSM MARKS BLOOM LLP, Kingston Upon Thames, KT1 4EQ","Net liabilities £1,520,513 (2025) and £1,582,127 (2024). No P&L statement disclosed; accounts are filleted/abridged. Operating under CVA since August 2021. No FX exposure, hedging instruments, or export data disclosed.",LWS INTERIOR SOLUTIONS LTD,voluntary-arrangement,high,not disclosed,,cannot estimate - no FX data disclosed,A charge registered on 11th December 2018 by HSBC Invoice Finance provides a fixed and floating charge over all the company's property or undertakings of the company. A charge registered on 12th November 2018 by HSBC UK B,not disclosed,Invoice/supplier finance (cash tight) (x1),,,not disclosed,unhedged,D,none evident,2000-06-15,Kingston Upon Thames,,,LWS INTERIOR SOLUTIONS LTD,04015318,LWS Interior Solutions Ltd supplies interior solutions products and services to the UK market.,no,none,,KT1 4EQ,X - no currency flow evident,xhtml,Net liabilities position. Company Voluntary Agreement in place indicating historic financial distress. Going concern statement cites economic uncertainty over demand and bank finance availability. Unaudited filleted accounts with P&L not delivered to Registrar.,3,"46730, 47520",minimal,"Company operating under Company Voluntary Agreement with creditors since August 2021 (6-year fixed period). Balance sheet shows net liabilities of £1,520,513 at 31 Dec 2025.",
full,2025-03-31,accounts-with-accounts-type-total-exemption-full,"Unit 1b Rouen Road, Norwich, NR1 1RB","Small companies regime filer with no income statement filed. Balance sheet shows current liabilities 107,776 and non-current liabilities 2,500. Going concern assessed as adequate by directors.",TRUST CARE AGENCY LIMITED,voluntary-arrangement,high,not disclosed,,cannot estimate - no FX data disclosed,"px; margin: 0; font-weight: bold; } .remove-styling table thead { text-transform: none; } * { font-size: 11px !important; } .intro h1, .intro h3, .intro div, h1, h2, h3, h4 { margin: 0; font-weight: bold; line-height: 1.6; } .intro h1, .header-company, .header-title {",not disclosed,Imports/exports mentioned (x1),,,not disclosed,unhedged,D,none evident,2014-03-27,Norwich,,,TRUST CARE AGENCY LIMITED,08962433,Trust Care Agency Limited provides care agency services.,no,none,,NR1 1RB,X - no currency flow evident,xhtml,Abridged accounts filed under small companies regime; no P&L or turnover disclosed; signals mention of imports/exports but no supporting data in accounts text provided.,2,87100,minimal,none found,
full,2025-03-31,accounts-with-accounts-type-total-exemption-full,"17 Plumbers Row, Unit D, London, E1 1EQ","Balance sheet shows net liabilities of £198,040 as at 31 March 2025. No profit and loss account disclosed. No FX exposures, hedging activity, or international trading evident in accounts.",I & S CHILDCARE LTD,voluntary-arrangement,high,not disclosed,,cannot estimate - no FX data disclosed,,not disclosed,,,,not disclosed,unhedged,D,none evident,2017-03-02,London,,,I & S CHILDCARE LTD,10648045,I & S Childcare Ltd operates a childcare facility in the UK.,no,none,,E1 1EQ,X - no currency flow evident,xhtml,"Net liabilities position (£198,040). Negative working capital of £215,376. Small companies regime filing with no P&L disclosure limits financial visibility.",0,85100,minimal,none found,
full,2025-03-31,accounts-with-accounts-type-total-exemption-full,"50 Silverwood Road, Craigavon, BT66 6NA","Company filed abridged accounts under Section 444 Companies Act 2006; no income statement delivered. Bank loans and overdrafts: 10,000. No FX exposure, hedging activity, or currency transactions disclosed.",TABOO DONUTS LTD,voluntary-arrangement,high,not disclosed,,cannot estimate - no FX data disclosed,,not disclosed,,,,not disclosed,unhedged,D,none evident,2018-03-14,Craigavon,,,TABOO DONUTS LTD,NI651679,Taboo Donuts Ltd operates a donut manufacturing or retail business in the United Kingdom.,no,none,,BT66 6NA,X - no currency flow evident,xhtml,none,0,10710,minimal,none found,
full,2025-03-31,accounts-with-accounts-type-total-exemption-full,"45 Oakfield Road, Bristol, BS8 2AX","Company has not disclosed turnover (abridged accounts, P&L not filed). No exchange gains or losses disclosed. No FX exposure evident in accounts. Company subject to CVA since 2008 with significant creditor arrangements.",EDWARD WARE HOMES LIMITED,voluntary-arrangement,high,not disclosed,,cannot estimate - no FX data disclosed,.notesSubSection{ margin-left: 1em;}.subRow td:first-child{ padding-left: 1em;}th.oneWordPerLine { text-align: center !important; vertical-align: bottom; word-spacing: 100vw;}th.noWrap { text-align: left !important; vertical-align: bottom; white-space: nowrap;}th.toBottom { text-ali,not disclosed,Imports/exports mentioned (x3),,,not disclosed,unhedged,D,none evident,2002-11-15,Bristol,,,EDWARD WARE HOMES LIMITED,04592061,Edward Ware Homes Limited is a UK residential property developer and builder.,no,none,,BS8 2AX,X - no currency flow evident,xhtml,"Company Voluntary Arrangement (CVA) in place since 8 August 2008. Significant secured debt (£940,000 and £440,000 loans with debentures and personal guarantees from director Edward Ware). Loan notes of £440,000 subject to profit-sharing redemption terms due to uncertainty in estimating future profits. Related-party loan of £2,236,605 due to director Edward Ware, of which £576,775 subject to CVA terms. Impairment provision of £271,139 against subsidiary loans made in 2018.",2,"41202, 68100",minimal,Company entered CVA with creditors on 8 August 2008; financial statements reflect asset write-downs consequent to CVA.,
full,2025-06-30,accounts-with-accounts-type-total-exemption-full,"124 City Road, London, EC1V 2NX","Balance sheet only; no P&L filed. Net assets improved from £3,133 (2024) to £34,294 (2025). No FX exposure, hedging, or currency data disclosed. Cash £36,000; debtors £209,557.",DOUCE FRANCE LIMITED,voluntary-arrangement,high,not disclosed,,cannot estimate - no FX data disclosed,,not disclosed,,,,not disclosed,unhedged,D,none evident,2009-04-29,London,,,DOUCE FRANCE LIMITED,06891368,Douce France Limited is a UK-registered company engaged in the sale of goods and rendering of services.,no,none,,EC1V 2NX,X - no currency flow evident,xhtml,none,0,"56103, 56290",unclear,none found,
micro,2025-06-30,accounts-with-accounts-type-micro-entity,"Unit 33 Block G - Flexspace,, Caerphilly, CF83 1BE",,TOOL RAPTORS LTD,voluntary-arrangement,none,,"micro accounts - no useful disclosure, skipped",,,,,,,,unknown,,,2015-06-29,Caerphilly,,,TOOL RAPTORS LTD,09662094,,,none,,CF83 1BE,X - no evidence,,,,25730,,,
small,2022-06-30,accounts-with-accounts-type-unaudited-abridged,"Lytchett House 13 Freeland Park, Poole, Dorset, BH16 6FA",,CRL MANAGEMENT LIMITED,voluntary-arrangement,low,,"small/abridged filing - little to read, brief skipped; qualify by phone",,"ont-size: 2em;} b,strong { font-weight: bold;} table { border-spacing: 10px;} .text--left { text-align: left !important;}.text--center { text-align: center!important;}.text--right { text-align: right !important;} .strong { font-weight: bold;} .center { text-align:",,Imports/exports mentioned (x3),,,,unknown,D,,2011-03-14,Poole,,,CRL MANAGEMENT LIMITED,07563546,,,none,,BH16 6FA,X - no evidence,xhtml,,2,65202,,,
micro,2024-10-31,accounts-with-accounts-type-micro-entity,"95 Cregagh Road, Belfast, BT6 8PY",,D MCNEILLY LTD,voluntary-arrangement,none,,"micro accounts - no useful disclosure, skipped",,,,,,,,unknown,,,2009-10-30,Belfast,,,D MCNEILLY LTD,NI601152,,,none,,BT6 8PY,X - no evidence,,,,96090,,,
micro,2025-09-30,accounts-with-accounts-type-micro-entity,"Unit Three, Lincoln, Lincolnshire, LN6 3QT",,A. GREEN ENGINEERING (LINCOLN) LIMITED,voluntary-arrangement,none,,"micro accounts - no useful disclosure, skipped",,,,,,,,unknown,,,1982-03-04,Lincoln,,,A. GREEN ENGINEERING (LINCOLN) LIMITED,01620123,,,none,,LN6 3QT,X - no evidence,,,,25990,,,
full,2025-12-31,accounts-with-accounts-type-total-exemption-full,"4 Market Road, Tavistock, Devon, PL19 0BW","Company filed under small companies regime with no P&L delivered. CVA approved 19 November 2024 with £254,357 outstanding CVA obligations as at balance sheet date. No evidence of FX hedging, forward contracts, or foreign currency exposure management.",MANSBRIDGE BALMENT LIMITED,voluntary-arrangement,high,not disclosed,,cannot estimate - no FX data disclosed,"oreign currencies are recorded at the rate of exchange at the date of the transaction. Monetary assets and liabilities denominated in foreign currencies at the Balance Sheet date are reported at the rates of exchange prevailing at that date. Turnover || px; margin: 0; font-weight: bold; } .remove-styling table thead { text-transform: none; } * { font-size: 11px !important; } .intro h1, .intro h3, .intro div, h1, h2, h3, h4 { margin: 0; font-weight: bold; line-height: 1.6; } .intro h1, .header-company, .header-title {",not disclosed,Foreign currency transactions (x1) | Imports/exports mentioned (x1),,,not disclosed,unhedged,C,none evident,2000-02-28,Tavistock,,,MANSBRIDGE BALMENT LIMITED,03935647,Estate agent operating in the United Kingdom.,no,none,,PL19 0BW,X - no currency flow evident,xhtml,"Company Voluntary Arrangement (CVA) in place since November 2024 - formal debt restructuring with creditors. Creditors within one year £67,475; creditors after one year £337,706 (total £405,181 debt). Going concern status unclear; accounts prepared under small companies regime with no P&L disclosure.",5,68310,minimal,Company entered into Company Voluntary Arrangement (CVA) with creditors on 19 November 2024; debts restructured over agreed period.,
full,2023-12-31,accounts-with-accounts-type-total-exemption-full,"Flat 4, 318, Manor House Court Green Lanes, London, N4 1BX","Income statement not delivered under Section 444 Companies Act 2006. No turnover, FX gains/losses, or currency exposure disclosed. Related party loan of £211,054 outstanding at 31 December 2023.",SAPIENTIA DEVELOPMENTS LTD,voluntary-arrangement,high,not disclosed,,cannot estimate - no FX data disclosed,,not disclosed,,,,not disclosed,unhedged,D,none evident,2020-12-14,London,,,SAPIENTIA DEVELOPMENTS LTD,13080811,Construction services provider.,no,none,,N4 1BX,X - no currency flow evident,xhtml,Abridged filing with no P&L. Income statement delivery exemption claimed. Unable to assess solvency or FX exposure.,0,43999,unclear,none found,
full,2024-04-30,accounts-with-accounts-type-total-exemption-full,"60 Hollywell Hill, St Albans, Hertfordshire, AL1 1BX","Net liabilities of £74,404 at 30 April 2024, worsened from £49,487 prior year. P&L statement not filed - full accounts but with P&L omitted by director election. No turnover, FX position or hedging data disclosed. Cash £423 at year-end.",MORWARD LIMITED,voluntary-arrangement,high,not disclosed,,cannot estimate - no FX data disclosed,,not disclosed,,,,not disclosed,unhedged,D,none evident,2015-04-16,St Albans,,,MORWARD LIMITED,09545472,not disclosed,no,none,,AL1 1BX,X - no currency flow evident,xhtml,"Negative equity (net liabilities £74,404). Current liabilities exceed current assets by £77,275. Director loan of £88,738 represents 96% of debtors. Minimal cash position (£423). Going concern not addressed in disclosed statements. No P&L filed prevents assessment of trading position.",0,96020,minimal,none found,
micro,2024-03-31,accounts-with-accounts-type-micro-entity,"10b Main Street, Carrickmore, Tyrone, BT79 9AY",,ALLISON ELECTRICAL CONTRACTS LTD,voluntary-arrangement,none,,"micro accounts - no useful disclosure, skipped",,,,,,,,unknown,,,2011-03-31,Carrickmore,,,ALLISON ELECTRICAL CONTRACTS LTD,NI606889,,,none,,BT79 9AY,X - no evidence,,,,43210,,,
unknown,2025-03-31,accounts-with-accounts-type-audit-exemption-subsiduary,"23 Stockmans Way, Belfast, BT9 7ET",,BELFAST PUB CO. LTD,voluntary-arrangement,none,,no readable text,,,,,,,,unknown,,,2019-10-30,Belfast,,,BELFAST PUB CO. LTD,NI665458,,,none,accounts/BELFAST_PUB_CO_LTD_NI665458.pdf,BT9 7ET,X - no evidence,"scanned pdf, pytesseract not installed",,,56302,,,
small,2026-01-06,accounts-with-accounts-type-unaudited-abridged,"117 Dartford Road, Kent, DA1 3EN",,ABLE DATA SERVICES LTD,voluntary-arrangement,low,,"small/abridged filing - little to read, brief skipped; qualify by phone",,.notesSubSection{ margin-left: 1em;}.subRow td:first-child{ padding-left: 1em;}th.oneWordPerLine { text-align: center !important; vertical-align: bottom; word-spacing: 100vw;}th.noWrap { text-align: left !important; vertical-align: bottom; white-space: nowrap;}th.toBottom { text-ali,,Imports/exports mentioned (x3),,,,unknown,D,,2001-03-05,Kent,,,ABLE DATA SERVICES LTD,04172889,,,none,,DA1 3EN,X - no evidence,xhtml,,2,69201,,,
micro,2025-03-31,accounts-with-accounts-type-micro-entity,"18 Letteran Road, Cookstown, County Tyrone, BT80 9XW",,DIRNAN LIMITED,voluntary-arrangement,none,,"micro accounts - no useful disclosure, skipped",,,,,,,,unknown,,,2010-03-25,Cookstown,,,DIRNAN LIMITED,NI602642,,,none,,BT80 9XW,X - no evidence,,,,01410,,,
small,2025-07-26,accounts-with-accounts-type-unaudited-abridged,"12b Station Road, Sheffield, South Yorkshire, S35 2XH",,HALLAM24 HEALTHCARE LTD,voluntary-arrangement,low,,"small/abridged filing - little to read, brief skipped; qualify by phone",,"b, strong { font-weight: bold; } table { border-spacing: 10px; } .text--left { text-align: left !important; } .text--center { text-align: center!important; } .text--right { text-align: right !important; } .strong { font-weight: bold; } .center {",,Imports/exports mentioned (x3),,,,unknown,D,,2013-10-30,Sheffield,,,HALLAM24 HEALTHCARE LTD,08754254,,,none,,S35 2XH,X - no evidence,xhtml,,2,87900,,,
micro,2025-05-31,accounts-with-accounts-type-micro-entity,"Sobus - Freston Road Hub, London, Greater London, W10 6TT",,TILT PROFESSIONAL MAKEUP LTD,voluntary-arrangement,none,,"micro accounts - no useful disclosure, skipped",,,,,,,,unknown,,,2013-05-07,London,,,TILT PROFESSIONAL MAKEUP LTD,08517760,,,none,,W10 6TT,X - no evidence,,,,47750,,,
full,2024-12-31,accounts-with-accounts-type-full,"Nationworld House, Willenhall, WV13 3AP",,UK HAIRDRESSERS 2019 LIMITED,voluntary-arrangement,none,,no readable text,,,,,,,,unknown,,,2019-12-03,Willenhall,,,UK HAIRDRESSERS 2019 LIMITED,12345843,,,none,accounts/UK_HAIRDRESSERS_2019_LIMITED_12345843.pdf,WV13 3AP,X - no currency flow evident,"scanned pdf, pytesseract not installed",,,96020,,,
full,2025-02-26,accounts-with-accounts-type-total-exemption-full,"29 Lyth Hill Road, Shrewsbury, Shropshire, SY3 0EW","Company opted out of delivering P&L to registrar under section 444(1) Companies Act 2006. No turnover, exchange gain/loss, or currency figures disclosed. Hire purchase obligations £13,663 (2024: £8,103) secured against assets.",4PE SYSTEMS LTD,voluntary-arrangement,high,not disclosed,,cannot estimate - no FX data disclosed,.notesSubSection{ margin-left: 1em;}.subRow td:first-child{ padding-left: 1em;}th.oneWordPerLine { text-align: center !important; vertical-align: bottom; word-spacing: 100vw;}th.noWrap { text-align: left !important; vertical-align: bottom; white-space: nowrap;}th.toBottom { text-ali,not disclosed,Imports/exports mentioned (x3),,,not disclosed,unhedged,D,none evident,2009-02-05,Shrewsbury,,,4PE SYSTEMS LTD,06811457,4PE Systems Ltd provides systems and services with international trade operations involving imports and exports.,no,none,,SY3 0EW,X - no currency flow evident,xhtml,none,2,46140,unclear,none found,
micro,2025-08-31,accounts-with-accounts-type-micro-entity,"248 Upper Newtownards Road, Belfast, Antrim, BT4 3EU",,SPL SALONS LIMITED,voluntary-arrangement,none,,"micro accounts - no useful disclosure, skipped",,,,,,,,unknown,,,2015-05-22,Belfast,,,SPL SALONS LIMITED,NI631479,,,none,,BT4 3EU,X - no evidence,,,,74990,,,
dormant,2025-06-30,accounts-with-accounts-type-dormant,"Trinity Chambers, Warrington, Cheshire, WA1 1EG",,DEVON HOUSE DEVELOPMENTS LIMITED,voluntary-arrangement,none,,"dormant accounts - no useful disclosure, skipped",,,,,,,,unknown,,,1988-03-24,Warrington,,,DEVON HOUSE DEVELOPMENTS LIMITED,02235538,,,none,,WA1 1EG,X - no evidence,,,,41100,,,
full,2024-06-30,accounts-with-accounts-type-total-exemption-full,"9 Park Lane Business Centre Park Lane, Colchester, Essex, CO4 5WR","No P&L statement filed (abridged accounts). Trade debtors 1,027,048 and amounts owed by group undertakings 807,013 as at 30 June 2024. No FX gains, losses, or hedging instruments disclosed. Foreign currency policy states all differences taken to P&L but no amounts reported.",RIVAL CONSTRUCTION (LONDON) LTD,voluntary-arrangement,high,not disclosed,,cannot estimate - no FX data disclosed,Rival Construction (London) Ltd Accounts body { padding:0cm;margin:0cm !important; }.userPageBreak { page-break-after:always; }table { table-layout:fixed;border-collapse:collapse; }td { vertical-align:bottom;padding:inherit; }div { word-w,not disclosed,Imports/exports mentioned (x1),,,not disclosed,unhedged,D,none evident,2014-04-25,Colchester,,,RIVAL CONSTRUCTION (LONDON) LTD,09010852,Rival Construction (London) Ltd constructs domestic buildings.,no,none,,CO4 5WR,X - no currency flow evident,xhtml,"Equity declined from 509,820 (2023) to 324,248 (2024), a 36% reduction. Net current assets fell from 491,239 to 315,325. No audit performed (small company exemption claimed). No P&L filed with Registrar.",2,41202,minimal,none found,
micro,2025-08-31,accounts-with-accounts-type-micro-entity,"2 Heritage Heights, Coedpoeth Heritage Heights, Wrexham, LL11 3RJ",,PETCOR LIMITED,voluntary-arrangement,none,,"micro accounts - no useful disclosure, skipped",,,,,,,,unknown,,,2008-08-18,Wrexham,,,PETCOR LIMITED,06675089,,,none,,LL11 3RJ,X - no evidence,,,,10920,,,
full,2025-07-31,accounts-with-accounts-type-total-exemption-full,"13 Richardshaw Business Centre Richardshaw Road, Pudsey, LS28 6RW","Company entered CVA on 19 March 2025. P&L not filed - abridged accounts only. Net assets £36,546 (2025) vs £5,828 (2024). No FX data disclosed.",BRANTONES 2017 LTD,voluntary-arrangement,high,not disclosed,,cannot estimate - no FX data disclosed,,not disclosed,,,,not disclosed,unhedged,D,none evident,2017-01-24,Pudsey,,,BRANTONES 2017 LTD,10579778,not disclosed,no,none,,LS28 6RW,X - no currency flow evident,xhtml,Company Voluntary Arrangement active as of 19 March 2025 covering unsecured liabilities at 4.6p in the pound.,0,41100,minimal,Company Voluntary Arrangement entered 19 March 2025; creditors to receive 4.6 pence in the pound settlement in April or May 2027.,
micro,2025-03-31,accounts-with-accounts-type-micro-entity,"Office 6 107 Blackburn Street, Radcliffe, Manchester, M26 3WQ",,CENTURYPLUS LIMITED,voluntary-arrangement,none,,"micro accounts - no useful disclosure, skipped",,,,,,,,unknown,,,2016-02-10,Radcliffe,,,CENTURYPLUS LIMITED,09998565,,,none,,M26 3WQ,X - no evidence,,,,87200,,,
micro,2025-08-31,accounts-with-accounts-type-micro-entity,"180 Cavehill Road, Belfast, BT15 5EX",,BLUEBELL BAKERY LTD,voluntary-arrangement,none,,"micro accounts - no useful disclosure, skipped",,,,,,,,unknown,,,2015-08-13,Belfast,,,BLUEBELL BAKERY LTD,NI632990,,,none,,BT15 5EX,X - no evidence,,,,47240,,,
small,2019-06-30,accounts-with-accounts-type-small,"S&W Partners Llp C/O Rrs Department, London, EC2V 7BG",,PARK FIRST GLASGOW RENTALS LIMITED,voluntary-arrangement,low,,"small/abridged filing - little to read, brief skipped; qualify by phone",,"ctive interest method. Changes in the fair value of derivatives that are designated and qualify as fair value hedges are recognised in profit or loss immediately, together with any changes in the fair value of the hedged asset or liability that are attributable to the hedged",,Mentions hedging (x3),,,,unknown,C,,2017-10-03,London,,,PARK FIRST GLASGOW RENTALS LIMITED,10994132,,,none,,EC2V 7BG,X - no evidence,xhtml,,4,"52219, 68209",,,
small,2019-06-30,accounts-with-accounts-type-small,"S&W Partners Llp C/O Rrs Department, London, EC2V 7BG",,PARK FIRST GATWICK RENTALS LIMITED,voluntary-arrangement,low,,"small/abridged filing - little to read, brief skipped; qualify by phone",,"ctive interest method. Changes in the fair value of derivatives that are designated and qualify as fair value hedges are recognised in profit or loss immediately, together with any changes in the fair value of the hedged asset or liability that are attributable to the hedged",,Mentions hedging (x3),,,,unknown,C,,2017-10-03,London,,,PARK FIRST GATWICK RENTALS LIMITED,10994206,,,none,,EC2V 7BG,X - no evidence,xhtml,,4,"52219, 68209",,,
full,2025-08-31,accounts-with-accounts-type-total-exemption-full,"35 Thorne Road, Doncaster, DN1 2HD","Accounts filed as abridged with no P&L disclosure permitted under Companies Act 2006 s.444(5A). No exchange gains/losses, currency exposures, or hedging activity stated in available extracts.",TKL EARTHWORKS & SOIL STABILISATION LIMITED,voluntary-arrangement,high,not disclosed,,cannot estimate - no FX data disclosed,,not disclosed,,,,not disclosed,unhedged,D,none evident,2017-08-18,Doncaster,,,TKL EARTHWORKS & SOIL STABILISATION LIMITED,10922012,Site preparation and soil stabilisation services provider.,no,none,,DN1 2HD,X - no currency flow evident,xhtml,none,0,43120,minimal,none found,
full,2026-04-30,accounts-with-accounts-type-total-exemption-full,"74 Chitts Hill, Colchester, CO3 9SX","Company is in net liabilities position of £281,373 as at 30 April 2026 (prior year £274,873). No profit and loss account filed with Registrar. No turnover, FX exposure or hedging activity disclosed in unaudited small companies filing.",INTELLIGENT MIST LIMITED,voluntary-arrangement,high,not disclosed,,cannot estimate - no FX data disclosed,,not disclosed,,,,not disclosed,unhedged,D,none evident,2013-04-19,Colchester,,,INTELLIGENT MIST LIMITED,08496316,not disclosed,no,none,,CO3 9SX,X - no currency flow evident,xhtml,"Negative shareholders' funds £281,373 (insolvent balance sheet). Net current liabilities £286,681. Bank overdraft of £20,439. No going-concern statement provided despite insolvency.",0,43999,unclear,none found,
full,2024-09-30,accounts-with-accounts-type-group,"Bbk Partnership 1 Beauchamp Court, Barnet, Hertfordshire, EN5 5TZ",,IPE VENTURES LIMITED,voluntary-arrangement,none,,no readable text,,,,,,,,unknown,,,2017-01-18,Barnet,,,IPE VENTURES LIMITED,10571215,,,none,accounts/IPE_VENTURES_LIMITED_10571215.pdf,EN5 5TZ,X - no currency flow evident,"scanned pdf, pytesseract not installed",,,64303,,,
full,2024-12-31,accounts-with-accounts-type-total-exemption-full,"Amelia House, Worthing, BN11 1RL","Net liabilities 712,142 GBP FY24 vs 465,483 GBP FY23. Company reliant on creditor support with net current liabilities 1.22m GBP. P&L statement not included in filed accounts (abridged presentation elected).",BESTATDIGITAL LTD,voluntary-arrangement,high,GBP - functional currency,,cannot estimate - no FX data disclosed,,not disclosed,,,,not disclosed,unhedged,D,none evident,2020-05-22,Worthing,,,BESTATDIGITAL LTD,12618422,not disclosed,no,none,,BN11 1RL,X - no currency flow evident,xhtml,Net liabilities position. Going concern qualified by creditor reliance. P&L omitted from filing indicates abridged accounts election.,0,"59112, 62012, 62090, 63120",unclear,"Share capital increased 597,000 pounds (6 March 2024, 150,000 ordinary shares issued). Net liabilities 712,142 pounds at year-end, worsened from 465,483 pounds prior year.",
full,2024-06-30,accounts-with-accounts-type-total-exemption-full,"Medical Technologies Innovation Facility First Avenue, Nottingham, NG9 1BG",,GROW GROUP UK LIMITED,voluntary-arrangement,none,,no readable text,,,,,,,,unknown,,,2006-11-24,Nottingham,,,GROW GROUP UK LIMITED,06009025,,,none,accounts/GROW_GROUP_UK_LIMITED_06009025.pdf,NG9 1BG,X - no currency flow evident,"scanned pdf, pytesseract not installed",,,"21100, 21200",,,
full,2025-07-31,accounts-with-accounts-type-total-exemption-full,"Mentor House, Blackburn, Lancashire, BB1 6AY","Net liabilities of £652,702 as at 31 July 2025 (worsened from £381,384 prior year). Company in formal CVA since 17 February 2025. No P&L disclosed; unaudited small companies filing. No FX gains/losses or hedging activity mentioned.",CHURCHILL RECOVERY SOLUTIONS LTD.,voluntary-arrangement,high,not disclosed,,cannot estimate - no FX data disclosed,,not disclosed,,,,not disclosed,unhedged,D,none evident,2003-06-03,Blackburn,,,CHURCHILL RECOVERY SOLUTIONS LTD.,04785274,Churchill Recovery Solutions Limited is a UK recovery and case management services company.,no,none,,BB1 6AY,X - no currency flow evident,xhtml,"Net liabilities of £652,702. Going concern qualification tied to CVA arrangement and external finance provider support. Company Voluntary Arrangement in place covering £988,416 of liabilities including significant HMRC debt (£326,645).",0,82990,minimal,"Company entered Company Voluntary Arrangement (CVA) on 17 February 2025, approved by creditors and members. £988,416 total CVA creditor liabilities (£240,000 due within one year, £748,416 after one year) including £326,645 owed to HMRC.",
full,2025-05-31,accounts-amended-with-accounts-type-total-exemption-full,"20-22 Wenlock Road, London, N1 7GU",,VINEYARD HOMES LTD,voluntary-arrangement,none,,no readable text,,,,,,,,unknown,,,2017-05-15,London,,,VINEYARD HOMES LTD,10771883,,,none,accounts/VINEYARD_HOMES_LTD_10771883.pdf,N1 7GU,X - no currency flow evident,"scanned pdf, pytesseract not installed",,,88100,,,
unknown,2026-02-03,change-account-reference-date-company-previous-shortened,"Create Business Hub Criterion House, Chelmsford, Essex, CM2 7PN",,RDA U.K. LIMITED,voluntary-arrangement,none,,no readable text,,,,,,,,unknown,,,2019-02-20,Chelmsford,,,RDA U.K. LIMITED,11836944,,,none,accounts/RDA_U_K_LIMITED_11836944.pdf,CM2 7PN,X - no evidence,"scanned pdf, pytesseract not installed",,,69203,,,
micro,2018-01-31,accounts-with-accounts-type-micro-entity,"C/O Selenite Account Services Chantry House, Birmingham, B46 3BP",,A1 DEMOLITION LIMITED,voluntary-arrangement,none,,"micro accounts - no useful disclosure, skipped",,,,,,,,unknown,,,2010-02-24,Birmingham,,,A1 DEMOLITION LIMITED,07168370,,,none,,B46 3BP,X - no evidence,,,,43110,,,
micro,2025-05-31,accounts-with-accounts-type-micro-entity,"V V R Ltd, South Shields, NE34 9PZ",,HGVTRUCK-TECH LTD,voluntary-arrangement,none,,"micro accounts - no useful disclosure, skipped",,,,,,,,unknown,,,2023-05-11,South Shields,,,HGVTRUCK-TECH LTD,14862568,,,none,,NE34 9PZ,X - no evidence,,,,45200,,,
unknown,2025-10-27,change-account-reference-date-company-previous-shortened,"113a Bellegrove Road, Welling, DA16 3PG",,CHATHA WELLING LIMITED,voluntary-arrangement,none,,no readable text,,,,,,,,unknown,,,2011-10-10,Welling,,,CHATHA WELLING LIMITED,07802720,,,none,accounts/CHATHA_WELLING_LIMITED_07802720.pdf,DA16 3PG,X - no evidence,"scanned pdf, pytesseract not installed",,,56290,,,
full,2025-09-30,accounts-with-accounts-type-total-exemption-full,"47 Southgate Street, Winchester, SO23 9EH","Company subject to CVA per going concern disclosure (note 1.2). No P&L disclosed; balance sheet only. No FX gains/losses stated. Trade debtors 321,251 (FY25) down from 424,327 (FY24). Employee headcount reduced from 4 to 1 person.",POLAR RECRUITMENT SERVICES LIMITED,voluntary-arrangement,high,not disclosed,,cannot estimate - no FX data disclosed,,not disclosed,,,,not disclosed,unhedged,D,none evident,2008-10-09,Winchester,,,POLAR RECRUITMENT SERVICES LIMITED,06719836,Polar Recruitment Services Limited is a recruitment services company.,no,none,,SO23 9EH,X - no currency flow evident,xhtml,"Company Voluntary Arrangement in place during period; prior-year net liabilities position (£9,620 deficit FY24); current liabilities nearly equal current assets despite recovery (£248,910 current liabilities vs £462,334 current assets FY25).",0,78200,unclear,"Company entered into a Company Voluntary Arrangement (CVA) during the period; transition from net liabilities of £9,620 (FY24) to net assets of £97,098 (FY25).",
micro,2025-04-30,accounts-with-accounts-type-micro-entity,"128 City Road, London, EC1V 2NX",,ARYAN TRANSPORTATION & LOGISTICS LIMITED,voluntary-arrangement,none,,"micro accounts - no useful disclosure, skipped",,,,,,,,unknown,,,2019-04-02,London,,,ARYAN TRANSPORTATION & LOGISTICS LIMITED,11920047,,,none,,EC1V 2NX,X - no evidence,,,,49410,,,
small,2026-03-04,accounts-with-accounts-type-unaudited-abridged,"Unit 15a, Alstone Lane Trading Centre, Cheltenham, GL51 8HF",,MERIT CARE LIMITED,voluntary-arrangement,low,,"small/abridged filing - little to read, brief skipped; qualify by phone",,,,,,,,unknown,D,,2014-11-03,Cheltenham,,,MERIT CARE LIMITED,09293300,,,none,,GL51 8HF,X - no evidence,xhtml,,0,"87300, 88100",,,
full,2025-03-31,accounts-with-accounts-type-total-exemption-full,"Glaslyn Court, Gilwern, Nr Abergavenny, NP7 0EH","Company has elected abridged filing under Companies Act 2006 s.444(1) and does not deliver P&L to registrar. No FX exposure, hedging activity, or currency-denominated transactions disclosed in accounts text. No turnover figure available.",GLASLYN RETIREMENT HOMES LIMITED,voluntary-arrangement,high,not disclosed,,cannot estimate - no FX data disclosed,.notesSubSection{ margin-left: 1em;}.subRow td:first-child{ padding-left: 1em;}th.oneWordPerLine { text-align: center !important; vertical-align: bottom; word-spacing: 100vw;}th.noWrap { text-align: left !important; vertical-align: bottom; white-space: nowrap;}th.toBottom { text-ali,not disclosed,Imports/exports mentioned (x3),,,not disclosed,unhedged,D,none evident,1987-03-20,Gilwern,,,GLASLYN RETIREMENT HOMES LIMITED,02113534,Glaslyn Retirement Homes Limited operates retirement home facilities.,no,none,,NP7 0EH,X - no currency flow evident,xhtml,"Abridged filing limits disclosure. Loans to directors outstanding (2.5% annual interest, repayable on demand). No going-concern statement located in extract.",2,87100,minimal,none found,
full,2025-08-31,accounts-with-accounts-type-total-exemption-full,"10 Stone Street, Gravesend, DA11 0NH","Income Statement not delivered under Section 444 Companies Act 2006. No FX activity, currency exposure, or hedging disclosed in accounts.",BETTER FAMILIES SOCIAL WORK SERVICES LTD,voluntary-arrangement,high,not disclosed,,cannot estimate - no FX data disclosed,,not disclosed,,,,not disclosed,unhedged,D,none evident,2021-07-12,Gravesend,,,BETTER FAMILIES SOCIAL WORK SERVICES LTD,13505395,Better Families Social Work Services Ltd provides social work services.,no,none,,DA11 0NH,X - no currency flow evident,xhtml,Accounts filed as small company with Income Statement exemption; insufficient financial data to assess viability.,0,"87900, 88100",minimal,none found,
full,2024-12-29,accounts-with-accounts-type-total-exemption-full,"22a Adolphus Road, London, N4 2AZ","Unaudited accounts. Balance sheet shows negative reserves of £2,493,246 as at 29 December 2024 (prior year £1,772,037 loss). Company entered CVA post-period in October 2025. No revenue, FX gains/losses, or hedging instruments disclosed in financial statements. Hire purchase debt increased materially: £122,664 current (2023: £54,324) and £154,739 non-current (2023: £46,448).",IN ONE BASKET LIMITED,voluntary-arrangement,high,not disclosed,,cannot estimate - no FX data disclosed,,not disclosed,,,,not disclosed,unhedged,D,none evident,2014-01-28,London,,,IN ONE BASKET LIMITED,08864066,UK retail operator with multiple physical store locations.,no,none,,N4 2AZ,X - no currency flow evident,xhtml,Going concern uncertainty explicitly flagged - company has negative equity reserves and is reliant on director loan support. CVA entered October 2025 (after period end) indicates material financial distress. No profit & loss account filed. Unaudited small company exemption used.,0,"56101, 56103",minimal,Company Voluntary Arrangement approved October 2025 with ~98% creditor support. CVA followed underperformance of 3 of 5 new store sites opened during 2024; now trading at underlying operating profit with streamlined cost base.,
micro,2025-03-31,accounts-with-accounts-type-micro-entity,"Carrington Works, Dartford, Kent, DA1 1UW",,DARTFORD TRANSMISSIONS & AUTOCARE LIMITED,voluntary-arrangement,none,,"micro accounts - no useful disclosure, skipped",,,,,,,,unknown,,,2017-09-18,Dartford,,,DARTFORD TRANSMISSIONS & AUTOCARE LIMITED,10967687,,,none,,DA1 1UW,X - no evidence,,,,45200,,,
full,2025-03-31,accounts-with-accounts-type-total-exemption-full,"78a Killyclogher Road, Omagh, Co Tyrone, BT79 7NZ",,OMATILE LLP,voluntary-arrangement,none,,no readable text,,,,,,,,unknown,,,2011-09-16,Omagh,,,OMATILE LLP,NC000812,,,none,accounts/OMATILE_LLP_NC000812.pdf,BT79 7NZ,X - no currency flow evident,"scanned pdf, pytesseract not installed",,,,,,
micro,2024-10-31,accounts-with-accounts-type-micro-entity,"92-94 Charing Cross Road, London, WC2H 0JB",,I TECH MART LTD,voluntary-arrangement,none,,"micro accounts - no useful disclosure, skipped",,,,,,,,unknown,,,2021-10-08,London,,,I TECH MART LTD,13669427,,,none,,WC2H 0JB,X - no evidence,,,,47421,,,
full,2025-06-30,accounts-with-accounts-type-total-exemption-full,"86-90 Paul Street, London, EC2A 4ND","Net liabilities position £171,960 at 30 June 2025 versus £40,950 at 30 June 2024. P&L statement not filed (director elected exemption). No FX gains or losses disclosed. No hedging instruments evident.",CURAM DOMI SOLUTIONS LTD,voluntary-arrangement,high,not disclosed,,cannot estimate - no FX data disclosed,,not disclosed,,,,not disclosed,unhedged,D,none evident,2016-06-27,London,,,CURAM DOMI SOLUTIONS LTD,10252549,not disclosed,no,none,,EC2A 4ND,X - no currency flow evident,xhtml,"Net liabilities of £171,960 indicates technical insolvency. Rapid deterioration of equity position year-on-year. Current liabilities exceed current assets by £177,880. Director elected not to file P&L - cannot verify trading position or viability.",0,87900,unclear,"Company moved to net liabilities of £171,960 (from £40,950 prior year). Headcount reduced from 22 to 17 employees. Debtors fell from £229,072 to £136,344.",
micro,2025-01-31,accounts-with-accounts-type-micro-entity,"C/O Ashcroft Cameron Book Keeping Limited Unit 16 The Mead Business Centre, Hertford, Herts, SG13 7BJ",,HERTS ELECTRICAL CONTRACTORS LIMITED,voluntary-arrangement,none,,"micro accounts - no useful disclosure, skipped",,,,,,,,unknown,,,2005-01-18,Hertford,,,HERTS ELECTRICAL CONTRACTORS LIMITED,05335329,,,none,,SG13 7BJ,X - no evidence,,,,43210,,,
full,2025-12-31,accounts-with-accounts-type-total-exemption-full,"Vantage Point House Silverhills Road, Newton Abbot, Devon, TQ12 5ND","Company entered CVA on 4 November 2025. Material uncertainty exists regarding going concern status contingent on CVA compliance. Director has personally guaranteed 100% of amounts owed to SWIG Finance Limited, SWIF Smaller Loans Limited Partnership, and Toyota Financial Services.",SOUTH WEST LIFTS LIMITED,voluntary-arrangement,high,not disclosed,,cannot estimate - no FX data disclosed,,not disclosed,,,,not disclosed,unhedged,D,none evident,2011-07-08,Newton Abbot,,,SOUTH WEST LIFTS LIMITED,07698586,"South West Lifts Limited installs, maintains and services lifts and lifting equipment.",no,none,,TQ12 5ND,X - no currency flow evident,xhtml,Going concern doubt explicitly stated. CVA in place as of November 2025 indicating financial distress. Material uncertainty regarding ability to continue as going concern dependent on CVA compliance. Director personal guarantees on major creditor obligations.,0,33190,minimal,"Company Voluntary Arrangement (CVA) entered 4 November 2025 with creditors, restructuring repayment terms over 6 years due to financial distress.",
full,2025-03-31,accounts-with-accounts-type-total-exemption-full,"Office 24 1 Empire Mews, London, SW16 2BF","Accounts filed as small/micro abridged accounts. No P&L, revenue, FX gains/losses, currency exposures, or hedging activity disclosed. Principal activity not described.",DEXTER HENRY & CO LIMITED,voluntary-arrangement,high,not disclosed,,cannot estimate - no FX data disclosed,,not disclosed,,,,not disclosed,unhedged,D,none evident,2017-02-02,London,,,DEXTER HENRY & CO LIMITED,10597831,not disclosed,no,none,,SW16 2BF,X - no currency flow evident,xhtml,none,0,69102,unclear,none found,
full,2025-08-31,accounts-with-accounts-type-total-exemption-full,"Unit 2a High Force Road, Middlesbrough, TS2 1RH",CVA entered December 2024. P&L not filed (section 444(1) election). Going concern basis maintained with directors' forecasts supporting operational continuity. Exchange differences policy stated but no figures disclosed.,QOCEPT LTD,voluntary-arrangement,high,not disclosed,,cannot estimate - no FX data disclosed,.notesSubSection{ margin-left: 1em;}.subRow td:first-child{ padding-left: 1em;}th.oneWordPerLine { text-align: center !important; vertical-align: bottom; word-spacing: 100vw;}th.noWrap { text-align: left !important; vertical-align: bottom; white-space: nowrap;}th.toBottom { text-ali,not disclosed,Imports/exports mentioned (x3),,,not disclosed,unhedged,D,none evident,2016-08-25,Middlesbrough,,,QOCEPT LTD,10346304,not disclosed,no,none,,TS2 1RH,X - no currency flow evident,xhtml,Company Voluntary Arrangement (CVA) in place as of December 2024 indicates financial distress and creditor restructuring.,2,74901,unclear,Company entered into Company Voluntary Arrangement (CVA) with creditors in December 2024 to restructure liabilities and improve cash flow.,
full,2025-03-31,accounts-with-accounts-type-total-exemption-full,"Brian Fawcett Joinery, Hull, Eastriding Of Yorkshire, HU12 9EF","Equity collapsed 84% year-on-year from £103,808 to £16,916. No P&L disclosed (director elected exemption). Current liabilities £117,649 exceed current assets £92,855. Bank debt £146,141 non-current. No foreign exchange gains/losses stated. No hedging instruments identified.",FAWCETT'S OF BURSTWICK LIMITED,voluntary-arrangement,high,not disclosed,,cannot estimate - no FX data disclosed,,not disclosed,,,,not disclosed,unhedged,D,none evident,2012-03-05,Hull,,,FAWCETT'S OF BURSTWICK LIMITED,07976630,Joinery manufacturing and professional services company based in East Yorkshire.,no,none,,HU12 9EF,X - no currency flow evident,xhtml,"Going concern signal: net current liabilities of £24,794; equity now only £16,916 against total liabilities £263,790 (6.4% solvency ratio). Employee headcount zero as at year-end despite prior year of 11 staff. P&L not disclosed preventing full assessment of trading viability.",0,31090,unclear,"Significant deterioration: equity fallen from £103,808 to £16,916 (84% decline); current liabilities now exceed current assets by £24,794; employee headcount dropped from 11 to 0.",
full,2025-03-31,accounts-with-accounts-type-total-exemption-full,"14 Alexandria Road, London, W13 0NR",Accounts filed as abridged with no P&L disclosure. No exchange gains/losses stated. No hedging activity evident. Directors have chosen not to file profit and loss account.,GULF CONFERENCES LTD,voluntary-arrangement,high,not disclosed,,cannot estimate - no FX data disclosed,ld; } table { border-spacing: 10px; } .text--left { text-align: left !important; } .text--center { text-align: center!important; } .text--right { text-align: right !important; } .strong {,not disclosed,Imports/exports mentioned (x3),,,not disclosed,unhedged,D,none evident,2013-03-25,London,,,GULF CONFERENCES LTD,08460531,Gulf Conferences Ltd organises and provides conference services.,no,none,,W13 0NR,X - no currency flow evident,xhtml,none,2,85590,unclear,none found,
full,2025-03-31,accounts-with-accounts-type-total-exemption-full,"New Burlington House, London, NW11 0PU","Filing is abridged accounts (small company exemption). No turnover figure, P&L, or FX activity disclosed. Going concern noted with deficiency in net current assets and net assets, dependent on continued director/creditor support.",PL APARTMENTS LTD,voluntary-arrangement,high,not disclosed,,cannot estimate - no FX data disclosed,,not disclosed,,,,not disclosed,unhedged,D,none evident,2020-03-18,London,,,PL APARTMENTS LTD,12523410,PL Apartments Ltd operates residential rental apartments.,no,none,,NW11 0PU,X - no currency flow evident,xhtml,"Going concern uncertainty: deficiency in net current assets and net assets at balance sheet date, reliant on continued financial support from directors and principal creditors. Director loans written down from £334,530 (2024) to £Nil (2025) and connected company loans from £22,500 to £Nil warrant clarification on write-off vs. repayment.",0,55100,minimal,none found,
full,2025-01-31,accounts-with-accounts-type-total-exemption-full,"Danum House, Doncaster, DN1 2DY","Company entered CVA 9 September 2025 agreed by members and creditors. No P&L disclosed - small companies exemption claimed. No foreign exchange gains/losses stated. No hedging instruments mentioned. Director loan balance £389,956 at 31 January 2025.",MINERAL PROCESSING LTD,voluntary-arrangement,high,not disclosed,,cannot estimate - no FX data disclosed,,not disclosed,,,,not disclosed,unhedged,D,none evident,2012-01-03,Doncaster,,,MINERAL PROCESSING LTD,07896010,Mineral processing company engaged in plant machinery operation and mineral processing services.,no,none,,DN1 2DY,X - no currency flow evident,xhtml,"GOING CONCERN: Director acknowledges material uncertainties on ability to continue as going concern. CVA post-year-end (9 September 2025) indicates insolvency event. Stock value £1,052,000 (unchanged FY24-FY25) with creditor reliance on stock sale at market value for full payment. Debt factoring with recourse noted.",0,"08990, 39000",minimal,"CVA (Company Voluntary Arrangement) entered into 9 September 2025 post-year-end; director advances to company increased to £389,956 (FY25 vs £143,611 FY24).",
full,2025-09-30,accounts-with-accounts-type-total-exemption-full,"1 River Street, Bolton, BL2 1BX","Net liabilities £684,169 as at 30 September 2025 versus break-even in 2024. Current liabilities £1,400,267 against current assets £817,028. No P&L or revenue figures disclosed in filleted accounts.",JEP YOUTH ENGAGEMENT LTD,voluntary-arrangement,high,not disclosed,,cannot estimate - no FX data disclosed,,not disclosed,,,,not disclosed,unhedged,D,none evident,2020-09-09,Bolton,,,JEP YOUTH ENGAGEMENT LTD,12868385,JEP Youth Engagement Limited delivers youth engagement services and programs.,no,none,,BL2 1BX,X - no currency flow evident,xhtml,"Negative shareholders' funds £684,169. Current liabilities exceed current assets by £583,239. Going-concern status unclear given deterioration and deficit position. Small company exemption applied - limited financial transparency.",0,85600,minimal,"Company entered net liabilities position of £684,169 in FY25 (£0 in FY24). Current liabilities nearly doubled from £744,613 to £1,400,267.",
micro,2025-11-30,accounts-with-accounts-type-micro-entity,"Unit 3 The Farriers Business Centre, Shrewsbury, Shropshire, SY5 8AN",,VERATY CARE SOLUTIONS LTD,voluntary-arrangement,none,,"micro accounts - no useful disclosure, skipped",,,,,,,,unknown,,,2014-11-06,Shrewsbury,,,VERATY CARE SOLUTIONS LTD,09298306,,,none,,SY5 8AN,X - no evidence,,,,86900,,,
micro,2024-12-31,accounts-with-accounts-type-micro-entity,"407 Hornsey Road, N19 4DX",,THE FACTORY FITNESS & DANCE CENTRE LIMITED,voluntary-arrangement,none,,"micro accounts - no useful disclosure, skipped",,,,,,,,unknown,,,1998-08-19,,,,THE FACTORY FITNESS & DANCE CENTRE LIMITED,03618478,,,none,,N19 4DX,X - no evidence,,,,93130,,,
small,2025-07-02,accounts-with-accounts-type-unaudited-abridged,"20 Meadowbank Road, Carrickfergus, BT38 8YF",,YELO LIMITED,voluntary-arrangement,low,,"small/abridged filing - little to read, brief skipped; qualify by phone",,"b, strong { font-weight: bold; } table { border-spacing: 10px; } .text--left { text-align: left !important; } .text--center { text-align: center!important; } .text--right { text-align: right !important; } .strong { font-weight: bold; } .center {",,Imports/exports mentioned (x3),,,,unknown,D,,1983-01-05,Carrickfergus,,,YELO LIMITED,NI016345,,,none,,BT38 8YF,X - no evidence,xhtml,,2,"26511, 26512",,,
small,2025-12-22,accounts-with-accounts-type-unaudited-abridged,"15 Barretts Green Road, London, NW10 7AE",,BEIT EL ZAYTOUN LIMITED,voluntary-arrangement,low,,"small/abridged filing - little to read, brief skipped; qualify by phone",,"b, strong { font-weight: bold; } table { border-spacing: 10px; } .text--left { text-align: left !important; } .text--center { text-align: center!important; } .text--right { text-align: right !important; } .strong { font-weight: bold; } .center {",,Imports/exports mentioned (x3),,,,unknown,D,,2010-12-16,London,,,BEIT EL ZAYTOUN LIMITED,07472313,,,none,,NW10 7AE,X - no evidence,xhtml,,2,"56102, 93290",,,
full,2025-03-31,accounts-with-accounts-type-total-exemption-full,"1066 London Road, Leigh-On-Sea, Essex, SS9 3NA","No P&L statement provided - accounts abridged. Company in net liabilities position of £839,798 at 31 March 2025 (prior year £811,250). No FX or hedging disclosure. Material going concern uncertainty explicitly stated dependent on CVA compliance and trading forecasts.",HOMESLICE LIMITED,voluntary-arrangement,high,not disclosed,,cannot estimate - no FX data disclosed,,not disclosed,,,,not disclosed,unhedged,D,none evident,2012-11-12,Leigh-On-Sea,,,HOMESLICE LIMITED,08290780,not disclosed,no,none,,SS9 3NA,X - no currency flow evident,xhtml,"yes - company entered administration 2 December 2024; CVA approved 1 August 2025; net liabilities £839,798; material going concern uncertainty explicitly disclosed; creditors exceed assets by significant margin (current liabilities £305,015 + long-term £4,124,079 vs total assets £3,555,110)",0,56101,minimal,"Company entered administration 2 December 2024. CVA approved by members and creditors 1 August 2025, took effect same date. Administration ended 9 October 2025, control returned to directors.",
full,2025-03-31,accounts-with-accounts-type-total-exemption-full,"Office 9, Cp House, Watford, WD25 8HR",Accounts are abridged with no P&L statement filed. No FX gain/loss figures disclosed. No hedging instruments evident. No currency exposures named. No export/domestic split provided.,PROJEKT INDIGO STUDIO LIMITED,voluntary-arrangement,high,not disclosed,,cannot estimate - no FX data disclosed,,not disclosed,,,,not disclosed,unhedged,D,none evident,2022-03-11,Watford,,,PROJEKT INDIGO STUDIO LIMITED,13971758,not disclosed,no,none,,WD25 8HR,X - accounts say no exposure,xhtml,none,0,46420,unclear,none found,
micro,2025-08-28,accounts-with-accounts-type-micro-entity,"25a St. Georges Centre, Gravesend, DA11 0TB",,THE PANIC ROOM ESCAPE LIMITED,voluntary-arrangement,none,,"micro accounts - no useful disclosure, skipped",,,,,,,,unknown,,,2016-08-09,Gravesend,,,THE PANIC ROOM ESCAPE LIMITED,10319211,,,none,,DA11 0TB,X - no evidence,,,,93290,,,
full,2024-12-29,accounts-with-accounts-type-total-exemption-full,"200 Brook Drive, Reading, RG2 6UB","Accounts filed as abridged with no P&L statement delivered to Companies House. £993,401 exceptional write-off of irrecoverable debtor. No FX activity, hedging instruments, or export/import figures disclosed in filing.",CARE4U WE LTD,voluntary-arrangement,high,not disclosed,,cannot estimate - no FX data disclosed,.notesSubSection{ margin-left: 1em;}.subRow td:first-child{ padding-left: 1em;}th.oneWordPerLine { text-align: center !important; vertical-align: bottom; word-spacing: 100vw;}th.noWrap { text-align: left !important; vertical-align: bottom; white-space: nowrap;}th.toBottom { text-ali,not disclosed,Imports/exports mentioned (x3),,,not disclosed,unhedged,D,none evident,2016-12-30,Reading,,,CARE4U WE LTD,10542793,not disclosed - company name suggests care/wellness services but statutory accounts do not describe business operations,no,none,,RG2 6UB,X - no currency flow evident,xhtml,"Abridged accounts with P&L omitted limits financial visibility. Significant debtor write-off (£993,401) suggests credit risk or asset quality issues. Loans to directors outstanding (unsecured, interest-free, on-demand) present governance concern.",2,"87200, 87900",minimal,"£993,401 write-off of Other Debtor classified as exceptional item during year.",
full,2024-12-29,accounts-with-accounts-type-total-exemption-full,"1 Crescent Business Park, Co Antrim, BT28 2GN",Accounts filed as full accounts but P&L statement not delivered. No principal activities disclosed. No financial performance data in extracted text.,CLEAR AV LTD,voluntary-arrangement,high,not disclosed,,cannot estimate - no FX data disclosed,"struments are subsequently measured at fair value, with any changes recognised in profit or loss, with the exception of hedging instruments in a designated hedging relationship. Financial assets that are measured at cost or amortised cost are reviewed for obj",not disclosed,Mentions hedging (x2),,,not disclosed,unhedged,C,none evident,2008-08-27,Co Antrim,,,CLEAR AV LTD,NI070304,not disclosed,no,none,,BT28 2GN,X - no currency flow evident,xhtml,"Statement of comprehensive income not delivered to Companies House under s.444 Companies Act 2006. No turnover, profit, or operational disclosure available. Insufficient data to assess solvency.",4,74909,unclear,none found,
full,2024-12-31,accounts-with-accounts-type-total-exemption-full,"209 Lock Studios 7 Corsican Square, London, E3 3YD",Abridged accounts filed with no P&L or turnover disclosed. No FX gains/losses stated. No currencies or export data disclosed. Company in CVA since September 2021.,PREMIER PRINT GROUP LIMITED,voluntary-arrangement,high,not disclosed,,cannot estimate - no FX data disclosed,,not disclosed,,,,not disclosed,unhedged,D,none evident,1999-07-08,London,,,PREMIER PRINT GROUP LIMITED,03802642,Premier Print Group Limited is a printing company.,no,none,,E3 3YD,X - no currency flow evident,xhtml,Company subject to creditors voluntary arrangement (CVA) since 1 September 2021. Going concern explicitly conditional on adherence to CVA terms. Material insolvency history.,0,18129,minimal,Company entered creditors voluntary arrangement on 1 September 2021; accounts prepared on going concern basis dependent on CVA adherence.,
full,2026-03-31,accounts-with-accounts-type-total-exemption-full,"Selham, West Sussex, GU28 0PJ","Loss before tax £1,414,094 FY26 (prior year £742,837). Net current liabilities £2,311,132 at 31 March 2026. Invoice financing arrangement: £150,376 of trade debtors subject to invoice financing with corresponding liability in bank loans. Company in CVA with all liabilities converted to due within one year.",W.L.WEST & SONS LIMITED,voluntary-arrangement,high,not disclosed,,cannot estimate - no FX data disclosed,"084 1,015,632 Trade debtors includes balances totaling £150,376 ( 2025 - £ 636,374 ) which are subject to an invoice financing arrangement. The associated invoice financing liability is included within bank loans under c reditors due within one . 7 Creditors: amounts f",not disclosed,Invoice/supplier finance (cash tight) (x2),,,not disclosed,unhedged,D,none evident,1957-01-21,West Sussex,,,W.L.WEST & SONS LIMITED,00577291,Timber merchant and fencing contractor supplying building materials and installation services.,no,none,,GU28 0PJ,X - no currency flow evident,xhtml,"Going concern alert: £1.4m loss, net current liabilities of £2.3m, moratorium entered October 2025, CVA approved December 2025. Stocks collapsed from £500k to £66k. Trade debtors fell from £788k to £309k. Headcount reduced from 37 to 27 employees.",3,"16100, 16230, 16290, 46730",minimal,"Company entered moratorium 16 October 2025; CVA approved 17 December 2025 with substantial operational restructuring completed. Loss of £1,414,094 in FY26 vs £742,837 in FY25.",
full,2025-03-31,accounts-with-accounts-type-total-exemption-full,"Statham House Talbot Road, Manchester, M32 0FP","Balance sheet shows net liabilities of £387,737 as at 31 March 2025 (down from net assets of £403,472 in 2024). Current liabilities of £1,289,262 exceed current assets of £889,795. No P&L, FX, or operational data disclosed - accounts filed under small companies exemption.",DPA COMMUNICATIONS LTD,voluntary-arrangement,high,not disclosed,,cannot estimate - no FX data disclosed,,not disclosed,,,,not disclosed,unhedged,D,none evident,2017-08-10,Manchester,,,DPA COMMUNICATIONS LTD,10909499,not disclosed,no,none,,M32 0FP,X - no currency flow evident,xhtml,"Negative net assets position (£387,737 deficit). Current liabilities exceed current assets by £399,467. Working capital deteriorated significantly year-on-year (from +£421,632 to -£399,467). Going concern status unclear - no strategic report or management commentary provided.",0,61900,unclear,none found,
full,2026-03-31,accounts-with-accounts-type-total-exemption-full,"Unit 3 The Stone Yard, Cardiff, CF11 6HE","Accounts filed as small company exemption. Income statement not delivered per s.444 Companies Act 2006. No FX activity, hedging, or currency exposure disclosed.",CRAFTY DEVIL BREWING LTD,voluntary-arrangement,high,not disclosed,,cannot estimate - no FX data disclosed,,not disclosed,,,,not disclosed,unhedged,D,none evident,2014-09-29,Cardiff,,,CRAFTY DEVIL BREWING LTD,09240048,Crafty Devil Brewing Ltd manufactures and sells craft beer.,no,none,,CF11 6HE,X - no currency flow evident,xhtml,none,0,46342,minimal,none found,
unknown,2026-03-31,change-account-reference-date-company-current-extended,"Equinox House Clifton Park Avenue, York, North Yorkshire, YO30 5PA",,BOO BOO'S DAY NURSERY LIMITED,voluntary-arrangement,none,,no readable text,,,,,,,,unknown,,,2014-01-23,York,,,BOO BOO'S DAY NURSERY LIMITED,08858986,,,none,accounts/BOO_BOO_S_DAY_NURSERY_LIMITED_08858986.pdf,YO30 5PA,X - no evidence,"scanned pdf, pytesseract not installed",,,88910,,,
full,2025-03-31,accounts-with-accounts-type-total-exemption-full,"53 Gildredge Road, Eastbourne, East Sussex, BN21 4SF",Company has never traded and filed under small companies regime with full accounts but no P&L delivered under Section 444 Companies Act 2006. No FX gains or losses disclosed. Acquired four UK pub entities via share exchange; no operational results reported.,EVOL EMPIRE LIMITED,voluntary-arrangement,high,GBP - presentation currency; USD - mentioned in schema only; EUR - mentioned in schema only,,cannot estimate - no FX data disclosed,"Deferred tax asset Tax losses carried forward 8,112 -",not disclosed,HEDGE VALUE stated (x1),,,not disclosed,unhedged,C,none evident,2019-04-08,Eastbourne,,,EVOL EMPIRE LIMITED,11931420,Evol Empire Limited is a holding company that acquired pub/hospitality businesses through share exchanges.,no,none,,BN21 4SF,X - no currency flow evident,xhtml,Entity has never traded according to filed metadata. No income statement filed. Company structure and trading status unclear post-acquisition.,8,64209,minimal,"Acquisition of four pub/hospitality entities (Dew Drop Inn Limited, The Rainbow Eastbourne Limited, The Eagle Eastbourne Limited, The Glass House Eastbourne Limited) via share-for-share exchange of 400 shares during the year.",
full,2025-06-30,accounts-with-accounts-type-total-exemption-full,"Unit 2, Brunel Road, Newton Abbot, TQ12 4PB","Company has elected to file abbreviated accounts under section 444(1) Companies Act 2006. No P&L, FX gains/losses, currency exposure, or export/import split disclosed. Timber import business with no hedging instruments evident.",BRUNEL ROAD TIMBER LIMITED,voluntary-arrangement,high,not disclosed,,cannot estimate - no FX data disclosed,.notesSubSection{ margin-left: 1em;}.subRow td:first-child{ padding-left: 1em;}th.oneWordPerLine { text-align: center !important; vertical-align: bottom; word-spacing: 100vw;}th.noWrap { text-align: left !important; vertical-align: bottom; white-space: nowrap;}th.toBottom { text-ali,not disclosed,Imports/exports mentioned (x3),,,not disclosed,unhedged,D,none evident,2004-12-13,Brunel Road,,,BRUNEL ROAD TIMBER LIMITED,05312075,Brunel Road Timber Limited imports and sells timber and related products.,no,none,,TQ12 4PB,X - no currency flow evident,xhtml,none,2,46730,unclear,none found,
unknown,2026-03-28,change-account-reference-date-company-previous-extended,"Unit 1 Showground Road, Bridgwater, TA6 6AJ",,COMFY LIVING LIMITED,voluntary-arrangement,none,,no readable text,,,,,,,,unknown,,,2010-06-02,Bridgwater,,,COMFY LIVING LIMITED,07271653,,,none,accounts/COMFY_LIVING_LIMITED_07271653.pdf,TA6 6AJ,X - no evidence,"scanned pdf, pytesseract not installed",,,47910,,,
micro,2024-11-29,accounts-with-accounts-type-micro-entity,"Unit 2b, Hillview Business Park, Belfast, BT14 7BT",,FFC IRELAND 1 LTD,voluntary-arrangement,none,,"micro accounts - no useful disclosure, skipped",,,,,,,,unknown,,,2021-05-28,Belfast,,,FFC IRELAND 1 LTD,NI679645,,,none,,BT14 7BT,X - no evidence,,,,56103,,,
full,2024-10-31,accounts-with-accounts-type-full,"Suite 2a, 7th Floor City Reach, London, E14 9NN",,SRAM & MRAM CITRUS CAPITAL LIMITED,voluntary-arrangement,none,,no readable text,,,,,,,,unknown,,,2012-10-17,London,,,SRAM & MRAM CITRUS CAPITAL LIMITED,08256641,,,none,accounts/SRAM_MRAM_CITRUS_CAPITAL_LIMITED_08256641.pdf,E14 9NN,X - no currency flow evident,"scanned pdf, pytesseract not installed",,,"64209, 68100, 68209",,,
micro,2025-03-31,accounts-with-accounts-type-micro-entity,"Khepera Offices, Sheffield, S13 9LQ",,COPA COPA LIMITED,voluntary-arrangement,none,,"micro accounts - no useful disclosure, skipped",,,,,,,,unknown,,,2005-02-01,Sheffield,,,COPA COPA LIMITED,05349441,,,none,,S13 9LQ,X - no evidence,,,,"78109, 78200",,,
micro,2025-08-31,accounts-with-accounts-type-micro-entity,"153 The Parade, Watford, Hertfordshire, WD17 1NA",,PROTEA CARE HOMES (KENT) LTD,voluntary-arrangement,none,,"micro accounts - no useful disclosure, skipped",,,,,,,,unknown,,,2013-08-22,Watford,,,PROTEA CARE HOMES (KENT) LTD,08661207,,,none,,WD17 1NA,X - no evidence,,,,87200,,,
full,2024-09-30,accounts-with-accounts-type-total-exemption-full,"Town Hall Chambers, Wallsend, NE28 7AT","Net liabilities of £305,804 (FY24) and £304,745 (FY23). No P&L disclosed. No FX exposure, hedging instruments, or geographic split evident in abridged accounts.",FUTURE ENERGY SOLUTIONS LTD,voluntary-arrangement,high,not disclosed,,cannot estimate - no FX data disclosed,,not disclosed,,,,not disclosed,unhedged,D,none evident,2012-09-11,Wallsend,,,FUTURE ENERGY SOLUTIONS LTD,08209324,Future Energy Solutions Limited is a UK-registered company in the energy sector.,no,none,,NE28 7AT,X - no currency flow evident,xhtml,Net liabilities position indicates technical insolvency; company is trading with negative equity and no disclosed turnaround plan.,0,82990,minimal,"Company holds net liabilities of £305,804 as at 30 September 2024, deteriorating from £304,745 in 2023.",
full,2025-10-31,accounts-with-accounts-type-total-exemption-full,"C/O Brian Paul Limited, Enfield, Middlesex, EN2 0PW",Income statement not delivered to Companies House. Accounts filed on abridged basis under Section 444 Companies Act 2006. Going concern dependent on director undertaking to support company.,LA POLLERA COLORA LIMITED,voluntary-arrangement,high,GBP - functional currency,,cannot estimate - no FX data disclosed,,not disclosed,,,,not disclosed,unhedged,D,none evident,2012-07-06,Enfield,,,LA POLLERA COLORA LIMITED,08133136,not disclosed,no,none,,EN2 0PW,X - no currency flow evident,xhtml,Going concern dependency on director support; abridged filing indicates possible financial distress; no income statement publicly filed,0,56301,unclear,none found,
full,2025-07-31,accounts-with-accounts-type-total-exemption-full,"Grove House Lutyens Close, Basingstoke, RG24 8AG","Net liabilities of £183,214 at 31 July 2025 versus £20,944 at 31 July 2024. Current liabilities £238,517 against current assets £55,303. No P&L disclosed - abridged accounts exemption claimed.",ON TIME CARE LTD,voluntary-arrangement,high,not disclosed,,cannot estimate - no FX data disclosed,On Time Care Ltd Accounts body { padding:0cm;margin:0cm !important; }.userPageBreak { page-break-after:always; }table { table-layout:fixed;border-collapse:collapse; }td { vertical-align:bottom;padding:inherit; }div { word-w,not disclosed,Imports/exports mentioned (x1),,,not disclosed,unhedged,D,none evident,2016-07-25,Basingstoke,,,ON TIME CARE LTD,10295011,not disclosed,no,none,,RG24 8AG,X - no currency flow evident,xhtml,"Net liabilities position. Severe deterioration in financial position year-on-year. Current liabilities exceed current assets by £183,214. Going concern status not addressed in accounts.",2,86210,unclear,none found,
full,2025-05-28,accounts-with-accounts-type-total-exemption-full,"20 Cheltenham Road, Evesham, WR11 7QP","Net assets fell from £233,247 (FY24) to £47,813 (FY25), a decline of 79.5%. Current liabilities increased sharply from £38,611 to £244,325. No profit and loss statement disclosed. No FX activity or hedging disclosed.",FUTURE SIX LIMITED,voluntary-arrangement,high,not disclosed,,cannot estimate - no FX data disclosed,,not disclosed,,,,not disclosed,unhedged,D,none evident,2008-05-27,Evesham,,,FUTURE SIX LIMITED,06602714,not disclosed,no,none,,WR11 7QP,X - no currency flow evident,xhtml,"Shareholder funds depleted by 79.5% year-on-year. Net current liabilities of £164,417 (FY25). Accounts abridged with no P&L. No description of principal activity stated. Potential solvency concern.",0,"43220, 43310, 43341, 62020",unclear,none found,
full,2025-04-30,accounts-with-accounts-type-total-exemption-full,"25c Lombard Road, Wimbledon, London, SW19 3TZ","Income statement not filed under Section 444 exemption. Current liabilities exceed current assets by £81,655 at year end. Going concern dependent on continued director support.",YOON GLOBAL LTD,voluntary-arrangement,high,not disclosed,,cannot estimate - no FX data disclosed,,not disclosed,,,,not disclosed,unhedged,D,none evident,2012-01-17,Wimbledon,,,YOON GLOBAL LTD,07912194,not disclosed,not disclosed,none,,SW19 3TZ,X - no currency flow evident,xhtml,"Negative working capital of £81,655. Going concern qualified on director discretionary support.",0,10890,unclear,none found,
micro,2025-04-30,accounts-with-accounts-type-micro-entity,"88 Canterbury Road, Croydon, CR0 3HA",,CANTERBURY CARE AND SUPPORT LIMITED,voluntary-arrangement,none,,"micro accounts - no useful disclosure, skipped",,,,,,,,unknown,,,2021-04-28,Croydon,,,CANTERBURY CARE AND SUPPORT LIMITED,13364047,,,none,,CR0 3HA,X - no evidence,,,,87200,,,
full,2025-03-31,accounts-with-accounts-type-total-exemption-full,"Unit 1b The Treasury, Warrington, Cheshire, WA1 1BL",Accounts filed as abridged - no P&L or FX data disclosed. Company has taken advantage of section 444(1) Companies Act 2006 exemption from filing profit and loss account.,SAN LORENZO RESTAURANT WARRINGTON LIMITED,voluntary-arrangement,high,not disclosed,,cannot estimate - no FX data disclosed,.notesSubSection{ margin-left: 1em;}.subRow td:first-child{ padding-left: 1em;}th.oneWordPerLine { text-align: center !important; vertical-align: bottom; word-spacing: 100vw;}th.noWrap { text-align: left !important; vertical-align: bottom; white-space: nowrap;}th.toBottom { text-ali,not disclosed,Imports/exports mentioned (x3),,,not disclosed,unhedged,D,none evident,2017-06-15,Warrington,,,SAN LORENZO RESTAURANT WARRINGTON LIMITED,10820210,San Lorenzo Restaurant Warrington Limited operates a restaurant business.,no,none,,WA1 1BL,X - no currency flow evident,xhtml,none,2,56101,minimal,none found,
full,2025-10-31,accounts-with-accounts-type-total-exemption-full,"2 Piries Place, Horsham, West Sussex, RH12 1EH","Net liabilities £5,422,626 (FY25) and £5,889,071 (FY24). No profit and loss account filed. Single employee company. No FX data disclosed.",2F2 LTD.,voluntary-arrangement,high,not disclosed,,cannot estimate - no FX data disclosed,,not disclosed,,,,not disclosed,unhedged,D,none evident,2011-10-26,Horsham,,,2F2 LTD.,07824636,not disclosed,no,none,,RH12 1EH,X - no currency flow evident,xhtml,Going concern qualification with CVA in place. Net liabilities of £5.4m. Long-term debt £7.9m secured on freehold property revalued upward by £500k in FY25. Director loan £175k repayable on demand.,0,74909,unclear,Company in Company Voluntary Arrangement following property revaluation; net liabilities of £5.4m as at 31 Oct 2025.,
full,2025-07-31,accounts-with-accounts-type-total-exemption-full,"Lynwood House, Harrow, Middlesex, HA1 2AW","Care home operator in financial distress: CVA agreed June 2025. Net assets halved year-on-year to £16,343 (FY25) from £33,799 (FY24). Staff reduced 23% from 75 to 58. No P&L disclosed - small companies exemption taken. No FX activity evident in accounts.",S.J. CARE HOMES (WALLASEY) LIMITED,voluntary-arrangement,high,not disclosed,,cannot estimate - no FX data disclosed,,not disclosed,,,,not disclosed,unhedged,D,none evident,2006-02-14,Harrow,,,S.J. CARE HOMES (WALLASEY) LIMITED,05708420,"S.J. Care Homes (Wallasey) Limited operates a care home facility in Wallasey, England.",no,none,,HA1 2AW,X - no currency flow evident,xhtml,"Going concern dependent on CVA completion. Net current liabilities £77,388 (FY25) vs £52,095 (FY24). Total debt £427,745 secured against assets. Profit and loss account deliberately excluded from filing. Company unaudited. Employee headcount decline signals operational contraction.",0,87100,minimal,"Company entered Corporate Voluntary Arrangement (CVA) on 12 June 2025. Net assets declined from £33,799 to £16,343; headcount reduced from 75 to 58 employees.",
full,2025-06-30,accounts-with-accounts-type-total-exemption-full,"C/O Carroll Accountants Unit L,  Bpi House, Bourne End, Bucks, SL8 5AS","Company has filed abridged accounts under section 444(1) Companies Act 2006 with no P&L delivered to registrar. No FX activity, exchange gains/losses, currencies, hedging instruments, or export data disclosed in available text.",DEFINITELY MAYBE BAR LIMITED,voluntary-arrangement,high,not disclosed,,cannot estimate - no FX data disclosed,.notesSubSection{ margin-left: 1em;}.subRow td:first-child{ padding-left: 1em;}th.oneWordPerLine { text-align: center !important; vertical-align: bottom; word-spacing: 100vw;}th.noWrap { text-align: left !important; vertical-align: bottom; white-space: nowrap;}th.toBottom { text-ali,not disclosed,Imports/exports mentioned (x3),,,not disclosed,unhedged,D,none evident,2020-01-07,Bourne End,,,DEFINITELY MAYBE BAR LIMITED,12390247,not disclosed,no,none,,SL8 5AS,X - no currency flow evident,xhtml,none,2,56302,unclear,none found,
full,2026-03-30,accounts-with-accounts-type-total-exemption-full,"Office 7, Colchester Business Centre, Colchester, Essex, CO1 2JS","CVA entered 7 July 2025 with mandatory 60 monthly payments of minimum £10,000. Directors assert going concern despite CVA. No turnover, FX gains/losses, or hedging disclosed in filed accounts.",BLOSSOM LIVING LIMITED,voluntary-arrangement,high,not disclosed,,cannot estimate - no FX data disclosed,,not disclosed,,,,not disclosed,unhedged,D,none evident,2018-09-17,Colchester,,,BLOSSOM LIVING LIMITED,11571587,Blossom Living Limited is a UK residential living company.,no,none,,CO1 2JS,X - no currency flow evident,xhtml,Company Voluntary Arrangement active as of 7 July 2025 - formal insolvency procedure. Going concern qualified by CVA dependency. Financial distress evident.,0,87900,minimal,"Company entered a Company Voluntary Arrangement (CVA) with creditors on 7 July 2025 with 60 monthly contributions of £10,000+. Going concern reliance on CVA continuation.",
full,2025-05-31,accounts-with-accounts-type-total-exemption-full,"9 Ascot Park Estate Lenton Street, Nottinghamshire, NG10 5DL",Accounts filed in abridged format with no P&L disclosure. No exchange gains/losses stated. No hedging instruments identified. Import/export activity flagged by signals but no geographic or currency breakdown provided in available text.,H.P.M. LIMITED,voluntary-arrangement,high,not disclosed,,cannot estimate - no FX data disclosed,".notesSubSection{ margin-left: 1em;}.subRow td:first-child{ padding-left: 1em;}th.oneWordPerLine { text-align: center !important; vertical-align: bottom; word-spacing: 100vw;}th.noWrap { text-align: left !important; vertical-align: bottom; white-space: nowrap;}th.toBottom { text-ali || VAT 227,878 148,070 Pension Liabilities 1,494 1,400 Invoice Finance 132,892 67,297 Accruals and deferred income 45,000 25,796 Amounts owed to related parties",not disclosed,Imports/exports mentioned (x3) | Invoice/supplier finance (cash tight) (x1),,,not disclosed,unhedged,C,none evident,1989-02-16,Nottinghamshire,,,H.P.M. LIMITED,02349003,H.P.M. Limited manufactures or trades in goods with export activity and manages supplier finance arrangements.,no,none,,NG10 5DL,X - no currency flow evident,xhtml,none,5,22290,unclear,none found,
micro,2024-10-31,accounts-with-accounts-type-micro-entity,"31a London Road, Northwich, CW9 5HQ",,SIMPLYHELPINGSENIORS LIMITED,voluntary-arrangement,none,,"micro accounts - no useful disclosure, skipped",,,,,,,,unknown,,,2019-05-20,Northwich,,,SIMPLYHELPINGSENIORS LIMITED,12006751,,,none,,CW9 5HQ,X - no evidence,,,,87300,,,
micro,2025-06-30,accounts-with-accounts-type-micro-entity,"Imperial Breeze Healthcare South East  Unit 12, Slough, SL2 5EP",,IMPERIAL BREEZE HEALTHCARE SOUTH EAST LIMITED,voluntary-arrangement,none,,"micro accounts - no useful disclosure, skipped",,,,,,,,unknown,,,2021-06-16,Slough,,,IMPERIAL BREEZE HEALTHCARE SOUTH EAST LIMITED,13460422,,,none,,SL2 5EP,X - no evidence,,,,86900,,,
full,2025-01-31,accounts-with-accounts-type-total-exemption-full,"Beckside Court, Beverley, East Yorkshire, HU17 0LF","Income statement not delivered under Section 444 Companies Act 2006. Bank loans and overdrafts 18,175. Invoice financing facility with fixed and floating charges over company undertaking. No FX data disclosed.",DAVID BAARDA LIMITED,voluntary-arrangement,high,GBP - presentational currency stated as Pound Sterling,,cannot estimate - no FX data disclosed,assets to which they relate. Other creditors includes an invoice financing facility which has both fixed and floating charges over the company. The floating charge covers all the property or undertaking of the company.,not disclosed,Invoice/supplier finance (cash tight) (x1),,,not disclosed,unhedged,D,none evident,2012-01-13,Beverley,,,DAVID BAARDA LIMITED,07908951,Freight company providing transportation and logistics services.,no,none,,HU17 0LF,X - no currency flow evident,xhtml,Cash tight signal confirmed: invoice/supplier finance facility in place with security over entire company undertaking. Accounts filed as small/abridged with no P&L disclosure. CBILs loan indicates prior use of government-backed emergency lending.,3,"49410, 70229",minimal,Company operating under invoice financing facility with both fixed and floating charges; CBILs loan facility in place.,
small,2026-06-09,accounts-with-accounts-type-unaudited-abridged,"19-20 Bourne Court, Woodford Green, Essex, IG8 8HD",,MARPAUL SOUTHERN LIMITED,voluntary-arrangement,low,,"small/abridged filing - little to read, brief skipped; qualify by phone",,,,,,,,unknown,D,,1979-09-05,Woodford Green,,,MARPAUL SOUTHERN LIMITED,01446829,,,none,,IG8 8HD,X - no evidence,xhtml,,0,"42990, 43220",,,
full,2025-02-28,accounts-with-accounts-type-total-exemption-full,"4th Floor, Silverstream House 45 Fitzroy Street, London, W1T 6EB",Winding up petition by HMRC on 13 November 2025 for unpaid tax liabilities. Court adjourned hearing 21 January 2026 pending CVA. Material uncertainty over going concern exists; CVA not yet approved by creditors as of statement approval date.,TRAIN EFFECTIVE LTD,voluntary-arrangement,high,not disclosed,,cannot estimate - no FX data disclosed,.notesSubSection{ margin-left: 1em;}.subRow td:first-child{ padding-left: 1em;}th.oneWordPerLine { text-align: center !important; vertical-align: bottom; word-spacing: 100vw;}th.noWrap { text-align: left !important; vertical-align: bottom; white-space: nowrap;}th.toBottom { text-ali,not disclosed,Imports/exports mentioned (x3),,,not disclosed,unhedged,D,none evident,2019-04-10,London,,,TRAIN EFFECTIVE LTD,11938803,not disclosed,no,none,,W1T 6EB,X - no currency flow evident,xhtml,"yes - HMRC winding up petition outstanding as of 13 November 2025; material uncertainty on going concern; CVA process underway; company unable to continue without successful CVA approval, creditor support and time-to-pay arrangement",2,"62090, 93199",unclear,Company subject to HMRC winding up petition filed 13 November 2025 for unpaid tax; Court adjourned hearing 21 January 2026 to allow CVA process; going concern dependent on CVA approval and creditor support.,
full,2024-09-30,accounts-with-accounts-type-total-exemption-full,"843 Finchley Road, London, NW11 8NA",P&L not filed with registrar (abridged accounts). Foreign exchange policy disclosed in note 1.13 but no exchange gains or losses reported. Trade debtors £2.78m and trade creditors £3.52m suggest significant working capital exposure but no hedging instruments documented.,IN-EX LANDSCAPES LIMITED,voluntary-arrangement,high,not disclosed,,cannot estimate - no FX data disclosed,"is recognised in profit or loss immediately unless the derivative is designated and effective as a hedging instrument, in which event the timing of the recognition in profit or loss depends on the nature of the hedge relationship. A der",not disclosed,Mentions hedging (x2),,,not disclosed,unhedged,C,none evident,2008-04-22,London,,,IN-EX LANDSCAPES LIMITED,06572799,IN-EX Landscapes Limited provides landscaping and grounds maintenance services.,no,none,,NW11 8NA,X - no currency flow evident,xhtml,none,4,47789,minimal,Trade debtors increased 58% to £2.78m (2023: £1.76m); trade creditors more than doubled to £3.52m (2023: £1.63m). Profit declined 32% to £134k (2023: £199k).,
small,2023-12-31,accounts-with-accounts-type-small,"3rd Floor 114a Cromwell Road, London, SW7 4AG",,OUTERNET VENUE LIMITED,voluntary-arrangement,low,,"small/abridged filing - little to read, brief skipped; qualify by phone",,,,,,,,unknown,D,,2021-05-07,London,,,OUTERNET VENUE LIMITED,13381794,,,none,,SW7 4AG,X - no evidence,xhtml,,0,93290,,,
full,2025-06-30,accounts-with-accounts-type-total-exemption-full,"Unit 2 Ashmead Road, Bristol, BS31 1SX",Company has opted not to deliver copy of P&L Account to registrar under section 444(1) Companies Act 2006. No exchange gains/losses disclosed. No hedging activity evident in accounts.,COMPLETE TELECOM SOLUTIONS LIMITED,voluntary-arrangement,high,not disclosed,,cannot estimate - no FX data disclosed,.notesSubSection{ margin-left: 1em;}.subRow td:first-child{ padding-left: 1em;}th.oneWordPerLine { text-align: center !important; vertical-align: bottom; word-spacing: 100vw;}th.noWrap { text-align: left !important; vertical-align: bottom; white-space: nowrap;}th.toBottom { text-ali,not disclosed,Imports/exports mentioned (x3),,,not disclosed,unhedged,D,none evident,2013-06-14,Bristol,,,COMPLETE TELECOM SOLUTIONS LIMITED,08569347,Complete Telecom Solutions Limited provides telecommunications solutions and services.,no,none,,BS31 1SX,X - no currency flow evident,xhtml,Accounts abridged with no P&L disclosed - unable to assess financial position or going concern status.,2,61900,unclear,none found,
full,2025-11-30,accounts-with-accounts-type-total-exemption-full,"203 West Street, Fareham, PO16 0EN","Company filed abridged accounts with no P&L disclosure. No FX activity, hedging instruments, or currency exposure evident in provided text.",ALBANY CARE (NORTHAMPTON) LIMITED,voluntary-arrangement,high,not disclosed,,cannot estimate - no FX data disclosed,.notesSubSection{ margin-left: 1em;}.subRow td:first-child{ padding-left: 1em;}th.oneWordPerLine { text-align: center !important; vertical-align: bottom; word-spacing: 100vw;}th.noWrap { text-align: left !important; vertical-align: bottom; white-space: nowrap;}th.toBottom { text-ali,not disclosed,Imports/exports mentioned (x3),,,not disclosed,unhedged,D,none evident,2016-07-14,Fareham,,,ALBANY CARE (NORTHAMPTON) LIMITED,10278218,Albany Care (Northampton) Limited provides care services.,no,none,,PO16 0EN,X - no currency flow evident,xhtml,none,2,87900,minimal,none found,
small,2026-03-19,accounts-with-accounts-type-unaudited-abridged,"United House Unit 4.25, London, N7 9DP",,ANA HOMECARE LIMITED,voluntary-arrangement,low,,"small/abridged filing - little to read, brief skipped; qualify by phone",,.notesSubSection{ margin-left: 1em;}.subRow td:first-child{ padding-left: 1em;}th.oneWordPerLine { text-align: center !important; vertical-align: bottom; word-spacing: 100vw;}th.noWrap { text-align: left !important; vertical-align: bottom; white-space: nowrap;}th.toBottom { text-ali,,Imports/exports mentioned (x3),,,,unknown,D,,2006-07-26,London,,,ANA HOMECARE LIMITED,05887645,,,none,,N7 9DP,X - no evidence,xhtml,,2,86900,,,
full,2025-11-30,accounts-with-accounts-type-total-exemption-full,"203 West Street, Fareham, PO16 0EN","Company filed abridged accounts with P&L not delivered to registrar. No financial figures, FX exposure data, or hedging activity disclosed in accounts extract provided.",ALBANY FARM CARE (OXFORD) LIMITED,voluntary-arrangement,high,not disclosed,,cannot estimate - no FX data disclosed,.notesSubSection{ margin-left: 1em;}.subRow td:first-child{ padding-left: 1em;}th.oneWordPerLine { text-align: center !important; vertical-align: bottom; word-spacing: 100vw;}th.noWrap { text-align: left !important; vertical-align: bottom; white-space: nowrap;}th.toBottom { text-ali,not disclosed,Imports/exports mentioned (x3),,,not disclosed,unhedged,D,none evident,2016-07-07,Fareham,,,ALBANY FARM CARE (OXFORD) LIMITED,10266573,Albany Farm Care (Oxford) Limited supplies farm care products and services.,no,none,,PO16 0EN,X - no currency flow evident,xhtml,none,2,96090,unclear,none found,
small,2026-05-30,accounts-with-accounts-type-unaudited-abridged,"Arch 25, Old Union Yard Arches, London, SE1 0LR",,SEFARDI LTD,voluntary-arrangement,low,,"small/abridged filing - little to read, brief skipped; qualify by phone",,"b, strong { font-weight: bold; } table { border-spacing: 10px; } .text--left { text-align: left !important; } .text--center { text-align: center!important; } .text--right { text-align: right !important; } .strong { font-weight: bold; } .center {",,Imports/exports mentioned (x3),,,,unknown,D,,2015-08-27,London,,,SEFARDI LTD,09752739,,,none,,SE1 0LR,X - no evidence,xhtml,,2,56101,,,
full,2024-09-30,accounts-with-accounts-type-total-exemption-full,"Alpha House, Barnet, EN5 5SZ","Company is insolvent with net liabilities of £3,709,413 as at 30 September 2024, worsened from £2,874,999 in 2023. Director loan of £4,686,742 was waived post year-end. No turnover, FX gains/losses or hedging activity disclosed in accounts.",OPTIMA MANUFACTURING JEWELLERS LTD,voluntary-arrangement,high,not disclosed,,cannot estimate - no FX data disclosed,,not disclosed,,,,not disclosed,unhedged,D,none evident,1967-04-17,Barnet,,,OPTIMA MANUFACTURING JEWELLERS LTD,00903768,Optima Manufacturing Jewellers Limited manufactures and sells jewellery products.,no,none,,EN5 5SZ,X - no currency flow evident,xhtml,"Going concern dependent on director support. Net liabilities of £3.7m. Unaudited accounts. Company Voluntary Arrangement entered post year-end (16 May 2025). Trade debtors declined from £608,813 to £464,367 YoY.",0,32120,unclear,"Director waived £4,686,742 loan on 25 January 2025. Company entered Company Voluntary Arrangement on 16 May 2025 to restructure debts.",
micro,2025-03-31,accounts-with-accounts-type-micro-entity,"43-45 Devizes Road, Swindon, Wiltshire, SN1 4BG",,BRAND MONKEY SERVICES LTD,voluntary-arrangement,none,,"micro accounts - no useful disclosure, skipped",,,,,,,,unknown,,,2019-04-04,Swindon,,,BRAND MONKEY SERVICES LTD,11926898,,,none,,SN1 4BG,X - no evidence,,,,70229,,,
full,2025-11-30,accounts-with-accounts-type-total-exemption-full,"Albany Farmhouse Albany Business Centre, Fareham, Hampshire, PO17 5BD","Company has elected small company exemption (section 444 Companies Act 2006) and has not delivered P&L account to registrar. No financial data, FX exposure, or hedging activity disclosed in accounts extract provided.",ALBANY FARM CARE (HAMPSHIRE) LIMITED,voluntary-arrangement,high,not disclosed,,cannot estimate - no FX data disclosed,.notesSubSection{ margin-left: 1em;}.subRow td:first-child{ padding-left: 1em;}th.oneWordPerLine { text-align: center !important; vertical-align: bottom; word-spacing: 100vw;}th.noWrap { text-align: left !important; vertical-align: bottom; white-space: nowrap;}th.toBottom { text-ali,not disclosed,Imports/exports mentioned (x3),,,not disclosed,unhedged,D,none evident,2013-11-18,Fareham,,,ALBANY FARM CARE (HAMPSHIRE) LIMITED,08778441,Albany Farm Care (Hampshire) Limited supplies agricultural products and services to farm customers.,no,none,,PO17 5BD,X - no currency flow evident,xhtml,none,2,87900,unclear,none found,
unknown,2025-06-28,change-account-reference-date-company-current-shortened,"Unit 1 Stag Industrial Estate, Bilston, West Midlands, WV14 7HZ",,ALPHA DESIGNS UPHOLSTERY LIMITED,voluntary-arrangement,none,,no readable text,,,,,,,,unknown,,,2008-12-11,Bilston,,,ALPHA DESIGNS UPHOLSTERY LIMITED,06770930,,,none,accounts/ALPHA_DESIGNS_UPHOLSTERY_LIMITED_06770930.pdf,WV14 7HZ,X - no evidence,"scanned pdf, pytesseract not installed",,,31090,,,
full,2025-04-30,accounts-with-accounts-type-total-exemption-full,"39 High Street High Street, Orpington, BR6 0JE","Accounts filed as abridged; profit and loss statement not delivered to Companies House. Import/export business model confirmed in accounting policies. No FX gains, losses, or hedging activity disclosed.",ELEMENTO GROUP LIMITED,voluntary-arrangement,high,not disclosed,,cannot estimate - no FX data disclosed,.notesSubSection{ margin-left: 1em;}.subRow td:first-child{ padding-left: 1em;}th.oneWordPerLine { text-align: center !important; vertical-align: bottom; word-spacing: 100vw;}th.noWrap { text-align: left !important; vertical-align: bottom; white-space: nowrap;}th.toBottom { text-ali,not disclosed,Imports/exports mentioned (x3),,,not disclosed,unhedged,D,none evident,2016-01-14,Orpington,,,ELEMENTO GROUP LIMITED,09950745,Elemento Group Limited is a UK-based company engaged in import and export trading operations.,no,none,,BR6 0JE,X - no currency flow evident,xhtml,none,2,41100,unclear,none found,
full,2024-12-31,accounts-with-accounts-type-total-exemption-full,"Cheshire House, Widnes, WA8 0RP","No P&L disclosed (small company exemption elected). Tangible assets £14.5m, primarily cranes financed through hire purchase liabilities of £10.4m total (current £2.4m, non-current £8.0m). Cash position weak at £58.7k. Material going concern uncertainty explicitly stated: dependent on maintaining lender relationships and refinancing crane financing arrangements.",CORK CRANE HIRE LTD,voluntary-arrangement,high,not disclosed,,cannot estimate - no FX data disclosed,,not disclosed,,,,not disclosed,unhedged,D,none evident,2012-02-02,Widnes,,,CORK CRANE HIRE LTD,07932891,Cork Crane Hire Limited provides crane hire services in the UK.,no,none,,WA8 0RP,X - no currency flow evident,xhtml,Material going concern uncertainty disclosed in accounting policies. Substantial reliance on asset-backed financing (cranes subject to hire purchase). Net current liabilities of £1.8m. Minimal cash reserves (£58.7k). Going concern conditionality on ability to refinance and restructure lending arrangements.,0,77320,minimal,Tangible fixed assets increased 29.7% year-on-year to £14.5m (2023: £11.2m) driven by £4.0m capital additions. Net current liabilities widened to £1.8m (2023: £0.9m).,
full,2025-08-31,accounts-with-accounts-type-total-exemption-full,"11 Holbrook Close, Sheffield, S20 3FJ","Accounts are abridged with no profit and loss statement disclosed. Net assets fell from £1.016m to £0.432m. Bank overdraft facility of £219,725 newly drawn. No FX or hedging activity disclosed.",URBAN RETROFIT PROJECTS LTD,voluntary-arrangement,high,not disclosed,,cannot estimate - no FX data disclosed,,not disclosed,,,,not disclosed,unhedged,D,none evident,2014-11-26,Sheffield,,,URBAN RETROFIT PROJECTS LTD,09327945,Urban Retrofit Projects Ltd operates in building retrofit and construction projects.,no,none,,S20 3FJ,X - no currency flow evident,xhtml,Significant asset erosion (57% decline in net assets year-on-year). New bank debt suggests liquidity pressure. Accounts are unaudited and abridged (P&L statement not delivered to Registrar). No going concern statement evident.,0,43290,minimal,"Company net assets declined 57% from £1,015,965 (2024) to £431,719 (2025). New bank debt of £219,725 drawn within the period.",
full,2025-03-31,accounts-with-accounts-type-total-exemption-full,"The Market Design And Build 320 High Street, Hayes, Middlesex, UB3 5DU","Unaudited filleted accounts filed. Profit and loss account not delivered to Registrar. No turnover figure disclosed. No exchange gains or losses stated. Cash declined from £431,914 (2024) to £62,472 (2025).",THE MARKET DESIGN AND BUILD LIMITED,voluntary-arrangement,high,not disclosed,,cannot estimate - no FX data disclosed,,not disclosed,,,,not disclosed,unhedged,D,none evident,2013-03-25,Hayes,,,THE MARKET DESIGN AND BUILD LIMITED,08459336,Market design and build company providing design and build services.,no,none,,UB3 5DU,X - no currency flow evident,xhtml,none,0,"41202, 43390",minimal,none found,
full,2024-07-31,accounts-with-accounts-type-total-exemption-full,"Office 7 Queen Victoria House, Ilford, IG6 1HZ",Company opted not to deliver Income Statement to registrar under section 444(1) Companies Act 2006. CVA entered 21 June 2024. No exchange gain/loss figures disclosed. No hedging instruments evident.,ANDREW PHILLIPS LIMITED,voluntary-arrangement,high,not disclosed,,cannot estimate - no FX data disclosed,"t: 1em;}.subRow td:first-child{ padding-left: 1em;}.examinerSign{ height: 8em;}th.oneWordPerLine { text-align: center !important; vertical-align: bottom; word-spacing: 100vw;}@media screen { body.drillable-notes *[data-drillablename*='drillable-note']:hover, body.drillable-notes *[dat",not disclosed,Imports/exports mentioned (x1),,,not disclosed,unhedged,D,none evident,2013-07-04,Ilford,,,ANDREW PHILLIPS LIMITED,08597586,"Andrew Phillips Limited provides services to clients, with operations involving foreign currency transactions.",no,none,,IG6 1HZ,X - no currency flow evident,xhtml,CVA entered 21 June 2024 indicates financial distress and creditor arrangement. Going concern qualified by CVA structure and need for large contracts to materialise.,2,71111,unclear,Company entered into CVA (Creditor Voluntary Arrangement) on 21 June 2024 to restructure debt repayment. Director reports secured several large contracts expected to generate significant revenue.,
full,2025-03-31,accounts-with-accounts-type-full,"66 Haven Way, Newhaven, East Sussex, BN9 9TD",,MUDDLES GREEN LIMITED,voluntary-arrangement,none,,no readable text,,,,,,,,unknown,,,2020-05-04,Newhaven,,,MUDDLES GREEN LIMITED,12585286,,,none,accounts/MUDDLES_GREEN_LIMITED_12585286.pdf,BN9 9TD,X - no currency flow evident,"scanned pdf, pytesseract not installed",,,"20420, 70229",,,
unknown,2026-06-30,change-account-reference-date-company-previous-extended,"Arthur Street, Worcestershire, B98 8JY",,HEARTBEAT MANUFACTURING CO. (REDDITCH) LIMITED(THE),voluntary-arrangement,none,,no readable text,,,,,,,,unknown,,,1976-10-20,Worcestershire,,,HEARTBEAT MANUFACTURING CO. (REDDITCH) LIMITED(THE),01282568,,,none,accounts/HEARTBEAT_MANUFACTURING_CO_REDDITCH_LIMITED_THE__01282568.pdf,B98 8JY,X - no evidence,"scanned pdf, pytesseract not installed",,,"25990, 31010",,,
small,2026-05-06,accounts-with-accounts-type-unaudited-abridged,"Office Q111, The Quadrant Nuart Road, Nottingham, NG9 2NH",,SOLID HEALTHCARE LTD,voluntary-arrangement,low,,"small/abridged filing - little to read, brief skipped; qualify by phone",,min-height: 750px; background-color:transparent; } .pagebreak { page-break-before:always } .pageno { display: none!important } .page-body { padding: 0; vertical-align: top } .page700 a { color:#000000; text-decoration:none; font-size: 16px; } .page700 a img { border-style:,,Imports/exports mentioned (x9),,,,unknown,D,,2022-02-22,Nottingham,,,SOLID HEALTHCARE LTD,13931169,,,none,,NG9 2NH,X - no evidence,xhtml,,2,"78109, 86900, 87200, 87900",,,
full,2025-09-30,accounts-with-accounts-type-total-exemption-full,"16 Main Street, Kettering, Northamptonshire, NN14 3BH","Accounts filed as abridged (full category claimed but P&L not delivered to registrar per s.444 CA2006). No FX exposure, hedging activity, or currency detail disclosed. No turnover figure available.",GREEDY GORDONS LIMITED,voluntary-arrangement,high,not disclosed,,cannot estimate - no FX data disclosed,.notesSubSection{ margin-left: 1em;}.subRow td:first-child{ padding-left: 1em;}th.oneWordPerLine { text-align: center !important; vertical-align: bottom; word-spacing: 100vw;}th.noWrap { text-align: left !important; vertical-align: bottom; white-space: nowrap;}th.toBottom { text-ali,not disclosed,Imports/exports mentioned (x3),,,not disclosed,unhedged,D,none evident,2018-08-09,Kettering,,,GREEDY GORDONS LIMITED,11509464,not disclosed,no,none,,NN14 3BH,X - no currency flow evident,xhtml,Abridged filing despite 'full' category declaration creates transparency gap; cannot verify financial health or trading scale.,2,"56101, 56103, 56302",unclear,none found,
full,2026-03-31,accounts-with-accounts-type-total-exemption-full,"Oakley House, Corby, Northants, NN18 9EZ","Unaudited accounts. P&L not filed (abridged regime). No revenue, FX gains/losses, or geographic data disclosed. Company holds £207,879 stock (new FY26) and £52,607 cash. 8 employees.",CBM-LOGIX LTD,voluntary-arrangement,high,not disclosed,,cannot estimate - no FX data disclosed,,not disclosed,,,,not disclosed,unhedged,D,none evident,2004-11-12,Corby,,,CBM-LOGIX LTD,05285089,CBM-LOGIX LTD provides IT consultancy services.,no,none,,NN18 9EZ,X - no currency flow evident,xhtml,Abridged accounts with no P&L filed. Directors elected to omit profit and loss account. Going concern statement included but no revenue visibility makes viability assessment impossible for prospects.,0,62020,minimal,none found,
small,2025-03-31,accounts-with-accounts-type-small,"Suite 2, The Brentano Suite Solar House, London, N12 8QJ",,REX IMMERSIVE LTD,voluntary-arrangement,low,,"small/abridged filing - little to read, brief skipped; qualify by phone",,,,,,,,unknown,D,,2023-05-12,London,,,REX IMMERSIVE LTD,14864407,,,none,,N12 8QJ,X - no evidence,xhtml,,0,93290,,,
small,2025-11-27,accounts-with-accounts-type-unaudited-abridged,"Suite A, Victoria House, Bramhall, Cheshire, SK7 2BE",,TEMBO LTD,voluntary-arrangement,low,,"small/abridged filing - little to read, brief skipped; qualify by phone",,"b, strong { font-weight: bold; } table { border-spacing: 10px; } .text--left { text-align: left !important; } .text--center { text-align: center!important; } .text--right { text-align: right !important; } .strong { font-weight: bold; } .center {",,Imports/exports mentioned (x3),,,,unknown,D,,2014-02-19,Bramhall,,,TEMBO LTD,08902148,,,none,,SK7 2BE,X - no evidence,xhtml,,2,82301,,,
micro,2025-08-31,accounts-with-accounts-type-micro-entity,"65-69 Ground Floor, Gallery Building, Dublin Road, Belfast, BT2 7HG",,PHASE CONTRACTS LIMITED,voluntary-arrangement,none,,"micro accounts - no useful disclosure, skipped",,,,,,,,unknown,,,2018-08-09,Dublin Road,,,PHASE CONTRACTS LIMITED,NI654911,,,none,,BT2 7HG,X - no evidence,,,,43210,,,
micro,2025-01-31,accounts-with-accounts-type-micro-entity,"Suite 11, Ground Floor Alexander House Business Ce, Hitchin, Hertfordshire, SG4 0AP",,CARE 4 YOU DIRECT LIMITED,voluntary-arrangement,none,,"micro accounts - no useful disclosure, skipped",,,,,,,,unknown,,,2020-01-23,Hitchin,,,CARE 4 YOU DIRECT LIMITED,12421895,,,none,,SG4 0AP,X - no evidence,,,,87300,,,
full,2024-12-28,accounts-amended-with-accounts-type-total-exemption-full,"223 Moira Road, Lisburn, Co. Antrim, BT28 2ST","Company has negative net assets of £113,148 as at 28 December 2024, down from positive £13,205 in 2023. Current liabilities of £654,752 exceed current assets of £524,284. Profit and loss account not filed; no turnover, exchange gains/losses, or FX exposure disclosed. No hedging instruments evident in accounts.",JOHNSTON CONTRACTS LTD,voluntary-arrangement,high,not disclosed,,cannot estimate - no FX data disclosed,,not disclosed,,,,not disclosed,unhedged,D,none evident,2011-12-06,Lisburn,,,JOHNSTON CONTRACTS LTD,NI610254,Johnston Contracts Ltd supplies goods through sale and distribution operations in Northern Ireland.,no,none,,BT28 2ST,X - no currency flow evident,xhtml,"Balance sheet shows technical insolvency with negative equity of £113,148. Current liabilities exceed current assets by £130,468, indicating liquidity stress. Going concern status not disclosed given small company exemption.",0,41202,minimal,"Net assets deteriorated from £13,205 (2023) to negative £113,148 (2024). Current liabilities exceed current assets by £130,468.",
small,2006-09-30,accounts-with-accounts-type-total-exemption-small,"Drumnadrochit, Inverness, IV63 6XT",,ENVIRONMENTAL CARBON OFFSET HOTELS LIMITED,voluntary-arrangement,none,,no readable text,,,,,,,,unknown,,,2004-09-06,Inverness,,,ENVIRONMENTAL CARBON OFFSET HOTELS LIMITED,SC272961,,,none,accounts/ENVIRONMENTAL_CARBON_OFFSET_HOTELS_LIMITED_SC272961.pdf,IV63 6XT,X - no evidence,"scanned pdf, pytesseract not installed",,,5510,,,
,,,"Skoparts House, Brackley, Northants, NN13 5DT",,BROOKBERRY LIMITED,voluntary-arrangement,low,,no accounts with document found,,,,,,,,unknown,,,1974-08-02,Brackley,,,BROOKBERRY LIMITED,01179511,,,none,,NN13 5DT,X - no evidence,,,,,,,
,,,"Grapes House, Esher, Surrey, KT10 9QA",,BERKSHIRE-GRANT LIMITED,voluntary-arrangement,low,,no accounts with document found,,,,,,,,unknown,,,1981-02-11,Esher,,,BERKSHIRE-GRANT LIMITED,01544845,,,none,,KT10 9QA,X - no evidence,,,,3162,,,
,,,"Foxwold, Bideford, Devon, EX39 3PT",,ALLIEDFIELD LIMITED,voluntary-arrangement,low,,no accounts with document found,,,,,,,,unknown,,,1982-10-08,Bideford,,,ALLIEDFIELD LIMITED,01670528,,,none,,EX39 3PT,X - no evidence,,,,"0112, 0122, 0141",,,
small,2006-12-31,accounts-with-accounts-type-total-exemption-small,"73 Lowther Street, Whitehaven, Cumbria, CA28 7AH",,OAKCELLAR LIMITED,voluntary-arrangement,none,,no readable text,,,,,,,,unknown,,,1983-01-21,Whitehaven,,,OAKCELLAR LIMITED,01693270,,,none,accounts/OAKCELLAR_LIMITED_01693270.pdf,CA28 7AH,X - no evidence,"scanned pdf, pytesseract not installed",,,"5540, 9305",,,
,,,"Hawthornden, Nottingham, NG3 4GH",,ARKWRIGHT INVESTMENTS LIMITED,voluntary-arrangement,low,,no accounts with document found,,,,,,,,unknown,,,1985-03-01,Nottingham,,,ARKWRIGHT INVESTMENTS LIMITED,01891200,,,none,,NG3 4GH,X - no evidence,,,,7487,,,
,,,"St Nicholas House, Nottingham, NG1 6FQ",,BIMARK LIMITED,voluntary-arrangement,low,,no accounts with document found,,,,,,,,unknown,,,1985-05-20,Nottingham,,,BIMARK LIMITED,01915065,,,none,,NG1 6FQ,X - no evidence,,,,7011,,,
,,,"St Nicholas House, Nottingham, NG1 6FQ",,NIDOLAND LIMITED,voluntary-arrangement,low,,no accounts with document found,,,,,,,,unknown,,,1985-05-20,Nottingham,,,NIDOLAND LIMITED,01915097,,,none,,NG1 6FQ,X - no evidence,,,,7011,,,
,,,"Hawthornden, Nottingham, NG3 4GH",,ARKWRIGHT PROPERTIES LIMITED,voluntary-arrangement,low,,no accounts with document found,,,,,,,,unknown,,,1981-06-30,Nottingham,,,ARKWRIGHT PROPERTIES LIMITED,01571347,,,none,,NG3 4GH,X - no evidence,,,,7011,,,
full,1991-02-28,accounts-with-accounts-type-full,"Sunrise House, Bucks, SL8 5JJ",,P.R. GREENOUGH CONSTRUCTION LIMITED,voluntary-arrangement,none,,no readable text,,,,,,,,unknown,,,1986-06-11,Bucks,,,P.R. GREENOUGH CONSTRUCTION LIMITED,02026952,,,none,accounts/P_R_GREENOUGH_CONSTRUCTION_LIMITED_02026952.pdf,SL8 5JJ,X - no currency flow evident,"scanned pdf, pytesseract not installed",,,4521,,,
,,,"401 St John Street, EC1V 4LH",,SUPERSHOPPER LIMITED,voluntary-arrangement,low,,no accounts with document found,,,,,,,,unknown,,,1991-06-17,,,,SUPERSHOPPER LIMITED,02620724,,,none,,EC1V 4LH,X - no evidence,,,,,,,
unknown,2003-03-21,legacy,"Sanderlings Llp Sanderling House Springbrook Lane, Solihull, West Midlands, B94 5SG",,EAGLE INDUSTRIAL PAINTS LIMITED,voluntary-arrangement,none,,no readable text,,,,,,,,unknown,,,1970-01-30,Solihull,,,EAGLE INDUSTRIAL PAINTS LIMITED,00971425,,,none,accounts/EAGLE_INDUSTRIAL_PAINTS_LIMITED_00971425.pdf,B94 5SG,X - no evidence,"scanned pdf, pytesseract not installed",,,2430,,,
unknown,2001-08-10,legacy,"Toms Hill, Tring, Hertfordshire, HP23 5SD",,CHILTERN HILLS MINERAL WATER LIMITED,voluntary-arrangement,none,,no readable text,,,,,,,,unknown,,,1970-03-26,Tring,,,CHILTERN HILLS MINERAL WATER LIMITED,00975699,,,none,accounts/CHILTERN_HILLS_MINERAL_WATER_LIMITED_00975699.pdf,HP23 5SD,X - no evidence,"scanned pdf, pytesseract not installed",,,7499,,,
dormant,2021-09-30,accounts-with-accounts-type-dormant,"10 Blenheim Close, Chelmsford, Essex, CM3 4NE",,HANOVIA SOLUTIONS LIMITED,voluntary-arrangement,none,,"dormant accounts - no useful disclosure, skipped",,,,,,,,unknown,,,2005-03-19,Chelmsford,,,HANOVIA SOLUTIONS LIMITED,05399075,,,none,,CM3 4NE,X - no evidence,,,,82990,,,
micro,2024-07-31,accounts-with-accounts-type-micro-entity,"Chamber Of Commerce House, Belfast, BT2 7BA",,MILHENCH PROPERTY CONSULTING LIMITED,voluntary-arrangement,none,,"micro accounts - no useful disclosure, skipped",,,,,,,,unknown,,,2014-05-14,Belfast,,,MILHENCH PROPERTY CONSULTING LIMITED,NI624583,,,none,,BT2 7BA,X - no evidence,,,,70229,,,
dormant,2020-09-30,accounts-with-accounts-type-dormant,"128 Coventon Road, Aylesbury, Bucks, HP19 9LL",,SAKO TECHNOLOGIES LIMITED,voluntary-arrangement,none,,"dormant accounts - no useful disclosure, skipped",,,,,,,,unknown,,,2011-07-21,Aylesbury,,,SAKO TECHNOLOGIES LIMITED,07713141,,,none,,HP19 9LL,X - no evidence,,,,"61200, 62090",,,
full,2025-05-31,accounts-with-accounts-type-total-exemption-full,"The Brentano Suite Solar House, North Finchley, London, N12 8QJ","Company filed abridged accounts with no P&L statement. Director loan account of £89,604 outstanding as at 31 May 2025. No FX activity, hedging instruments, or international operations evident in disclosures.",PARKVIEW CARE (BROADSTAIRS) LIMITED,voluntary-arrangement,high,not disclosed,,cannot estimate - no FX data disclosed,,not disclosed,,,,not disclosed,unhedged,D,none evident,2010-05-07,North Finchley,,,PARKVIEW CARE (BROADSTAIRS) LIMITED,07246265,Parkview Care (Broadstairs) Limited operates a care facility providing care activities.,no,none,,N12 8QJ,X - no currency flow evident,xhtml,none,0,87900,minimal,none found,
full,2024-06-30,accounts-with-accounts-type-total-exemption-full,"303 The Pill Box 115 Coventry Road, London, E2 6GH","Company is insolvent with net liabilities of £153,340 as at 30 June 2024. No profit and loss account filed. No revenue or exchange gain/loss figures disclosed.",TERMINAL REHEARSALS LTD,voluntary-arrangement,high,not disclosed,,cannot estimate - no FX data disclosed,Terminal Rehearsals Ltd Accounts body { padding:0cm;margin:0cm !important; }.userPageBreak { page-break-after:always; }table { table-layout:fixed;border-collapse:collapse; }td { vertical-align:bottom;padding:inherit; }div { word-w,not disclosed,Imports/exports mentioned (x1),,,not disclosed,unhedged,D,none evident,2014-05-12,London,,,TERMINAL REHEARSALS LTD,09035953,Business support service activities provider.,no,none,,E2 6GH,X - no currency flow evident,xhtml,"Insolvency: net liabilities £153,340 (FY24) and £167,293 (FY23). Current liabilities £145,000 exceed current assets £35,489. Director loans £116,473 represent 80% of short-term creditors. Headcount reduced to zero employees by year end. Going concern not addressed in small company exemption accounts.",2,"90020, 90040",minimal,none found,
full,2025-03-31,accounts-with-accounts-type-total-exemption-full,"1 & 2 Crescent Stables 139 Upper Richmond Road, London, SW15 2TN","Accounts filed on small company exemption with no income statement delivered. Bank loans and overdrafts 25,817; loans due to members 105,628. No FX activity disclosed.",GIBSON YOUNG SOLICITORS LLP,voluntary-arrangement,high,not disclosed,,cannot estimate - no FX data disclosed,,not disclosed,,,,not disclosed,unhedged,D,none evident,2009-05-28,London,,,GIBSON YOUNG SOLICITORS LLP,OC345985,Gibson Young Solicitors LLP provides legal services.,no,none,,SW15 2TN,X - no currency flow evident,xhtml,none,0,,minimal,Accounting reference date changed from 30 June to 31 March to align with HMRC tax year reporting requirements.,
full,1998-12-31,accounts-with-accounts-type-full,"BDO STOY HAYWARD LLP, London, W1U 7EU",,ALPHA CREDIT REPAIR LIMITED,voluntary-arrangement,none,,no readable text,,,,,,,,unknown,,,1996-04-03,London,,,ALPHA CREDIT REPAIR LIMITED,03182663,,,none,accounts/ALPHA_CREDIT_REPAIR_LIMITED_03182663.pdf,W1U 7EU,X - no currency flow evident,"scanned pdf, pytesseract not installed",,,7487,,,
,,,"82a, Sandy Lane,, Lancashire,, WV8 8LQ",,D.A.PARKINSON ELECTRICAL LIMITED,voluntary-arrangement,low,,no accounts with document found,,,,,,,,unknown,,,1988-10-05,"Lancashire,",,,D.A.PARKINSON ELECTRICAL LIMITED,02302287,,,none,,WV8 8LQ,X - no evidence,,,,,,,
,,,"21 Manor House Croft, Leeds, LS16 8LY",,DAVID PEARSON PROJECTS LTD,voluntary-arrangement,low,,no accounts with document found,,,,,,,,unknown,,,1989-11-17,Leeds,,,DAVID PEARSON PROJECTS LTD,02444147,,,none,,LS16 8LY,X - no evidence,,,,4521,,,
dormant,2022-02-28,accounts-with-accounts-type-dormant,"52 Hubert Road, Rainham, Essex, RM13 8AB",,CHUCKLE-GIGGLES LTD,voluntary-arrangement,none,,"dormant accounts - no useful disclosure, skipped",,,,,,,,unknown,,,2006-02-04,Rainham,,,CHUCKLE-GIGGLES LTD,05698264,,,none,,RM13 8AB,X - no evidence,,,,70229,,,
,,,"22-30 Pleasant Street, Lancashire, FY1 2HU",,CROSSWINDS PROPERTIES LIMITED,voluntary-arrangement,low,,no accounts with document found,,,,,,,,unknown,,,2002-04-17,Lancashire,,,CROSSWINDS PROPERTIES LIMITED,04419037,,,none,,FY1 2HU,X - no evidence,,,,,,,
unknown,2004-11-06,legacy,"Unit 5, Orchard Way, Antrim, BT41 2RU",,MAC PACKAGING LIMITED,voluntary-arrangement,none,,no readable text,,,,,,,,unknown,,,1987-02-06,Orchard Way,,,MAC PACKAGING LIMITED,NI020163,,,none,accounts/MAC_PACKAGING_LIMITED_NI020163.pdf,BT41 2RU,X - no evidence,"scanned pdf, pytesseract not installed",,,,,,
unknown,2009-09-20,legacy,"43 Lockview Road, BT9 5FJ",,PORTSIDE PUBS LIMITED,voluntary-arrangement,none,,no readable text,,,,,,,,unknown,,,1990-05-14,,,,PORTSIDE PUBS LIMITED,NI024473,,,none,accounts/PORTSIDE_PUBS_LIMITED_NI024473.pdf,BT9 5FJ,X - no evidence,"scanned pdf, pytesseract not installed",,,,,,
full,2009-03-31,accounts-with-accounts-type-full,"Saltire Court, Edinburgh, EH1 2EG",,"MCTAVISH, RAMSAY & COMPANY LIMITED",voluntary-arrangement,none,,no readable text,,,,,,,,unknown,,,1953-04-04,Edinburgh,,,"MCTAVISH, RAMSAY & COMPANY LIMITED",SC029378,,,none,accounts/MCTAVISH_RAMSAY_COMPANY_LIMITED_SC029378.pdf,EH1 2EG,X - no currency flow evident,"scanned pdf, pytesseract not installed",,,2051,,,
full,2025-10-31,accounts-with-accounts-type-total-exemption-full,"Premier House, Cleckheaton, West Yorkshire, BD19 3TT",Accounts are abridged with P&L omitted under section 444(1) Companies Act 2006. No FX gains/losses disclosed. No hedging instruments evident. No geographic or export turnover split provided.,SMARTWATCH SOLUTIONS LIMITED,voluntary-arrangement,high,not disclosed,,cannot estimate - no FX data disclosed,.notesSubSection{ margin-left: 1em;}.subRow td:first-child{ padding-left: 1em;}th.oneWordPerLine { text-align: center !important; vertical-align: bottom; word-spacing: 100vw;}th.noWrap { text-align: left !important; vertical-align: bottom; white-space: nowrap;}th.toBottom { text-ali,not disclosed,Imports/exports mentioned (x3),,,not disclosed,unhedged,D,none evident,2009-01-23,Cleckheaton,,,SMARTWATCH SOLUTIONS LIMITED,06799532,Smartwatch Solutions Limited manufactures and sells smartwatch devices.,no,none,,BD19 3TT,X - no currency flow evident,xhtml,none,2,62090,unclear,none found,
full,2025-10-31,accounts-with-accounts-type-total-exemption-full,"22 Heron Road, Belfast, BT3 9LE",Company entered CVA on 07 March 2024. Full P&L not filed (abridged accounts). No FX gains/losses disclosed. No hedging instruments evident.,JSNI LTD,voluntary-arrangement,high,not disclosed,,cannot estimate - no FX data disclosed,.notesSubSection{ margin-left: 1em;}.subRow td:first-child{ padding-left: 1em;}th.oneWordPerLine { text-align: center !important; vertical-align: bottom; word-spacing: 100vw;}th.noWrap { text-align: left !important; vertical-align: bottom; white-space: nowrap;}th.toBottom { text-ali,not disclosed,Imports/exports mentioned (x3),,,not disclosed,unhedged,D,none evident,2015-10-09,Belfast,,,JSNI LTD,NI634151,not disclosed,no,none,,BT3 9LE,X - no currency flow evident,xhtml,Company Voluntary Arrangement in place as of 07 March 2024. Going concern dependent on stated sales upturn and expense reduction.,2,43320,unclear,Company Voluntary Arrangement entered 07 March 2024. Director states upturn in sales and reduction in expenses support going concern status.,
micro,2025-01-31,accounts-with-accounts-type-micro-entity,"94 Watling Street, Gillingham, Kent, ME7 2YS",,SAHASRAKSHI SERVICES LTD,voluntary-arrangement,none,,"micro accounts - no useful disclosure, skipped",,,,,,,,unknown,,,2013-01-08,Gillingham,,,SAHASRAKSHI SERVICES LTD,08351965,,,none,,ME7 2YS,X - no evidence,,,,"47110, 47620",,,
full,2025-07-31,accounts-with-accounts-type-total-exemption-full,"45c Skeagh Road, Dromore, BT25 2QD","Abridged accounts filed. No P&L disclosed. Balance sheet shows net liabilities of £111,894 (FY25 and FY24). Current liabilities £112,062 (FY25) vs £95,139 (FY24).",JOHN WATSON SMS LIMITED,voluntary-arrangement,high,not disclosed,,cannot estimate - no FX data disclosed,,not disclosed,,,,not disclosed,unhedged,D,none evident,2012-07-24,Dromore,,,JOHN WATSON SMS LIMITED,NI613703,not disclosed,no,none,,BT25 2QD,X - no currency flow evident,xhtml,"Net liabilities position of £111,894. No turnover or P&L data provided in abridged filing. Going-concern assessment not stated.",0,42220,unclear,none found,
full,2025-03-31,accounts-with-accounts-type-total-exemption-full,"Unit 8 Holbrook Commerce Park, Sheffield, South Yorkshire, S20 3FJ","Company has opted not to deliver P&L to Companies House under section 444(1). Accounting policy states exchange differences taken into account in arriving at operating profit, but no exchange gains/losses figures disclosed. No hedging instruments evident. Foreign currency transactions translated at transaction date rates.",DYSON SIGNS & GRAPHICS LIMITED,voluntary-arrangement,high,not disclosed,,cannot estimate - no FX data disclosed,.notesSubSection{ margin-left: 1em;}.subRow td:first-child{ padding-left: 1em;}th.oneWordPerLine { text-align: center !important; vertical-align: bottom; word-spacing: 100vw;}th.noWrap { text-align: left !important; vertical-align: bottom; white-space: nowrap;}th.toBottom { text-ali,not disclosed,Imports/exports mentioned (x3),,,not disclosed,unhedged,D,none evident,2011-01-21,Sheffield,,,DYSON SIGNS & GRAPHICS LIMITED,07500847,Dyson Signs & Graphics Limited manufactures and supplies signs and graphics products.,no,none,,S20 3FJ,X - no currency flow evident,xhtml,none,2,82990,unclear,none found,
small,2026-07-02,accounts-with-accounts-type-unaudited-abridged,"The Coach House 79 Mill Way, Cambridge, CB3 9ND",,HEADS OF THE VALLEYS DEVELOPMENT COMPANY LIMITED,voluntary-arrangement,low,,"small/abridged filing - little to read, brief skipped; qualify by phone",,"b, strong { font-weight: bold; } table { border-spacing: 10px; } .text--left { text-align: left !important; } .text--center { text-align: center!important; } .text--right { text-align: right !important; } .strong { font-weight: bold; } .center {",,Imports/exports mentioned (x3),,,,unknown,D,,2011-06-28,Cambridge,,,HEADS OF THE VALLEYS DEVELOPMENT COMPANY LIMITED,07685475,,,none,,CB3 9ND,X - no evidence,xhtml,,2,"43999, 81100",,,
full,2023-09-30,accounts-with-accounts-type-total-exemption-full,"Unit 15 121 Brooker Road, Waltham Abbey, Essex, EN9 1JH","Material uncertainties related to going concern disclosed. No P&L, turnover, or FX activity disclosed due to abridged filing exemption. No hedging instruments evident.",BUCKS CONCRETE LIMITED,voluntary-arrangement,high,not disclosed,,cannot estimate - no FX data disclosed,,not disclosed,,,,not disclosed,unhedged,D,none evident,2019-04-03,Waltham Abbey,,,BUCKS CONCRETE LIMITED,11923085,Bucks Concrete Limited manufactures and supplies concrete products.,no,none,,EN9 1JH,X - no currency flow evident,xhtml,Going-concern doubt explicitly stated: 'material uncertainties related to events or conditions that may cast significant doubt about the company's ability to continue as a going concern'. Abridged accounts mean full P&L not filed.,0,23610,minimal,Material going-concern uncertainties identified by directors. Company has elected abridged filing exemption.,
micro,2025-05-31,accounts-with-accounts-type-micro-entity,"Unit 10 Vincients Road, Chippenham, SN14 6BB",,WILTSHIRE AIR CONDITIONING SERVICES LTD,voluntary-arrangement,none,,"micro accounts - no useful disclosure, skipped",,,,,,,,unknown,,,2017-05-11,Chippenham,,,WILTSHIRE AIR CONDITIONING SERVICES LTD,10766152,,,none,,SN14 6BB,X - no evidence,,,,35300,,,
micro,2025-06-30,accounts-with-accounts-type-micro-entity,"Group First House, Padiham, Lancashire, BB12 7NG",,LONDON LUTON AIRPORT PARKING LIMITED,voluntary-arrangement,none,,"micro accounts - no useful disclosure, skipped",,,,,,,,unknown,,,2016-05-18,Padiham,,,LONDON LUTON AIRPORT PARKING LIMITED,10186044,,,none,,BB12 7NG,X - no evidence,,,,68100,,,
full,2025-02-28,accounts-with-accounts-type-total-exemption-full,"Unit 1 Eagle Industrial Estate, Witney, OX28 4YR",Accounts filed under exemption (section 444 Companies Act 2006): no P&L delivered to registrar. No financial detail available for analysis.,GREEN OAK INVESTMENTS LIMITED,voluntary-arrangement,high,not disclosed,,cannot estimate - no FX data disclosed,.notesSubSection{ margin-left: 1em;}.subRow td:first-child{ padding-left: 1em;}th.oneWordPerLine { text-align: center !important; vertical-align: bottom; word-spacing: 100vw;}th.noWrap { text-align: left !important; vertical-align: bottom; white-space: nowrap;}th.toBottom { text-ali,not disclosed,Imports/exports mentioned (x3),,,not disclosed,unknown,D,not disclosed,2020-02-10,Witney,,,GREEN OAK INVESTMENTS LIMITED,12451186,not disclosed,not disclosed,none,,OX28 4YR,X - no currency flow evident,xhtml,Company has filed abridged accounts with no P&L disclosure - substantive financial review impossible. Going concern status unknown.,2,82990,unclear,not disclosed,
micro,2025-03-31,accounts-with-accounts-type-micro-entity,"Spicer House, High Wycombe, Buckinghamshire, HP12 3RH",,EFH GROUP LIMITED,voluntary-arrangement,none,,"micro accounts - no useful disclosure, skipped",,,,,,,,unknown,,,2000-07-27,High Wycombe,,,EFH GROUP LIMITED,04041571,,,none,,HP12 3RH,X - no evidence,,,,"45112, 45190",,,
full,2025-02-28,accounts-with-accounts-type-total-exemption-full,"Unit 4 Saxon Business Centre, London, SW19 2RR",Accounts filed as abridged under small companies exemption. Income statement not delivered. Bank debt 22537 within one year. No FX activity disclosed.,CAMELLIA SINENSIS LIMITED,voluntary-arrangement,high,not disclosed,,cannot estimate - no FX data disclosed,,not disclosed,,,,not disclosed,unhedged,D,none evident,2007-02-23,London,,,CAMELLIA SINENSIS LIMITED,06126207,not disclosed,no,none,,SW19 2RR,X - no currency flow evident,xhtml,Company filed abridged accounts with income statement omitted - minimal financial transparency available for credit assessment.,0,56290,unclear,none found,
micro,2025-03-31,accounts-with-accounts-type-micro-entity,"479 Lisburn Road, Belfast, BT9 7HN",,379 SOCIAL LIMITED,voluntary-arrangement,none,,"micro accounts - no useful disclosure, skipped",,,,,,,,unknown,,,2016-06-22,Belfast,,,379 SOCIAL LIMITED,NI639267,,,none,,BT9 7HN,X - no evidence,,,,56102,,,
micro,2024-12-31,accounts-with-accounts-type-micro-entity,"Censeo House, St. Albans, Hertfordshire, AL1 3LF",,INFINITY HERITAGE LTD,voluntary-arrangement,none,,"micro accounts - no useful disclosure, skipped",,,,,,,,unknown,,,1994-06-28,St. Albans,,,INFINITY HERITAGE LTD,02943338,,,none,,AL1 3LF,X - no evidence,,,,"61900, 62020, 70229",,,
full,2024-12-31,accounts-with-accounts-type-total-exemption-full,"King Place, Uffculme, Devon, EX15 3FH",Abridged accounts filed; no P&L statement disclosed. Company under CVA with five-year repayment plan to creditors. Foreign currency policy stated but no exchange gains/losses or FX transaction volumes reported. No hedging instruments identified.,TRUCKSMITH LIMITED,voluntary-arrangement,high,not disclosed,,cannot estimate - no FX data disclosed,"oreign currencies are recorded at the rate of exchange at the date of the transaction. Monetary assets and liabilities denominated in foreign currencies at the Statement of Financial Position date are reported at the rates of exchange prevailing at that date. Exchange differences are recognised in the State || px; margin: 0; font-weight: bold; } .remove-styling table thead { text-transform: none; } * { font-size: 11px !important; } .intro h1, .intro h3, .intro div, h1, h2, h3, h4 { margin: 0; font-weight: bold; line-height: 1.6; } .intro h1, .header-company, .header-title {",not disclosed,Foreign currency transactions (x1) | Imports/exports mentioned (x1),,,not disclosed,unhedged,C,none evident,2001-11-01,Uffculme,,,TRUCKSMITH LIMITED,04314801,Vehicle body manufacturer.,no,none,,EX15 3FH,X - no currency flow evident,xhtml,"Company Voluntary Arrangement active (entered 21 December 2022). Historical reserves depleted. Reliant on creditor support including HMRC. Related party debt: £25,686 owed by Trucksmith Service Limited (controlled by director) which itself had net liabilities of £103,416 at prior year-end.",5,82990,minimal,Company operating under CVA entered 21 December 2022 (five-year term). Depleted historical reserves during economic shocks; now reliant on HMRC and other creditor support. Directors state strong order book and expectation of profitable trading absent further shocks.,
full,2024-12-31,accounts-with-accounts-type-total-exemption-full,"4th Floor Tuition House, London, SW19 4EU","Accounts filed under small company exemption with no Income Statement delivered. Foreign currency transactions recorded at transaction date rates with all differences taken to P&L, but no FX gains/losses figures disclosed. Company dependent on ongoing principal shareholder support for going concern.",RETAIL IT LIMITED,voluntary-arrangement,high,GBP - presentation currency (Pound Sterling); foreign currencies referenced generically in accounting policy but no specific currencies named,,cannot estimate - no FX data disclosed,,not disclosed,,,,not disclosed,unhedged,D,none evident,2001-07-06,London,,,RETAIL IT LIMITED,04247834,Retail IT Limited develops and sells IT software products and maintenance support contracts.,no,none,,SW19 4EU,X - no currency flow evident,xhtml,"Going concern dependent on shareholder support. Company in CVA restructuring with conditional debt forgiveness of £487,552.",0,"62012, 62020",unclear,"Company operating under CVA (Company Voluntary Arrangement) with £487,552 debt forgiveness conditional on meeting requirements by December 2028.",
small,2025-11-11,accounts-with-accounts-type-unaudited-abridged,"Studio  24 Engine House, Erith, Kent, DA18 4AL",,PECULIAR CARE HOMES LIMITED,voluntary-arrangement,low,,"small/abridged filing - little to read, brief skipped; qualify by phone",,,,,,,,unknown,D,,2013-01-22,Erith,,,PECULIAR CARE HOMES LIMITED,08370036,,,none,,DA18 4AL,X - no evidence,xhtml,,0,"86900, 87200, 87900, 88100",,,
full,2025-03-31,accounts-with-accounts-type-total-exemption-full,"18 Stadium Way, Reading, Berkshire, RG30 6BX","Net liabilities £1,139,126 at 31 Mar 2025 versus £690,790 prior year. No income statement filed; company unaudited small company. Director received unsecured loans of £30,000 in FY25 (£334,646 in FY24). CVA underway with £150,645 related-party debt outstanding.",M-TEK (ASSEMBLY) LTD,voluntary-arrangement,high,not disclosed,,cannot estimate - no FX data disclosed,,not disclosed,,,,not disclosed,unhedged,D,none evident,1996-09-10,Reading,,,M-TEK (ASSEMBLY) LTD,03247960,M-TEK (Assembly) Limited manufactures or assembles machinery and equipment components.,no,none,,RG30 6BX,X - no currency flow evident,xhtml,"Going concern uncertainty mitigated only by director assertion. Net liabilities position deteriorated 65% year-on-year. Company Voluntary Arrangement in progress. No turnover disclosed prevents financial health assessment. Current liabilities exceed current assets by £707,050.",0,27900,minimal,"Company Voluntary Arrangement (CVA) initiated during FY25; workforce reduced from 37 to 28 employees; significant asset disposals (£65,000 plant & machinery).",
small,2011-10-31,accounts-with-accounts-type-total-exemption-small,"HAZLEMS FENTON CHARTERED ACCOUNTANTS, London, W1F 7LD",,GOLFSPEED INTERNATIONAL LIMITED,voluntary-arrangement,none,,no readable text,,,,,,,,unknown,,,2002-10-29,London,,,GOLFSPEED INTERNATIONAL LIMITED,04576124,,,none,accounts/GOLFSPEED_INTERNATIONAL_LIMITED_04576124.pdf,W1F 7LD,X - no evidence,"scanned pdf, pytesseract not installed",,,3640,,,
,,,"Unit 10 The Parkway Centre, Birmingham, West Midlands, B7 4LY",,RECLAMATION TOOL SERVICES LIMITED,voluntary-arrangement,low,,no accounts with document found,,,,,,,,unknown,,,1961-03-29,Birmingham,,,RECLAMATION TOOL SERVICES LIMITED,00688385,,,none,,B7 4LY,X - no evidence,,,,2852,,,
,,,"4a Paddock Road, Reading, RG4 0BY",,H & H (WIND DOWN) LIMITED,voluntary-arrangement,low,,no accounts with document found,,,,,,,,unknown,,,1962-10-26,Reading,,,H & H (WIND DOWN) LIMITED,00739011,,,none,,RG4 0BY,X - no evidence,,,,,,,
,,,"Foundation House, London, E2 8BA",,NS DISTRIBUTION LIMITED,voluntary-arrangement,low,,no accounts with document found,,,,,,,,unknown,,,1945-07-12,London,,,NS DISTRIBUTION LIMITED,00396951,,,none,,E2 8BA,X - no evidence,,,,,,,
full,2024-11-30,accounts-with-accounts-type-total-exemption-full,"38a Station Road West, Oxted, RH8 9EU","No P&L statement provided - accounts filed on abridged basis. Net liabilities deteriorated from £2,518 to £6,176 year-on-year. No FX exposures, hedging activity, or currency transactions disclosed anywhere in filing.",WARGRAVE AUTO CENTRE LIMITED,voluntary-arrangement,high,not disclosed,,cannot estimate - no FX data disclosed,,not disclosed,,,,not disclosed,unhedged,D,none evident,2013-11-15,Oxted,,,WARGRAVE AUTO CENTRE LIMITED,08776316,Wargrave Auto Centre Limited operates an automotive repair and servicing business.,no,none,,RH8 9EU,X - no currency flow evident,xhtml,"Technical insolvency: negative shareholders' funds of £6,176 and net current liabilities of £92,912. Company is loss-making with deteriorating solvency position. No profit and loss account delivered to Companies House.",0,30990,minimal,"Company moved to net liabilities position (£6,176 negative at 30 Nov 2024 vs £2,518 at 30 Nov 2023). Current liabilities exceed current assets by £92,912.",
full,2025-06-30,accounts-with-accounts-type-total-exemption-full,"25 Shirleys, Hassocks, BN6 8UD",Company in CVA since June 2017 with negative reserves. All UK staff redundant April 2017. No P&L disclosed (abridged accounts). Continuing obligations to overseas clients only; no FX hedging evident.,WIND PROSPECT LIMITED,voluntary-arrangement,high,not disclosed,,cannot estimate - no FX data disclosed,.notesSubSection{ margin-left: 1em;}.subRow td:first-child{ padding-left: 1em;}th.oneWordPerLine { text-align: center !important; vertical-align: bottom; word-spacing: 100vw;}th.noWrap { text-align: left !important; vertical-align: bottom; white-space: nowrap;}th.toBottom { text-ali,not disclosed,Imports/exports mentioned (x3),yes,,not disclosed,unhedged,D,none evident,1996-09-25,Hassocks,,,WIND PROSPECT LIMITED,03011376,Wind Prospect Limited operates in renewable energy project development with overseas client obligations following withdrawal from the UK onshore renewables market.,"yes - Wind Prospect Group Limited, UK",uk-holding,,BN6 8UD,X - no currency flow evident,xhtml,Company in formal CVA arrangement with negative reserves. Going concern depends entirely on realisation of group development assets. Material restructuring and market withdrawal completed 2017. No P&L transparency (abridged filing).,2,35110,minimal,Company entered CVA (Creditors' Voluntary Arrangement) 07 June 2017. All UK employees made redundant April 2017 following cessation of onshore renewables support. Company continues fulfilling obligations to overseas clients only.,
micro,2025-06-30,accounts-with-accounts-type-micro-entity,"Group First House, Padiham, Lancs, BB12 7NG",,PARK FIRST MANAGEMENT LIMITED,voluntary-arrangement,none,,"micro accounts - no useful disclosure, skipped",,,,,,,,unknown,,,2012-05-01,Padiham,,,PARK FIRST MANAGEMENT LIMITED,08051785,,,none,,BB12 7NG,X - no evidence,,,,68209,,,
micro,2025-06-30,accounts-with-accounts-type-micro-entity,"Group First House Mead Way, Burnley, Lancashire, BB12 7NG",,COPHALL PARKING GATWICK LTD,voluntary-arrangement,none,,"micro accounts - no useful disclosure, skipped",,,,,,,,unknown,,,2005-12-08,Burnley,,,COPHALL PARKING GATWICK LTD,05648696,,,none,,BB12 7NG,X - no evidence,,,,49390,,,
micro,2025-08-30,accounts-with-accounts-type-micro-entity,"Sk House 143e Arthur Road, Windsor, Berkshire, SL4 1SE",,TRANS ECO MINERALS AND MINING LTD,voluntary-arrangement,none,,"micro accounts - no useful disclosure, skipped",,,,,,,,unknown,,,2012-08-24,Windsor,,,TRANS ECO MINERALS AND MINING LTD,08191274,,,none,,SL4 1SE,X - no evidence,,,,08990,,,
micro,2025-01-31,accounts-with-accounts-type-micro-entity,"33 Theobalds Road, Holborn, WC1X 8SP",,MEZO LIMITED,voluntary-arrangement,none,,"micro accounts - no useful disclosure, skipped",,,,,,,,unknown,,,2009-10-28,Holborn,,,MEZO LIMITED,07059886,,,none,,WC1X 8SP,X - no evidence,,,,56102,,,
full,2025-10-31,accounts-with-accounts-type-total-exemption-full,"55 Market Street, Lancaster, LA1 1JG","Abridged micro-entity accounts filed. No P&L statement, no turnover, no FX P&L, no hedging activity, no export data disclosed. Net deficit of £12,844 with CVA loan £37,530 (long-term); directors assert going concern.",PUMPERNICKEL TAVERNS LTD,voluntary-arrangement,high,not disclosed,,cannot estimate - no FX data disclosed,"struments are subsequently measured at fair value, with any changes recognised in profit or loss, with the exception of hedging instruments in a designated hedging relationship. Financial assets that are measured at cost or amortised cost are reviewed f",not disclosed,Mentions hedging (x2),,,not disclosed,unhedged,C,none evident,2020-10-04,Lancaster,,,PUMPERNICKEL TAVERNS LTD,12927258,Pumpernickel Taverns Ltd operates tavern/public house establishments in the UK.,no,none,,LA1 1JG,X - no currency flow evident,xhtml,"Net deficit position (£12,844). Going concern dependent on CVA loan. Abridged filing prevents revenue/profitability assessment.",4,56302,minimal,none found,
full,2025-07-31,accounts-with-accounts-type-total-exemption-full,"1 Spring Lane, Slough, SL1 5BQ","Company reports net liabilities of £135,219 as at 31 July 2025 (vs £147,054 prior year). No income statement, revenue, FX gains/losses, or hedging activity disclosed in these abridged accounts. Current liabilities exceed current assets by £4,968.",K5K LIMITED,voluntary-arrangement,high,not disclosed,,cannot estimate - no FX data disclosed,,not disclosed,,,,not disclosed,unhedged,D,none evident,2011-07-04,Slough,,,K5K LIMITED,07692648,not disclosed,no,none,,SL1 5BQ,X - no currency flow evident,xhtml,Net liabilities position; balance sheet shows negative equity; abridged accounts with no P&L filed—going concern assessment not stated,0,88100,minimal,none found,
full,2025-03-30,accounts-with-accounts-type-full,"6 Time Square, Warrington, WA1 2NT",,NEW WORLD TRADING COMPANY (UK) LIMITED,voluntary-arrangement,none,,no readable text,,,,,,,,unknown,,,2011-06-28,Warrington,,,NEW WORLD TRADING COMPANY (UK) LIMITED,07685158,,,none,accounts/NEW_WORLD_TRADING_COMPANY_UK_LIMITED_07685158.pdf,WA1 2NT,X - no currency flow evident,"scanned pdf, pytesseract not installed",,,56302,,,
micro,2025-03-31,accounts-with-accounts-type-micro-entity,"Flat B , 3 Kings Avenue, London, N10 1PA",,OASIS CONSTRUCTION LONDON LTD,voluntary-arrangement,none,,"micro accounts - no useful disclosure, skipped",,,,,,,,unknown,,,2013-10-21,London,,,OASIS CONSTRUCTION LONDON LTD,08741182,,,none,,N10 1PA,X - no evidence,,,,"41201, 41202",,,
small,2025-09-30,accounts-with-accounts-type-unaudited-abridged,"1 Crow Hill Drive, Mansfield, Nottinghamshire, NG19 7AE",,TCP (GB) GROUP LTD,voluntary-arrangement,low,,"small/abridged filing - little to read, brief skipped; qualify by phone",,.notesSubSection{ margin-left: 1em;}.subRow td:first-child{ padding-left: 1em;}th.oneWordPerLine { text-align: center !important; vertical-align: bottom; word-spacing: 100vw;}th.noWrap { text-align: left !important; vertical-align: bottom; white-space: nowrap;}th.toBottom { text-ali,,Imports/exports mentioned (x3),,,,unknown,D,,2010-07-22,Mansfield,,,TCP (GB) GROUP LTD,07323616,,,none,,NG19 7AE,X - no evidence,xhtml,,2,64209,,,
full,2026-03-31,accounts-with-accounts-type-total-exemption-full,"Wellfield House, Llandrindod Wells, Powys, LD1 5HG","Unaudited accounts. P&L statement deliberately omitted by directors. Trade debtors £690,209 (FY26) vs £895,529 (FY25). No disclosure of revenue, FX exposure, currencies, or hedging activity.",ENVIRONMENT SYSTEMS LIMITED,voluntary-arrangement,high,not disclosed,,cannot estimate - no FX data disclosed,,not disclosed,,,,not disclosed,unhedged,D,none evident,2003-01-03,Llandrindod Wells,,,ENVIRONMENT SYSTEMS LIMITED,04628049,not disclosed,no,none,,LD1 5HG,X - no currency flow evident,xhtml,Accounts describe no principal activity. P&L deliberately excluded. Unaudited. Small company regime exemption used. No revenue or operational detail disclosed - insufficient transparency for FX assessment.,0,"74901, 74909, 82990",unclear,none found,
micro,2025-01-31,accounts-with-accounts-type-micro-entity,"Unit F, London, E1 5LP",,AKS COURIER LTD,voluntary-arrangement,none,,"micro accounts - no useful disclosure, skipped",,,,,,,,unknown,,,2018-01-02,London,,,AKS COURIER LTD,11128171,,,none,,E1 5LP,X - no evidence,,,,52290,,,
full,2025-01-31,accounts-with-accounts-type-total-exemption-full,"84 Circular Road, Belfast, BT4 2GE","Accounts filed on small company regime with income statement not delivered. Bank loans and overdrafts 82,420. No FX activity, hedging instruments, or currency exposure disclosed.",REID'S SHOES LIMITED,voluntary-arrangement,high,not disclosed,,cannot estimate - no FX data disclosed,,not disclosed,,,,not disclosed,unhedged,D,none evident,1946-03-28,Belfast,,,REID'S SHOES LIMITED,NI002039,Reid's Shoes Limited is a shoe retailer.,no,none,,BT4 2GE,X - no currency flow evident,xhtml,"Small company filing with no income statement delivered to registrar limits visibility. Bank debt of 82,420 present but no turnover or profitability data available to assess solvency.",0,47721,unclear,none found,
micro,2025-03-13,accounts-with-accounts-type-micro-entity,"C/O Tc Group The Granary, Hones Yard, Farnham, Surrey, GU9 8BB",,FIREHOUSE COMMUNICATIONS LIMITED,voluntary-arrangement,none,,"micro accounts - no useful disclosure, skipped",,,,,,,,unknown,,,2018-03-28,Farnham,,,FIREHOUSE COMMUNICATIONS LIMITED,11280602,,,none,,GU9 8BB,X - no evidence,,,,70210,,,
full,2025-03-31,accounts-with-accounts-type-total-exemption-full,"Dilharem Whitchurch Lane, Bristol, BS13 7TA","Accounts filed under Section 444 Companies Act 2006 exemption - income statement not delivered. No FX exposure, hedging activity, or currency data disclosed.",CLEVERLEY BUILDERS LIMITED,voluntary-arrangement,high,not disclosed,,cannot estimate - no FX data disclosed,,not disclosed,,,,not disclosed,unhedged,D,none evident,2016-03-04,Bristol,,,CLEVERLEY BUILDERS LIMITED,10044205,Cleverley Builders Limited is a construction or building services company.,no,none,,BS13 7TA,X - no currency flow evident,xhtml,none,0,43999,minimal,none found,
full,2025-03-31,accounts-with-accounts-type-total-exemption-full,"18a Lavant Street, Petersfield, Hampshire, GU32 3EW","Net liabilities increased to £97,830 at 31 March 2025 from £84,741 prior year. No revenue, FX gains/losses, or hedging activity disclosed in unaudited accounts. Long-term debt increased 182% year-on-year.",MADELEINE'S KITCHEN LTD,voluntary-arrangement,high,not disclosed,,cannot estimate - no FX data disclosed,,not disclosed,,,,not disclosed,unhedged,D,none evident,2016-08-22,Petersfield,,,MADELEINE'S KITCHEN LTD,10339927,Madeleine's Kitchen Ltd operates as a private limited company in England and Wales; principal activity not disclosed in accounts.,no,none,,GU32 3EW,X - no currency flow evident,xhtml,"Going concern: company is technically insolvent with net liabilities of £97,830 and negative shareholders' funds. Long-term creditors of £172,727 exceed total assets of £103,173. No audit exemption disclosure or going concern statement provided despite deteriorating solvency.",0,47290,minimal,"Company moved from net liabilities of £84,741 (FY24) to £97,830 (FY25), worsening position. Long-term creditors increased materially from £61,314 to £172,727.",
small,2025-12-23,accounts-with-accounts-type-unaudited-abridged,"Unit 7 Unit 7, Maisdtone Road St Marys Platt, Kent, TN15 8FD",,OSA FINE SPIRITS LTD,voluntary-arrangement,low,,"small/abridged filing - little to read, brief skipped; qualify by phone",,"£ £ Brought forward 11,147 11,147 8.",,HEDGE VALUE stated (x1),,,,unknown,C,,2003-07-09,Maisdtone Road St Marys Platt,,,OSA FINE SPIRITS LTD,04826839,,,none,,TN15 8FD,X - no evidence,xhtml,,8,46342,,,
micro,2025-10-31,accounts-with-accounts-type-micro-entity,"270 Sutton Road, Southend On Sea, Essex, SS2 5ET",,NOAH ORIENTAL LIMITED,voluntary-arrangement,none,,"micro accounts - no useful disclosure, skipped",,,,,,,,unknown,,,2017-06-30,Southend On Sea,,,NOAH ORIENTAL LIMITED,10843551,,,none,,SS2 5ET,X - no evidence,,,,47290,,,
full,2025-07-29,accounts-with-accounts-type-total-exemption-full,"Millfield Barn, Mansgate Hill,, Market Rasen, LN7 6NT","Abridged accounts filed - no P&L disclosed. Company under CVA since 31 March 2025. No FX or hedging data evident in filing. Hire and debt factoring liabilities £346,043 at period end.",H C WRIGHT LIMITED,voluntary-arrangement,high,not disclosed,,cannot estimate - no FX data disclosed,,not disclosed,,,,not disclosed,unhedged,D,none evident,2002-06-26,Market Rasen,,,H C WRIGHT LIMITED,04470718,Freight transport company providing digital logistics services.,no,none,,LN7 6NT,X - no currency flow evident,xhtml,Company Voluntary Arrangement active (31 March 2025). Going concern contingent on CVA implementation success. Abridged accounts indicate restricted financial transparency.,0,52243,minimal,"Company Voluntary Arrangement entered 31 March 2025 covering £535,245 liabilities with £120,000 repayment over 5 years. Going concern basis applied dependent on CVA success.",
full,2025-10-31,accounts-amended-with-accounts-type-total-exemption-full,"Newbridge Police Station, Newbridge, NP11 4FW","P&L not filed - accounts are abridged with balance sheet only. Net liabilities of £255,270 at 31 October 2025. No exchange gains/losses disclosed. No turnover figure disclosed.",SPECIALIST FACADE INSPECTIONS LTD,voluntary-arrangement,high,not disclosed,,cannot estimate - no FX data disclosed,,not disclosed,,,,not disclosed,unhedged,D,none evident,2019-10-24,Newbridge,,,SPECIALIST FACADE INSPECTIONS LTD,12280391,Specialist facade inspection services provider.,no,none,,NP11 4FW,X - no currency flow evident,xhtml,"Going concern at risk: company is in negative equity of £255,270; losses of £502,596 in FY25 after profit of £156,555 in FY24; current liabilities exceed current assets by £306,011; director loans of £299,785 outstanding suggest liquidity stress.",0,"71200, 81100",minimal,"Company moved to negative equity (£255,270 deficit at 31 Oct 2025 vs £247,326 surplus prior year) following £502,596 loss. Significant asset disposals (motor vehicles £512,919) and director loans outstanding (£299,785).",
full,2025-06-30,accounts-with-accounts-type-total-exemption-full,"637 Shore Road, Newtownabbey, BT37 0ST","No description of principal activities disclosed. No turnover, FX gains/losses, or hedging activity disclosed in full accounts. Company Voluntary Arrangement entered into 22 July 2025.",BAXTER INNS LIMITED,voluntary-arrangement,high,not disclosed,,cannot estimate - no FX data disclosed,,not disclosed,,,,not disclosed,unhedged,D,none evident,2015-06-17,Newtownabbey,,,BAXTER INNS LIMITED,NI631966,not disclosed,no,none,,BT37 0ST,X - no currency flow evident,xhtml,yes - Company Voluntary Arrangement with creditors entered into 22 July 2025 (post-period). Insolvency proceedings indicator.,0,56302,minimal,"Company entered into Company Voluntary Arrangement with creditors on 22 July 2025, post-period end.",
full,2025-04-30,accounts-with-accounts-type-total-exemption-full,"37 East Acres, Hexham, NE48 4AJ","Company is in net liabilities position of £72,296 as at 30 April 2025 (prior year £86,072). P&L not disclosed - small company exemption elected. No FX activity, hedging, or overseas trading evident in accounts.",C T HAULAGE LTD,voluntary-arrangement,high,not disclosed,,cannot estimate - no FX data disclosed,,not disclosed,,,,not disclosed,unhedged,D,none evident,2016-10-24,Hexham,,,C T HAULAGE LTD,10443343,C T Haulage Ltd operates a haulage and transport business in the UK.,no,none,,NE48 4AJ,X - no currency flow evident,xhtml,"Company shows negative equity £72,296. Current liabilities £825,117 exceed current assets £350,473 creating net working capital deficit £474,644. Going concern status not explicitly addressed in financial statements.",0,49410,minimal,none found,
micro,2025-03-31,accounts-with-accounts-type-micro-entity,"6 Back Lane Back Lane, Norwich, NR13 6NN",,KMI LOGISTICS LIMITED,voluntary-arrangement,none,,"micro accounts - no useful disclosure, skipped",,,,,,,,unknown,,,2016-05-11,Norwich,,,KMI LOGISTICS LIMITED,10175415,,,none,,NR13 6NN,X - no evidence,,,,49410,,,
full,2024-12-30,accounts-with-accounts-type-total-exemption-full,"95 95 Carlisle Street East, Sheffield, South Yorkshire, S4 7QN","Company in CVA. Net liabilities £127,492. No P&L disclosed (abridged accounts). No FX exposures, hedging, or currency data evident in filed accounts.",EMBER TRANSPORT LTD,voluntary-arrangement,high,not disclosed,,cannot estimate - no FX data disclosed,,not disclosed,,,,not disclosed,unhedged,D,none evident,2015-12-03,Sheffield,,,EMBER TRANSPORT LTD,09899849,Haulage and transport operator in a Company Voluntary Arrangement.,no,none,,S4 7QN,X - no currency flow evident,xhtml,"Company Voluntary Arrangement active. Net liabilities on balance sheet. Cash declined from £41,566 (2023) to £17,746 (2024). Going concern risk implicit in CVA status.",0,49410,minimal,"Company in CVA (Company Voluntary Arrangement) as of 30 December 2024. Net liabilities of £127,492 (2024) vs £128,804 (2023).",
full,2025-01-31,accounts-with-accounts-type-total-exemption-full,"Friarswood, Kings Langley, Hertfordshire, WD4 9JB",Accounts filed as abridged; Income Statement not delivered to Companies House per s.444 CA2006. No exchange gains/losses disclosed. No FX hedging instruments evident.,BUCKS GROUNDWORK DEVELOPMENTS LTD,voluntary-arrangement,high,not disclosed,,cannot estimate - no FX data disclosed,.notesSubSection{ margin-left: 1em;}.subRow td:first-child{ padding-left: 1em;}th.oneWordPerLine { text-align: center !important; vertical-align: bottom; word-spacing: 100vw;}th.noWrap { text-align: left !important; vertical-align: bottom; white-space: nowrap;}th.toBottom { text-ali,not disclosed,Imports/exports mentioned (x3),,,not disclosed,unhedged,D,none evident,2014-01-29,Kings Langley,,,BUCKS GROUNDWORK DEVELOPMENTS LTD,08866281,Groundwork and civil engineering contractor providing construction services and materials.,no,none,,WD4 9JB,X - no currency flow evident,xhtml,none,2,41100,minimal,none found,
full,2025-03-31,accounts-with-accounts-type-total-exemption-full,"Suite 1 35 Duncan Close, Northampton, NN3 6WL","Company is insolvent with negative shareholders' funds of £1,216,299 as at 31 March 2025. Trade payables £1,268,749 and bank borrowings £370,177 (current and non-current combined). No turnover, FX activity, or hedging disclosed in accounts.",EMPATHY CARE24 LIMITED,voluntary-arrangement,high,not disclosed,,cannot estimate - no FX data disclosed,,not disclosed,,,,not disclosed,unhedged,D,none evident,2015-01-26,Northampton,,,EMPATHY CARE24 LIMITED,09406333,Empathy Care24 Limited provides care services in the United Kingdom.,no,none,,NN3 6WL,X - no currency flow evident,xhtml,"Negative net assets £1,216,299. Negative working capital £1,218,916. Current liabilities of £1,787,842 exceed current assets of £568,926 by £1,219,916. Company is technically insolvent.",0,86101,minimal,none found,
micro,2025-03-31,accounts-with-accounts-type-micro-entity,"17 Haugh Lane Industrial Estate, Hexham, NE46 3PU",,ECOCABS LIMITED,voluntary-arrangement,none,,"micro accounts - no useful disclosure, skipped",,,,,,,,unknown,,,2007-03-06,Hexham,,,ECOCABS LIMITED,06140955,,,none,,NE46 3PU,X - no evidence,,,,"45200, 49320",,,
full,2025-03-31,accounts-with-accounts-type-total-exemption-full,"1 Harwood Terrace, London, SW6 2AF","Company is a domestic bar operator with no disclosed export activity, FX exposure, or hedging activity. CVA entered 21 May 2025 with going concern contingent on creditor forbearance.",MUNICH CRICKET CLUB LIMITED,voluntary-arrangement,high,not disclosed,,cannot estimate - no FX data disclosed,,not disclosed,,,,not disclosed,unhedged,D,none evident,2016-12-22,London,,,MUNICH CRICKET CLUB LIMITED,10537432,Operates bars branded as The Munich Cricket Club serving Bavarian beer and traditional German food.,no,none,,SW6 2AF,X - no currency flow evident,xhtml,"Going concern doubt explicitly stated as dependent on creditor support. Formal company voluntary arrangement entered 21 May 2025 (post-period). Bank loans from CBILS scheme: £56,275 current, £7,924 non-current.",0,82990,minimal,Company entered formal company voluntary arrangement on 21 May 2025. Going concern dependent on creditor support.,
full,2025-03-31,accounts-with-accounts-type-total-exemption-full,"467 Ormeau Road, Belfast, BT7 3GR","Accounts are filleted (abridged) for micro company filing. No P&L, turnover, FX gains/losses, currency exposures, or hedging activity disclosed in extracted text. Policy boilerplate on derivatives present but no instruments held or used.",BLANK RESTAURANTS LIMITED,voluntary-arrangement,high,not disclosed,,cannot estimate - no FX data disclosed,"struments are subsequently measured at fair value, with any changes recognised in profit or loss, with the exception of hedging instruments in a designated hedging relationship. Financial assets that are measured at cost or amortised cost are reviewed for obj",not disclosed,Mentions hedging (x2),,,not disclosed,unhedged,C,none evident,2021-02-04,Belfast,,,BLANK RESTAURANTS LIMITED,NI676170,Blank Restaurants Limited operates restaurant businesses.,no,none,,BT7 3GR,X - no currency flow evident,xhtml,none,4,56101,minimal,none found,
small,2019-06-30,accounts-with-accounts-type-small,"S&W Partners Llp C/O Rrs Department, London, EC2V 7BG",,HELP ME PARK GATWICK LIMITED,voluntary-arrangement,low,,"small/abridged filing - little to read, brief skipped; qualify by phone",,"ctive interest method. Changes in the fair value of derivatives that are designated and qualify as fair value hedges are recognised in profit or loss immediately, together with any changes in the fair value of the hedged asset or liability that are attributable to the hedged",,Mentions hedging (x3),,,,unknown,C,,2015-06-24,London,,,HELP ME PARK GATWICK LIMITED,09654985,,,none,,EC2V 7BG,X - no evidence,xhtml,,4,68100,,,
small,2019-06-30,accounts-with-accounts-type-small,"S&W Partners Llp C/O Rrs Department, London, EC2V 7BG",,PAYPARK LIMITED,voluntary-arrangement,low,,"small/abridged filing - little to read, brief skipped; qualify by phone",,,,,,,,unknown,D,,2015-11-13,London,,,PAYPARK LIMITED,09871483,,,none,,EC2V 7BG,X - no evidence,xhtml,,0,68320,,,
full,2024-06-30,accounts-with-accounts-type-total-exemption-full,"83d London Road, Romford, RM7 9QD","Net liabilities of £92,463 as at 30 June 2024. Current liabilities of £196,597 exceed current assets of £102,694. No P&L disclosed (small company exemption). No FX gains/losses stated. No hedging instruments identified.",AUSOMECHOICE LTD,voluntary-arrangement,high,not disclosed,,cannot estimate - no FX data disclosed,"and subsequently measured at amortised cost determined using the effective interest method. 6. Directors advances, credits and guarantees Brought forward Amount advanced Amount repaid Carried forward £ £ £ £ SARFO-AMOAKO, Isaac 5,011 33,043 19,602 18,452",not disclosed,HEDGE VALUE stated (x1),,,not disclosed,unhedged,C,none evident,2021-06-28,Romford,,,AUSOMECHOICE LTD,13479762,Ausomechoice Ltd is a UK-registered trading company engaged in the sale of goods and services.,no,none,,RM7 9QD,X - no currency flow evident,xhtml,"Net liabilities position (shareholders' funds negative £92,463). Current liabilities materially exceed current assets (£196,597 vs £102,694). Going concern qualification noted but supported only by subjective creditor arrangements without detail. Profit and loss account not filed per section 444(5A). Trade payables and bank borrowings increased significantly year-on-year (trade payables £54,268 to £66,542; bank borrowings £56,775 to £81,462).",8,"47190, 47990",unclear,"Company in net liability position of £92,463 (FY24) and £3,309 (FY23). Directors acknowledge losses but assert going concern with secured creditor arrangements.",
small,2019-06-30,accounts-with-accounts-type-small,"S&W Partners Llp C/O Rrs Department, London, EC2V 7BG",,AIRPORT PARKING RENTALS (GATWICK) LIMITED,voluntary-arrangement,low,,"small/abridged filing - little to read, brief skipped; qualify by phone",,,,,,,,unknown,D,,2016-10-07,London,,,AIRPORT PARKING RENTALS (GATWICK) LIMITED,10415339,,,none,,EC2V 7BG,X - no evidence,xhtml,,0,68320,,,
full,2024-12-31,accounts-with-accounts-type-total-exemption-full,"82 St John Street, London, EC1M 4JN","Accounts are abridged (small company filing); no turnover, FX gains/losses, or hedging activity disclosed. Company in CVA as of June 2025. Subsidiary of Twyn Holdings Limited. Amounts owed to related parties: £822,228 (Pasco 3 Limited), £1,740,000 (Ottringham Energy Limited) as at 31 December 2024.",TWYN LIMITED,voluntary-arrangement,high,GBP - functional currency; no other currencies explicitly named,,cannot estimate - no FX data disclosed,"st that is not a market rate, in which case the asset is measured at the present value of the future payments discounted at a market rate of interest for a similar debt instrument. Other financial instruments are subsequently measured at fair value, with any changes recognised in profit",not disclosed,Mentions hedging (x2),,,not disclosed,unhedged,C,none evident,2017-02-08,London,,,TWYN LIMITED,10607342,"Twyn Limited is a development-stage company with app-based and royalty revenue streams, currently undergoing a Company Voluntary Arrangement.","yes - Twyn Holdings Limited, UK",uk-holding,,EC1M 4JN,X - no currency flow evident,xhtml,Company Voluntary Arrangement entered into 17 June 2025 (post-balance-sheet). Going concern basis relies on activation of unproven revenue streams ('in the near term') and R&D tax credits. Accumulated creditor debt to related parties totals £2.56m. No P&L disclosed (abridged accounts).,4,"58190, 59111",minimal,"Company Voluntary Arrangement approved 17 June 2025 post-balance-sheet. Management forecasts revenues in excess of £10m in following financial year from app-based and royalty streams, with R&D tax credits expected to repay majority of creditors.",
full,2025-03-31,accounts-with-accounts-type-total-exemption-full,"1066 London Road, Leigh-On-Sea, Essex, SS9 3NA","Net liabilities of £117,998 as at 31 March 2025 (versus shareholders' funds of £115,905 prior year). CVA took effect 1 August 2025 post-year-end. Going concern contingent on CVA compliance and shareholder/group support. No P&L disclosure (small companies exemption, unaudited accounts).",HOMESLICE CANNON STREET LIMITED,voluntary-arrangement,high,not disclosed,,cannot estimate - no FX data disclosed,,not disclosed,,,,not disclosed,unhedged,D,none evident,2016-10-17,Leigh-On-Sea,,,HOMESLICE CANNON STREET LIMITED,10430557,"Homeslice Cannon Street Limited operates a food/restaurant business (Homeslice brand, Cannon Street location).",no,none,,SS9 3NA,X - no currency flow evident,xhtml,"Material going concern uncertainty stated explicitly. Negative net assets position. Company Voluntary Arrangement in effect (insolvency procedure). Net liabilities swing from +£115,905 to -£117,998 year-on-year. Creditors after one year increased from £2,140,316 to £2,199,519.",0,56101,minimal,"Company Voluntary Arrangement (CVA) approved by members and creditors on 1 August 2025 under Part I Insolvency Act 1986, with joint supervisors appointed. Material uncertainty over going concern noted despite forecasts showing sufficient cash generation.",
micro,2025-07-31,accounts-with-accounts-type-micro-entity,"27 Montgomery Road, Farnborough, GU14 0AY",,VELOCITY PAINTBALL LTD,voluntary-arrangement,none,,"micro accounts - no useful disclosure, skipped",,,,,,,,unknown,,,2021-07-07,Farnborough,,,VELOCITY PAINTBALL LTD,13497970,,,none,,GU14 0AY,X - no evidence,,,,93290,,,
full,2025-07-30,accounts-with-accounts-type-total-exemption-full,"105 High Street, Worcester, Worcestershire, WR1 2HW","CVA commenced June 2024 for £1,329,279 over four years. No exchange gains/losses disclosed. No hedging instruments evident. Turnover not disclosed in accounts provided.",FOUR EYES INSIGHT LIMITED,voluntary-arrangement,high,not disclosed,,cannot estimate - no FX data disclosed,,not disclosed,,,,not disclosed,unhedged,D,none evident,2013-10-01,Worcester,,,FOUR EYES INSIGHT LIMITED,08712662,Management consultancy company providing business advisory and consulting services.,no,none,,WR1 2HW,X - no currency flow evident,xhtml,Company Voluntary Arrangement in effect with HMRC and trade creditors since June 2024 - restructuring/solvency context. No going concern statement located in provided text.,0,70229,minimal,"Company entered into Company Voluntary Arrangement (CVA) with creditors in June 2024 for repayment of £1,329,279 over four years, involving HMRC and trade creditors.",
small,2026-03-03,accounts-with-accounts-type-unaudited-abridged,"Unit 21, The Business Centre, Wokingham, RG41 2QY",,BUSHCRAFTED LIMITED,voluntary-arrangement,low,,"small/abridged filing - little to read, brief skipped; qualify by phone",,"b, strong { font-weight: bold; } table { border-spacing: 10px; } .text--left { text-align: left !important; } .text--center { text-align: center!important; } .text--right { text-align: right !important; } .strong { font-weight: bold; } .center {",,Imports/exports mentioned (x3),,,,unknown,D,,2011-08-10,Wokingham,,,BUSHCRAFTED LIMITED,07736098,,,none,,RG41 2QY,X - no evidence,xhtml,,2,"43290, 74100",,,
unknown,2023-12-30,change-account-reference-date-company-previous-shortened,"1 Hardman Street, Manchester, Greater Manchester, M3 3HF",,CHEMEX INTERNATIONAL LIMITED,voluntary-arrangement,none,,no readable text,,,,,,,,unknown,,,2005-12-15,Manchester,,,CHEMEX INTERNATIONAL LIMITED,05655220,,,none,accounts/CHEMEX_INTERNATIONAL_LIMITED_05655220.pdf,M3 3HF,X - no evidence,"scanned pdf, pytesseract not installed",,,"46750, 46900",,,
small,2026-08-30,accounts-with-accounts-type-unaudited-abridged,"9-19 Southbridge House Southbridge Place, Croydon, CR0 4HA",,ALMA CARE (UK) LIMITED,voluntary-arrangement,low,,"small/abridged filing - little to read, brief skipped; qualify by phone",,,,,,,,unknown,D,,2011-11-09,Croydon,,,ALMA CARE (UK) LIMITED,07840639,,,none,,CR0 4HA,X - no evidence,xhtml,,0,88100,,,
micro,2025-03-31,accounts-with-accounts-type-micro-entity,"Reedham House, Manchester, Lancashire, M3 2PJ",,PHIL HEATON ASSOCIATES LIMITED,voluntary-arrangement,none,,"micro accounts - no useful disclosure, skipped",,,,,,,,unknown,,,2014-10-23,Manchester,,,PHIL HEATON ASSOCIATES LIMITED,09276956,,,none,,M3 2PJ,X - no evidence,,,,82990,,,
micro,2025-06-30,accounts-with-accounts-type-micro-entity,"71-75 Shelton Street, London, WC2H 9JQ",,NK FIRE&SECURITY LTD,voluntary-arrangement,none,,"micro accounts - no useful disclosure, skipped",,,,,,,,unknown,,,2015-06-22,London,,,NK FIRE&SECURITY LTD,09649956,,,none,,WC2H 9JQ,X - no evidence,,,,80200,,,
full,2025-08-31,accounts-with-accounts-type-total-exemption-full,"429 Lisburn Road, Belfast, BT9 7EY","Company in CVA as of 15 December 2025 with £238,941 creditor debt. No P&L statement filed (abridged accounts). No FX hedging instruments disclosed. No currencies or specific export/import volumes stated.",WING IT BELFAST LIMITED,voluntary-arrangement,high,not disclosed,,cannot estimate - no FX data disclosed,.notesSubSection{ margin-left: 1em;}.subRow td:first-child{ padding-left: 1em;}th.oneWordPerLine { text-align: center !important; vertical-align: bottom; word-spacing: 100vw;}th.noWrap { text-align: left !important; vertical-align: bottom; white-space: nowrap;}th.toBottom { text-ali,not disclosed,Imports/exports mentioned (x3),,,not disclosed,unhedged,D,none evident,2021-08-25,Belfast,,,WING IT BELFAST LIMITED,NI681857,Wing It Belfast Limited is a goods trading company that imports and exports products.,no,none,,BT9 7EY,X - no currency flow evident,xhtml,Active CVA insolvency procedure as of 15 December 2025. Company in formal debt restructuring with creditors.,2,56103,unclear,"Company entered Corporate Voluntary Arrangement (CVA) on 15 December 2025, committing to 60+ monthly payments of £4,000 minimum to repay £238,941 creditor value.",
full,2025-06-30,accounts-with-accounts-type-total-exemption-full,"Enterprise House, Edenbridge, Kent, TN8 6HF","Company files small company accounts with no P&L, balance sheet or FX disclosures. No hedging instruments evident. Parent is Jaques Holdings Limited, England and Wales.",JOHN JAQUES AND SON LIMITED,voluntary-arrangement,high,not disclosed,,cannot estimate - no FX data disclosed,,not disclosed,,,,not disclosed,unhedged,D,none evident,1945-10-22,Edenbridge,,,JOHN JAQUES AND SON LIMITED,00399667,"John Jaques And Son Limited manufactures and sells games, toys and sporting equipment.",no,none,,TN8 6HF,X - no currency flow evident,xhtml,none,0,32409,minimal,none found,
full,2024-12-31,accounts-with-accounts-type-total-exemption-full,"27 Old Gloucester Street, London, WC1N 3AX","Accounts are filleted/abridged with no P&L, balance sheet detail, or turnover figures disclosed. Foreign currency policy stated but no transactions, exposures or hedging activity detailed. No trading or operational data available.",IGNYTO LIMITED,voluntary-arrangement,high,not disclosed,,cannot estimate - no FX data disclosed,"st that is not a market rate, in which case the asset is measured at the present value of the future payments discounted at a market rate of interest for a similar debt instrument. Other financial instruments are subsequently measured at fair value, with any changes recognised in profit",not disclosed,Mentions hedging (x2),,,not disclosed,unhedged,C,none evident,2016-12-28,London,,,IGNYTO LIMITED,10540804,not disclosed,no,none,,WC1N 3AX,X - no currency flow evident,xhtml,none,4,"62020, 62090",unclear,none found,
full,2025-01-31,accounts-with-accounts-type-total-exemption-full,"347 Barking Road, London, E13 8EE","Net liabilities of £145,158 as at 31 January 2025 (versus net liabilities £43,098 in 2024). Current liabilities jumped from £3,946 to £289,749 year-on-year. No P&L disclosed; accounts are abridged filing by small company exemption.",RBUILD LTD,voluntary-arrangement,high,not disclosed,,cannot estimate - no FX data disclosed,,not disclosed,,,,not disclosed,unhedged,D,none evident,2018-01-24,London,,,RBUILD LTD,11167903,not disclosed,no,none,,E13 8EE,X - no currency flow evident,xhtml,"net liabilities and negative equity; shareholder funds negative £145,158; current liabilities 21x prior year; going concern status not addressed in filed accounts",0,"41100, 41201, 41202",minimal,none found,
small,2025-11-18,accounts-with-accounts-type-unaudited-abridged,"Rbp Barton Street, Grimsby, DN37 7LD",,ROGER BURNETT RACING LIMITED,voluntary-arrangement,low,,"small/abridged filing - little to read, brief skipped; qualify by phone",,.notesSubSection{ margin-left: 1em;}.subRow td:first-child{ padding-left: 1em;}th.oneWordPerLine { text-align: center !important; vertical-align: bottom; word-spacing: 100vw;}th.noWrap { text-align: left !important; vertical-align: bottom; white-space: nowrap;}th.toBottom { text-ali,,Imports/exports mentioned (x3),,,,unknown,D,,1985-03-08,Grimsby,,,ROGER BURNETT RACING LIMITED,01893822,,,none,,DN37 7LD,X - no evidence,xhtml,,2,70210,,,
small,2026-07-22,accounts-with-accounts-type-unaudited-abridged,"No1 Nottingham Science Park Jesse Boot Avenue, Nottingham, Nottinghamshire, NG7 2RU",,CHINOOK ENGINEERING LIMITED,voluntary-arrangement,low,,"small/abridged filing - little to read, brief skipped; qualify by phone",,min-height: 750px; background-color:transparent; } .pagebreak { page-break-before:always } .pageno { display: none!important } .page-body { padding: 0; vertical-align: top } .page700 a { color:#000000; text-decoration:none; font-size: 12px; } .page700 a img { border-style:,,Imports/exports mentioned (x9),,,,unknown,D,,2008-08-12,Nottingham,,,CHINOOK ENGINEERING LIMITED,06670935,,,none,,NG7 2RU,X - no evidence,xhtml,,2,28990,,,
full,2025-04-30,accounts-with-accounts-type-total-exemption-full,"167-169 Great Portland Street, London, W1W 5PF","Abridged accounts filed with P&L statement omitted. No turnover, FX gains/losses, or currency activity disclosed. Bank loans reduced from £488,940 (FY24) to £171,999 (FY25).",LAW TRAINING CENTRE (KENT) LIMITED,voluntary-arrangement,high,not disclosed,,cannot estimate - no FX data disclosed,,not disclosed,,,,not disclosed,unhedged,D,none evident,2015-04-07,London,,,LAW TRAINING CENTRE (KENT) LIMITED,09528027,Law training centre providing professional legal education and training services.,no,none,,W1W 5PF,X - no currency flow evident,xhtml,"Current liabilities £544,583 exceed current assets £406,558 (net current liabilities £138,025). Negative retained earnings £71,202. Going concern assessment not disclosed in abridged statement.",0,85421,minimal,none found,
full,2024-12-31,accounts-with-accounts-type-total-exemption-full,"Unit 17 Petersfield Business Park, Bedford Road, Petersfield, Hampshire, GU32 3QA","Accounts filed abridged with no P&L disclosed under Section 444 Companies Act 2006. Net liabilities £243,868. Bank debt £288,033 (£129,700 due within one year; £158,333 after one year), both secured by fixed and floating charge over all assets. No FX gains/losses, hedging activity, or currency exposure disclosed.",MORGAN INNOVATION & TECHNOLOGY LTD,voluntary-arrangement,high,not disclosed,,cannot estimate - no FX data disclosed,,not disclosed,,,,not disclosed,unhedged,D,none evident,1987-10-06,Petersfield,,,MORGAN INNOVATION & TECHNOLOGY LTD,02174066,Services provider offering contracts for a wide variety of service delivery activities.,no,none,,GU32 3QA,X - no currency flow evident,xhtml,"Net liabilities position. Going concern dependent on forecast recovery. No income statement filed. Related-party loan to Deck42 Ltd (£168,165) where two directors also hold directorships.",0,"27900, 32500",minimal,"Company operated with net liabilities of £243,868 at balance sheet date. Directors assert going concern on basis of cash flow forecasts projecting return to profitability.",
full,2025-09-30,accounts-with-accounts-type-total-exemption-full,"3 Ground Floor, Cheltenham, GL50 3DA","Company has opted not to deliver P&L to registrar under section 444(1) Companies Act 2006. No financial data, FX exposure, or operational detail disclosed in available accounts extract.",COTT'S CARE LIMITED,voluntary-arrangement,high,not disclosed,,cannot estimate - no FX data disclosed,.notesSubSection{ margin-left: 1em;}.subRow td:first-child{ padding-left: 1em;}th.oneWordPerLine { text-align: center !important; vertical-align: bottom; word-spacing: 100vw;}th.noWrap { text-align: left !important; vertical-align: bottom; white-space: nowrap;}th.toBottom { text-ali,not disclosed,Imports/exports mentioned (x3),,,not disclosed,unhedged,D,none evident,2013-09-09,Cheltenham,,,COTT'S CARE LIMITED,08682774,not disclosed,no,none,,GL50 3DA,X - no currency flow evident,xhtml,"Abridged filing with no P&L or turnover disclosure. Loans to directors present (unsecured, interest-free, on-demand repayment).",2,87300,unclear,none found,
full,2025-02-28,accounts-with-accounts-type-total-exemption-full,"Station Yard Station Road, Holmfirth, HD9 6BF",,SOUTH PENNINE COMMUNITY TRANSPORT CIC,voluntary-arrangement,high,,document fetch failed (no response),,,,,,,,unknown,,,2015-02-23,Holmfirth,,,SOUTH PENNINE COMMUNITY TRANSPORT CIC,09454154,,,none,,HD9 6BF,X - no currency flow evident,,,,49319,,,
unknown,2025-11-26,change-account-reference-date-company-previous-shortened,"2nd Floor Parkgates, Manchester, M25 0TL",,COS SUPPLIES LTD,voluntary-arrangement,none,,no readable text,,,,,,,,unknown,,,2016-11-15,Manchester,,,COS SUPPLIES LTD,10479919,,,none,accounts/COS_SUPPLIES_LTD_10479919.pdf,M25 0TL,X - no evidence,"scanned pdf, pytesseract not installed",,,47910,,,
full,2024-11-30,accounts-with-accounts-type-total-exemption-full,"Suite 206, Equitable House 7 General Gordon Square, London, SE18 6FH","Company has opted not to deliver P&L to registrar under section 444(1) Companies Act 2006. No FX gains/losses, currency exposures, or hedging activity disclosed in accounts.",INDEX CARE LIMITED,voluntary-arrangement,high,not disclosed,,cannot estimate - no FX data disclosed,.notesSubSection{ margin-left: 1em;}.subRow td:first-child{ padding-left: 1em;}th.oneWordPerLine { text-align: center !important; vertical-align: bottom; word-spacing: 100vw;}th.noWrap { text-align: left !important; vertical-align: bottom; white-space: nowrap;}th.toBottom { text-ali,not disclosed,Imports/exports mentioned (x3),,,not disclosed,unhedged,D,none evident,2014-11-20,London,,,INDEX CARE LIMITED,09321132,Index Care Limited provides care services in the United Kingdom.,no,none,,SE18 6FH,X - no currency flow evident,xhtml,Accounts are abridged with P&L not filed; limited financial transparency prevents assessment of financial health.,2,87300,minimal,none found,
micro,2025-03-31,accounts-with-accounts-type-micro-entity,"The Hangar Tempsford Road, Sandy, SG19 2JW",,SANDY GRAB SERVICES LIMITED,voluntary-arrangement,none,,"micro accounts - no useful disclosure, skipped",,,,,,,,unknown,,,2021-02-09,Sandy,,,SANDY GRAB SERVICES LIMITED,13190710,,,none,,SG19 2JW,X - no evidence,,,,38110,,,
small,2024-05-31,accounts-amended-with-made-up-date,"27 Old Gloucester Street, London, WC1N 3AX",,ATECA GROUP LTD,voluntary-arrangement,low,,"small/abridged filing - little to read, brief skipped; qualify by phone",,,,,,,,unknown,D,,2022-05-10,London,,,ATECA GROUP LTD,14098366,,,none,,WC1N 3AX,X - no evidence,xhtml,,0,"62020, 70229, 71122, 78300",,,
full,2024-10-31,accounts-with-accounts-type-total-exemption-full,"369-371 Ashley Road, Poole, Dorset, BH14 0AS",Accounts filed as abridged; no P&L disclosed. No exchange gains/losses stated. No FX activity evident in disclosed notes. Company has taken advantage of section 444(1) Companies Act 2006 exemption from delivering P&L to registrar.,AGAPE CARE SOLUTIONS LTD,voluntary-arrangement,high,not disclosed,,cannot estimate - no FX data disclosed,,not disclosed,,,,not disclosed,unhedged,D,none evident,2011-04-27,Poole,,,AGAPE CARE SOLUTIONS LTD,07615494,Agape Care Solutions Ltd provides care services in the United Kingdom.,no,none,,BH14 0AS,X - no currency flow evident,xhtml,none,0,86900,minimal,none found,
small,2026-06-30,accounts-with-accounts-type-unaudited-abridged,"Suites 9-11 Soverign House Soverign Business Park, Ashington, Northumberland, NE63 8UG",,SPHERE SPECIALIST HEALTHCARE LTD,voluntary-arrangement,low,,"small/abridged filing - little to read, brief skipped; qualify by phone",,"struments are subsequently measured at fair value, with any changes recognised in profit or loss, with the exception of hedging instruments in a designated hedging relationship. Financial assets that are measured at cost or amortised cost are reviewed for obj",,Mentions hedging (x2),,,,unknown,C,,2021-06-15,Ashington,,,SPHERE SPECIALIST HEALTHCARE LTD,13457978,,,none,,NE63 8UG,X - no evidence,xhtml,,4,86900,,,
full,2024-10-31,accounts-amended-with-accounts-type-total-exemption-full,"Cawthorne House 19 Tivy Dale, Barnsley, South Yorkshire, S75 4EJ",,BRANCHWATER DEVELOPMENTS LIMITED,voluntary-arrangement,none,,no readable text,,,,,,,,unknown,,,2004-06-15,Barnsley,,,BRANCHWATER DEVELOPMENTS LIMITED,05154394,,,none,accounts/BRANCHWATER_DEVELOPMENTS_LIMITED_05154394.pdf,S75 4EJ,X - no currency flow evident,"scanned pdf, pytesseract not installed",,,68209,,,
full,2024-07-31,accounts-with-accounts-type-total-exemption-full,"4th Floor Aspect House, Brighton, BN1 3XE","Filed as small company under Section 444 Companies Act 2006; income statement not delivered. Bank debt 218,337 due within one year. CVA entered post-year end. No FX exposures, hedging instruments, or export data disclosed in accounts.",GAS PRODUCTION HIRE LIMITED,voluntary-arrangement,high,not disclosed,,cannot estimate - no FX data disclosed,,not disclosed,,,,not disclosed,unhedged,D,none evident,2011-07-12,Brighton,,,GAS PRODUCTION HIRE LIMITED,07701301,Gas Production Hire Limited hires out gas production equipment.,no,none,,BN1 3XE,X - no currency flow evident,xhtml,CVA arrangement entered into post-year end indicates financial distress. Going concern statement relies on creditor support.,0,96090,minimal,"Company entered into Company Voluntary Arrangement (CVA) with creditors subsequent to year end. Bank loans and overdrafts of 218,337 falling due within one year.",
unknown,2026-03-31,change-account-reference-date-company-previous-shortened,"Acorn House, London, W3 6AY",,GURU MAKEUP EMPORIUM LIMITED,voluntary-arrangement,none,,no readable text,,,,,,,,unknown,,,2008-06-13,London,,,GURU MAKEUP EMPORIUM LIMITED,06619825,,,none,accounts/GURU_MAKEUP_EMPORIUM_LIMITED_06619825.pdf,W3 6AY,X - no evidence,"scanned pdf, pytesseract not installed",,,47750,,,
small,2025-10-22,accounts-with-accounts-type-unaudited-abridged,"1 Manchester Park, Cheltenham, Gloucestershire, GL51 9EJ",,PRINCIPLES RECRUITMENT CARE AGENCY LIMITED,voluntary-arrangement,low,,"small/abridged filing - little to read, brief skipped; qualify by phone",,"b, strong { font-weight: bold; } table { border-spacing: 10px; } .text--left { text-align: left !important; } .text--center { text-align: center!important; } .text--right { text-align: right !important; } .strong { font-weight: bold; } .center {",,Imports/exports mentioned (x3),,,,unknown,D,,2017-11-30,Cheltenham,,,PRINCIPLES RECRUITMENT CARE AGENCY LIMITED,11090821,,,none,,GL51 9EJ,X - no evidence,xhtml,,2,87900,,,
unknown,2025-08-31,change-account-reference-date-company-previous-extended,"14a The Grove, Ilkley, LS29 9EG",,NEWHOLME ENERGY LIMITED,voluntary-arrangement,none,,no readable text,,,,,,,,unknown,,,2020-02-24,Ilkley,,,NEWHOLME ENERGY LIMITED,12477721,,,none,accounts/NEWHOLME_ENERGY_LIMITED_12477721.pdf,LS29 9EG,X - no evidence,"scanned pdf, pytesseract not installed",,,43999,,,
full,2024-12-31,accounts-with-accounts-type-total-exemption-full,"Unit 5a Amberley Court, Rotherham, S65 1BL","Directors elected not to include profit and loss account. Net assets collapsed from £156,548 (2023) to £257 (2024). Other creditors jumped from £201,106 to £611,973 year-on-year. No exchange gains or losses disclosed.",SL2 (SQUARED) LIMITED,voluntary-arrangement,high,Sterling (GBP) - functional currency,,cannot estimate - no FX data disclosed,,not disclosed,,,,not disclosed,unhedged,D,none evident,2020-05-19,Rotherham,,,SL2 (SQUARED) LIMITED,12612139,not disclosed,no,none,,S65 1BL,X - no currency flow evident,xhtml,"Going concern risk: net assets £257, current liabilities £1,081,725 exceed current assets £1,119,371 by margin. Directors loan account £117,904 emerged in 2024. Company operating at critical equity level.",0,43999,minimal,none found,
unknown,2025-04-30,change-account-reference-date-company-previous-extended,"C/O Frp Advisory Trading Limited The Manor House, Sheffield, S11 9PS",,WRM CONSTRUCTION LTD,voluntary-arrangement,none,,no readable text,,,,,,,,unknown,,,2021-03-25,Sheffield,,,WRM CONSTRUCTION LTD,13290753,,,none,accounts/WRM_CONSTRUCTION_LTD_13290753.pdf,S11 9PS,X - no evidence,"scanned pdf, pytesseract not installed",,,43999,,,
full,2025-02-28,accounts-with-accounts-type-total-exemption-full,"One Canada Square Canada Square, London, E14 5AB","Balance sheet only; no P&L filed. Debtors £1,205,470 (FY25) down from £1,503,421 (FY24). No turnover, FX gains/losses, or currency exposure data disclosed. Small company audit exemption claimed.",FEINTERNATIONAL LTD,voluntary-arrangement,high,not disclosed,,cannot estimate - no FX data disclosed,,not disclosed,,,,not disclosed,unhedged,D,none evident,2011-02-11,London,,,FEINTERNATIONAL LTD,07526350,not disclosed,no,none,,E14 5AB,X - no currency flow evident,xhtml,none,0,62020,unclear,none found,
micro,2024-06-30,accounts-with-accounts-type-micro-entity,"129 Moneygran Road, Ballymena, BT44 8JN",,FEEDALL PET FOODS LIMITED,voluntary-arrangement,none,,"micro accounts - no useful disclosure, skipped",,,,,,,,unknown,,,2001-06-14,Ballymena,,,FEEDALL PET FOODS LIMITED,NI040998,,,none,,BT44 8JN,X - no evidence,,,,46210,,,
full,2025-07-31,accounts-with-accounts-type-total-exemption-full,"15 Meridian Way, Norwich, Norfolk, NR7 0TA","Tax liabilities to HMRC approximately £607,034 as at 31 July 2025. CVA agreed with creditors 17 April 2026 for 54-month term. Directors' profit and loss account deliberately not filed; accounts unaudited. No FX gains/losses or hedging instruments disclosed.",BARTER HILL PARTNERSHIP LIMITED,voluntary-arrangement,high,not disclosed,,cannot estimate - no FX data disclosed,,not disclosed,,,,not disclosed,unhedged,D,none evident,2003-04-03,Norwich,,,BARTER HILL PARTNERSHIP LIMITED,04722505,Professional services firm providing structural engineering and related consultancy.,no,none,,NR7 0TA,X - no currency flow evident,xhtml,"Going concern qualified by material HMRC tax debt of £607,034 (77% of net assets £61,403). CVA restructuring agreement post year-end signals insolvency risk. Significant asset disposals (£100,334 in year). Accumulated losses eroding equity position (net assets fell from £120,052 to £61,403 year-on-year).",0,71122,minimal,"Company Voluntary Arrangement (CVA) agreed 17 April 2026 running 54 months. Operational restructuring underway including staff reduction and premises reduction, following significant tax liabilities to HMRC of approximately £607,034.",
micro,2025-03-31,accounts-with-accounts-type-micro-entity,"8 Globe Lane, Ely, Cambridgeshire, CB6 1PW",,EMPATHY CARE SERVICES LIMITED,voluntary-arrangement,none,,"micro accounts - no useful disclosure, skipped",,,,,,,,unknown,,,2020-03-27,Ely,,,EMPATHY CARE SERVICES LIMITED,12537108,,,none,,CB6 1PW,X - no evidence,,,,87200,,,
full,2022-12-31,accounts-with-accounts-type-total-exemption-full,"Riverside House, Salford, Manchester, M3 5EN","Accounts filed under small company exemption with no income statement delivered per s.444 Companies Act 2006. No financial data, FX exposure, or hedging activity disclosed.",AVENTIS SOLUTIONS LIMITED,voluntary-arrangement,high,not disclosed,,cannot estimate - no FX data disclosed,,not disclosed,,,,not disclosed,unhedged,D,none evident,2011-06-17,Salford,,,AVENTIS SOLUTIONS LIMITED,07673288,not disclosed,no,none,,M3 5EN,X - no currency flow evident,xhtml,none,0,"46460, 82990",unclear,none found,
micro,2024-12-31,accounts-with-accounts-type-micro-entity,"165 Old Coach Road, Enniskillen, BT92 3DG",,QUIGLEY PLANT HIRE LIMITED,voluntary-arrangement,none,,"micro accounts - no useful disclosure, skipped",,,,,,,,unknown,,,2016-12-01,Enniskillen,,,QUIGLEY PLANT HIRE LIMITED,NI642477,,,none,,BT92 3DG,X - no evidence,,,,43120,,,
full,2025-03-31,accounts-with-accounts-type-total-exemption-full,"Heywood Farm Terry Hill, Bath, Somerset, BA3 5UF","Income statement not filed under Section 444 Companies Act 2006 exemption. No FX exposure, hedging activity, or currency transactions disclosed. Bank debt 14,733 due within one year.",S G PERKINS LIMITED,voluntary-arrangement,high,not disclosed,,cannot estimate - no FX data disclosed,,not disclosed,,,,not disclosed,unhedged,D,none evident,2020-04-29,Bath,,,S G PERKINS LIMITED,12577277,not disclosed,no,none,,BA3 5UF,X - no currency flow evident,xhtml,"Abridged accounts filed - full P&L not disclosed. Unable to assess profitability, scale or operational health.",0,"01420, 01470, 46320",minimal,"Goodwill from 2020 acquisition being amortised over three years. Bank debt of 14,733 outstanding.",
full,2025-06-30,accounts-with-accounts-type-total-exemption-full,"The Yard Halecat, Grange-Over-Sands, LA11 6RT","Company moved to net liabilities of £415,626 at 30 June 2025 from net assets of £436 at 30 June 2024. Current liabilities exceed current assets by £334,282. No P&L, revenue, or FX activity disclosed in abridged accounts.","WILLIAMS, STANLEY AND CO. LIMITED",voluntary-arrangement,high,not disclosed,,cannot estimate - no FX data disclosed,,not disclosed,,,,not disclosed,unhedged,D,none evident,2006-06-28,Grange-Over-Sands,,,"WILLIAMS, STANLEY AND CO. LIMITED",05860058,not disclosed,no,none,,LA11 6RT,X - no currency flow evident,xhtml,"Going concern risk: company is technically insolvent with negative net assets of £415,626 and negative cash position of £13,977. Current liabilities of £825,848 against current assets of £491,566. No profit and loss statement filed.",0,69202,unclear,none found,
micro,2024-11-30,accounts-with-accounts-type-micro-entity,"Premier Business House Sanders Road, Wellingborough, Northamptonshire, NN8 4NL",,DUNAMIS SOCIAL CARE LIMITED,voluntary-arrangement,none,,"micro accounts - no useful disclosure, skipped",,,,,,,,unknown,,,2016-11-11,Wellingborough,,,DUNAMIS SOCIAL CARE LIMITED,10474868,,,none,,NN8 4NL,X - no evidence,,,,"87300, 88100",,,
full,2025-03-31,accounts-with-accounts-type-total-exemption-full,"The Harley Building, London, W1W 6XB","Company is small companies regime filer with abridged accounts. Current liabilities £1,935,801; non-current liabilities £10,292. No P&L, turnover, FX activity, or export data disclosed.",SIGNATURE LONDON LIMITED,voluntary-arrangement,high,not disclosed,,cannot estimate - no FX data disclosed,"px; margin: 0; font-weight: bold; } .remove-styling table thead { text-transform: none; } * { font-size: 11px !important; } .intro h1, .intro h3, .intro div, h1, h2, h3, h4 { margin: 0; font-weight: bold; line-height: 1.6; } .intro h1, .header-company, .header-title {",not disclosed,Imports/exports mentioned (x1),,,not disclosed,unhedged,D,none evident,2019-08-26,London,,,SIGNATURE LONDON LIMITED,12172961,Building fit out and refurbishment contractor.,no,none,,W1W 6XB,X - no currency flow evident,xhtml,Abridged accounts filed with no P&L statement. Current liabilities of £1.94m against unknown revenue base. Company reports going concern but inadequate disclosure for assessment.,2,43999,minimal,none found,
micro,2026-03-31,accounts-with-accounts-type-micro-entity,"Sunley House, Croydon, CR0 2AP",,THE ASSISTED SALE COMPANY LIMITED,voluntary-arrangement,none,,"micro accounts - no useful disclosure, skipped",,,,,,,,unknown,,,2015-07-23,Croydon,,,THE ASSISTED SALE COMPANY LIMITED,09699758,,,none,,CR0 2AP,X - no evidence,,,,68100,,,
full,2024-12-31,accounts-with-accounts-type-total-exemption-full,"Unit 63 Waybridge Industrial Estate, Daniel Adamson Road, Salford, M50 1DS","No turnover disclosed (small company exemption). No FX gains, losses, or hedging instruments mentioned. Net liabilities of £401,836 at 31 December 2024 compared to net assets of £376,828 at 31 December 2023. Trade creditors increased from £248,497 to £609,703 (+145% YoY).",SEVEN BROTHERS BREWERY LIMITED,voluntary-arrangement,high,not disclosed,,cannot estimate - no FX data disclosed,,not disclosed,,,,not disclosed,unhedged,D,none evident,2013-11-12,Salford,,,SEVEN BROTHERS BREWERY LIMITED,08771823,Seven Brothers Brewery Limited manufactures and sells beer and brewing products.,no,none,,M50 1DS,X - no currency flow evident,xhtml,"Going concern statement present but company is technically insolvent with negative net assets of £401,836. Current liabilities £1,901,375 exceed current assets £1,071,450 by £829,925. Rapid deterioration in financial position: net position swing of £778,664 in one year. No P&L disclosed due to small company regime. Unaudited accounts.",0,11050,minimal,"Company entered negative equity position (net liabilities £401,836 vs equity £376,828 prior year). Trade creditors increased 145% year-on-year from £248,497 to £609,703.",
full,2024-12-31,accounts-with-accounts-type-total-exemption-full,"119a George Lane, South Woodford, London, E18 1AN","Accounts filed under small company exemption with Income Statement not delivered per Section 444 Companies Act 2006. Bank loans and overdrafts 10,397. No FX, export, hedging or currency data disclosed.",SUPPORTING YOUNG FUTURES LIMITED,voluntary-arrangement,high,not disclosed,,cannot estimate - no FX data disclosed,,not disclosed,,,,not disclosed,unhedged,D,none evident,2013-12-06,South Woodford,,,SUPPORTING YOUNG FUTURES LIMITED,08806124,Supporting Young Futures Limited provides support services to young people.,no,none,,E18 1AN,X - no currency flow evident,xhtml,Going concern statement present but qualified on shareholder support; accounts abridged with no P&L filed.,0,82990,minimal,none found,
full,2025-03-31,accounts-with-accounts-type-total-exemption-full,"Unit 8&9, Parsons Court Welbury Way, Newton Aycliffe, Co. Durham, DL5 6ZE","Company has opted not to deliver P&L to registrar under section 444(1) Companies Act 2006. Functional currency is sterling. No FX activity, hedging, or international operations disclosed.",MRM PROPERTIES (NEWTON AYCLIFFE) LLP,voluntary-arrangement,high,not disclosed,,cannot estimate - no FX data disclosed,,not disclosed,,,,not disclosed,unhedged,D,none evident,2014-12-09,Newton Aycliffe,,,MRM PROPERTIES (NEWTON AYCLIFFE) LLP,OC396994,MRM Properties (Newton Aycliffe) LLP is a property company.,no,none,,DL5 6ZE,X - no currency flow evident,xhtml,none,0,,minimal,none found,
full,2026-03-31,accounts-with-accounts-type-total-exemption-full,"Unit 11.1.1 The Leather Market, London, SE1 3ER","Company opted not to deliver P&L to registrar under s.444(1) Companies Act 2006. Accounts are abridged with no revenue, FX P&L, or currency exposure figures disclosed. £1,000,000 convertible loan stock at 10% p.a., convertible to A ordinary shares May 2027.",FIMATIX UK LTD,voluntary-arrangement,high,not disclosed,,cannot estimate - no FX data disclosed,.notesSubSection{ margin-left: 1em;}.subRow td:first-child{ padding-left: 1em;}th.oneWordPerLine { text-align: center !important; vertical-align: bottom; word-spacing: 100vw;}th.noWrap { text-align: left !important; vertical-align: bottom; white-space: nowrap;}th.toBottom { text-ali,not disclosed,Imports/exports mentioned (x3),,,not disclosed,unhedged,D,none evident,2017-07-11,London,,,FIMATIX UK LTD,10860988,Fimatix UK Ltd is an FX brokerage or currency trading services company.,not disclosed,none,,SE1 3ER,X - no currency flow evident,xhtml,"Abridged accounts filed with no P&L statement prevents assessment of profitability, solvency, or FX activity. Going-concern status not stated.",2,62012,unclear,none found,
medium,2025-01-31,accounts-with-accounts-type-medium,"10-11 Greenland Place, London, NW1 0AP","Revenue dropped 75.9% from £19,707,844 (FY24) to £4,744,409 (FY25) following major customer contract termination. Directors state minimal transaction activity in foreign currency and do not deem FX exposure particularly significant. No hedging instruments held or evident.",EUROPRIDE LIMITED,voluntary-arrangement,medium,GBP - functional and presentational currency; Foreign currency transactions mentioned but no specific currencies named,,cannot estimate - no FX data disclosed,"tary items are translated using the closing rate. Foreign exchange gains and losses resulting from the settlement of transactions and from the translation at period-end exchange rates of monetary assets and liabilities denominate || e settlement of transactions and from the translation at period-end exchange rates of monetary assets and liabilities denominated in foreign currencies are recognised in the Statement of Income and Retained Earnings Foreign exchange gains and l || ertainties that have not been addressed or considered during the year. Currency Risk: Within the Company's supply chain, the Company has some exposure to transactions in foreign exchange. The Company and directors do not deem this exposure to",not disclosed,"FX mentioned in P&L, no figure (x2) | Foreign currency transactions (x1) | Currency risk section (x1)",,,not disclosed,unhedged,B,none evident,2004-01-12,London,,,EUROPRIDE LIMITED,05013136,Manufacture of ladieswear.,no,none,,NW1 0AP,X - no currency flow evident,xhtml,Material uncertainty regarding going concern. Qualified audit opinion on going concern basis. Net liabilities at year-end. Company Voluntary Arrangement initiated post-balance sheet. Auditors unable to obtain sufficient appropriate audit evidence that company will continue as going concern.,8,14132,minimal,Revenue collapsed from £19.7m (prior year) to £4.7m following termination of major customer contract. Company entered CVA post-balance sheet after material deterioration in financial position.,4744409
micro,2025-01-31,accounts-with-accounts-type-micro-entity,"311 The Triangle Business Hub, Wembley, Middx, HA9 6BD",,INTRINNA LIMITED,voluntary-arrangement,none,,"micro accounts - no useful disclosure, skipped",,,,,,,,unknown,,,2022-01-09,Wembley,,,INTRINNA LIMITED,13836124,,,none,,HA9 6BD,X - no evidence,,,,82990,,,
micro,2025-06-30,accounts-with-accounts-type-micro-entity,"Reclamation House, Ryton, Tyne And Wear, NE40 3EX",,JBM ENVIRONMENTAL SERVICES LTD,voluntary-arrangement,none,,"micro accounts - no useful disclosure, skipped",,,,,,,,unknown,,,2015-06-22,Ryton,,,JBM ENVIRONMENTAL SERVICES LTD,09651130,,,none,,NE40 3EX,X - no evidence,,,,43120,,,
small,2026-03-28,accounts-with-accounts-type-unaudited-abridged,"Suite 17, Midshires House Smeaton Close, Aylesbury, HP19 8HL",,INNOVATIVE START LIMITED,voluntary-arrangement,low,,"small/abridged filing - little to read, brief skipped; qualify by phone",,"b, strong { font-weight: bold; } table { border-spacing: 10px; } .text--left { text-align: left !important; } .text--center { text-align: center!important; } .text--right { text-align: right !important; } .strong { font-weight: bold; } .center {",,Imports/exports mentioned (x3),,,,unknown,D,,2017-06-09,Aylesbury,,,INNOVATIVE START LIMITED,10810809,,,none,,HP19 8HL,X - no evidence,xhtml,,2,"87100, 87200, 87900",,,
small,2026-05-15,accounts-with-accounts-type-unaudited-abridged,"Unit 12 Albion Gateway Milan Road, Burton On Trent, Staffordshire, DE13 0FY",,BAMBINOS AND BEYOND LTD,voluntary-arrangement,low,,"small/abridged filing - little to read, brief skipped; qualify by phone",,,,,,,,unknown,D,,2020-06-22,Burton On Trent,,,BAMBINOS AND BEYOND LTD,12690051,,,none,,DE13 0FY,X - no evidence,xhtml,,0,74100,,,
unknown,2026-03-31,change-account-reference-date-company-current-shortened,"12 Payton Street, Stratford-Upon-Avon, Warwickshire, CV37 6UA",,CROFTSTONE MANAGEMENT LIMITED,voluntary-arrangement,none,,no readable text,,,,,,,,unknown,,,2010-09-30,Stratford-Upon-Avon,,,CROFTSTONE MANAGEMENT LIMITED,07393480,,,none,accounts/CROFTSTONE_MANAGEMENT_LIMITED_07393480.pdf,CV37 6UA,X - no evidence,"scanned pdf, pytesseract not installed",,,82990,,,
full,2025-11-30,accounts-with-accounts-type-total-exemption-full,"Unit 1, York House 55, Leeds, LS9 8QS","Company is loss-making with negative shareholders' funds of £52,502 as at 30 November 2025 and £143,419 as at 30 November 2024. No turnover figure disclosed - accounts filed under exemption. No FX gains, losses, or hedging instruments mentioned in accounts.",BLUE PEPPER CATERING LTD,voluntary-arrangement,high,not disclosed,,cannot estimate - no FX data disclosed,,not disclosed,,,,not disclosed,unhedged,D,none evident,2013-11-27,Leeds,,,BLUE PEPPER CATERING LTD,08791885,Blue Pepper Catering Ltd provides catering services and supplies to customers in the UK.,no,none,,LS9 8QS,X - no currency flow evident,xhtml,"Negative net assets £52,502 (2025) and £143,419 (2024) indicate technical insolvency. Net current liabilities of £104,514 (2025). Accumulated losses £52,503 (2025) indicate ongoing losses. No P&L disclosed. Going concern status not addressed.",0,56210,minimal,none found,
full,2025-03-31,accounts-with-accounts-type-total-exemption-full,"F1 To F3 Blenheim Court, Cheadle, Stockport, SK8 2JY","Company is unaudited small entity. Profit fell 97% year-on-year from £259,047 (FY24) to £7,971 (FY25). No FX exposures, hedging instruments, or international transactions disclosed. Bank loans increased from £142,030 to £399,101 within one year.",CHOICES HOME FOR CHILDREN LIMITED,voluntary-arrangement,high,not disclosed,,cannot estimate - no FX data disclosed,,not disclosed,,,,not disclosed,unhedged,D,none evident,2001-05-04,Cheadle,,,CHOICES HOME FOR CHILDREN LIMITED,04211653,Choices Home For Children Limited operates a residential care facility for children in the UK.,no,none,,SK8 2JY,X - no currency flow evident,xhtml,"Profitability collapse FY25 vs FY24. Bank debt surge (179% increase in current borrowings). Employee headcount reduced from 86 to 75. Cash position declined from £177,220 to £161,660. No profit & loss statement disclosed despite full accounts filing.",0,87900,minimal,none found,
full,2025-05-31,accounts-with-accounts-type-total-exemption-full,"41 41 Primula Way, Chelmsford, England, CM1 6QT","Accounts text contains only metadata, filing dates, and balance sheet headers. No P&L, trading data, FX activity, or operational detail provided.",EL SPARKLE LIMITED,voluntary-arrangement,high,not disclosed,,cannot estimate - no FX data disclosed,ld; } table { border-spacing: 10px; } .text--left { text-align: left !important; } .text--center { text-align: center!important; } .text--right { text-align: right !important; } .strong {,not disclosed,Imports/exports mentioned (x3),,,not disclosed,unknown,D,not disclosed,2021-05-03,Chelmsford,,,EL SPARKLE LIMITED,13370385,not disclosed,not disclosed,none,,CM1 6QT,X - no currency flow evident,xhtml,Accounts content incomplete or stripped - regulatory filing information present but substantive financial statements absent. Cannot assess solvency or going concern.,2,81299,unclear,none found,"260,540"
full,2025-04-30,accounts-with-accounts-type-total-exemption-full,"4 King Street, Reading, RG1 2AN","Company has filed abridged accounts under section 444(1) Companies Act 2006, omitting P&L statement. No FX activity, hedging instruments, or foreign currency exposure disclosed in available text.",WILLOW TREE SUPPORT SERVICES LTD,voluntary-arrangement,high,not disclosed,,cannot estimate - no FX data disclosed,.notesSubSection{ margin-left: 1em;}.subRow td:first-child{ padding-left: 1em;}th.oneWordPerLine { text-align: center !important; vertical-align: bottom; word-spacing: 100vw;}th.noWrap { text-align: left !important; vertical-align: bottom; white-space: nowrap;}th.toBottom { text-ali,not disclosed,Imports/exports mentioned (x3),,,not disclosed,unhedged,D,none evident,2018-10-25,Reading,,,WILLOW TREE SUPPORT SERVICES LTD,11642105,"Willow Tree Support Services Ltd provides support services, including rendering of services on a contract basis.",no,none,,RG1 2AN,X - no currency flow evident,xhtml,none,2,"86102, 87100, 87200, 88100",minimal,none found,
full,2024-12-31,accounts-with-accounts-type-full,"Parkside, Bacup, Lancs, OL13 0BW",,COURTESY SHOES LIMITED,voluntary-arrangement,none,,no readable text,,,,,,,,unknown,,,1956-06-07,Bacup,,,COURTESY SHOES LIMITED,00567238,,,none,accounts/COURTESY_SHOES_LIMITED_00567238.pdf,OL13 0BW,X - no currency flow evident,"scanned pdf, pytesseract not installed",,,47721,,,
full,2022-06-30,accounts-with-accounts-type-total-exemption-full,"7 St. Johns Road, Harrow, HA1 2EY","Accounts filed as abridged under Section 444 Companies Act 2006. Income statement not delivered. No P&L, FX activity, hedging data, or operating narrative disclosed.",FORTRESS CAPITAL PARTNERS LTD.,voluntary-arrangement,high,not disclosed,,cannot estimate - no FX data disclosed,,not disclosed,,,,not disclosed,unknown,D,not disclosed,2015-06-17,Harrow,,,FORTRESS CAPITAL PARTNERS LTD.,09643099,not disclosed,not disclosed,none,,HA1 2EY,X - no currency flow evident,xhtml,"Abridged accounts filed with no P&L or strategic report. Unable to assess solvency, trading activity, or financial health from filed documents.",0,64922,unclear,none found,
full,2025-09-30,accounts-with-accounts-type-total-exemption-full,"Chp Accountants Limited Clifton House, Cardiff, CF24 1LE",Material going-concern uncertainty disclosed. Company Voluntary Arrangement pending creditor approval. No P&L disclosed (abridged filing).,CLOISTERS BUSINESS CENTRE MANAGEMENT COMPANY LIMITED,voluntary-arrangement,high,not disclosed,,cannot estimate - no FX data disclosed,.notesSubSection{ margin-left: 1em;}.subRow td:first-child{ padding-left: 1em;}th.oneWordPerLine { text-align: center !important; vertical-align: bottom; word-spacing: 100vw;}th.noWrap { text-align: left !important; vertical-align: bottom; white-space: nowrap;}th.toBottom { text-ali,not disclosed,Imports/exports mentioned (x3),,,not disclosed,unhedged,D,none evident,1987-06-10,Cardiff,,,CLOISTERS BUSINESS CENTRE MANAGEMENT COMPANY LIMITED,02139722,Property management company that levies and collects service charges for a business centre.,no,none,,CF24 1LE,X - no currency flow evident,xhtml,Material uncertainty regarding going concern. Company Voluntary Arrangement in progress. Judgment against company precedent creditor difficulties.,2,68320,minimal,Company in Company Voluntary Arrangement (CVA) with creditors following judgment; landlord is main creditor and providing continued support.,
full,2025-06-30,accounts-with-accounts-type-total-exemption-full,"87 London Road, Leicester, LE2 0PF","Company has opted under s.444 Companies Act 2006 not to file profit and loss account. No exchange gains/losses, currency exposures, or FX hedging activity disclosed. Abridged filing status prevents turnover verification.",TML SOLICITORS LTD,voluntary-arrangement,high,not disclosed,,cannot estimate - no FX data disclosed,.notesSubSection{ margin-left: 1em;}.subRow td:first-child{ padding-left: 1em;}th.oneWordPerLine { text-align: center !important; vertical-align: bottom; word-spacing: 100vw;}th.noWrap { text-align: left !important; vertical-align: bottom; white-space: nowrap;}th.toBottom { text-ali,not disclosed,Imports/exports mentioned (x3),,,not disclosed,unhedged,D,none evident,2012-07-31,Leicester,,,TML SOLICITORS LTD,08162752,TML Solicitors Ltd provides legal services.,no,none,,LE2 0PF,X - no currency flow evident,xhtml,none,2,69102,minimal,none found,
full,2024-12-31,accounts-with-accounts-type-full,"Level 33 One Canada Square, London, E14 5AB",,LEON RESTAURANTS LIMITED,voluntary-arrangement,none,,no readable text,,,,,,,,unknown,,,2004-01-19,London,,,LEON RESTAURANTS LIMITED,05018441,,,none,accounts/LEON_RESTAURANTS_LIMITED_05018441.pdf,E14 5AB,X - no currency flow evident,"scanned pdf, pytesseract not installed",,,56101,,,
micro,2025-05-30,accounts-with-accounts-type-micro-entity,"Wentworth House Manners Avenue, Ilkeston, Derbyshire, DE7 8EF",,PEAK HOME ASSIST LTD,voluntary-arrangement,none,,"micro accounts - no useful disclosure, skipped",,,,,,,,unknown,,,2019-02-11,Ilkeston,,,PEAK HOME ASSIST LTD,11818960,,,none,,DE7 8EF,X - no evidence,,,,87300,,,
full,2025-03-31,accounts-with-accounts-type-total-exemption-full,"2nd Floor Offices, Bedford, MK40 3JJ","Accounts are unaudited and abridged - profit and loss account not delivered to Registrar. No revenue, FX exposure, or hedging data disclosed. Cash position improved from £37,220 to £331,110 year-on-year.",DIAL4CARE RECRUITMENT LTD,voluntary-arrangement,high,not disclosed,,cannot estimate - no FX data disclosed,,not disclosed,,,,not disclosed,unhedged,D,none evident,2012-10-25,Bedford,,,DIAL4CARE RECRUITMENT LTD,08268027,Dial4Care Recruitment Ltd is a recruitment services company operating in England and Wales.,no,none,,MK40 3JJ,X - no currency flow evident,xhtml,none,0,"78200, 87200",minimal,none found,
small,2026-05-30,accounts-with-accounts-type-unaudited-abridged,"Kapara James Court, London, W1D 4AL",,SAFTA TRADING LTD,voluntary-arrangement,low,,"small/abridged filing - little to read, brief skipped; qualify by phone",,"b, strong { font-weight: bold; } table { border-spacing: 10px; } .text--left { text-align: left !important; } .text--center { text-align: center!important; } .text--right { text-align: right !important; } .strong { font-weight: bold; } .center {",,Imports/exports mentioned (x3),,,,unknown,D,,2021-03-28,London,,,SAFTA TRADING LTD,13297352,,,none,,W1D 4AL,X - no evidence,xhtml,,2,56101,,,
full,2025-07-31,accounts-with-accounts-type-total-exemption-full,"Suite 201f Frederick Street, Birmingham, B1 3HS","Company filed balance sheet only under small company exemption. Income statement not delivered to registrar. No FX activity, currency exposure, or hedging instruments disclosed in accounts.",EXCELL CARE SERVICES LIMITED,voluntary-arrangement,high,not disclosed,,cannot estimate - no FX data disclosed,,not disclosed,,,,not disclosed,unhedged,D,none evident,2017-07-19,Birmingham,,,EXCELL CARE SERVICES LIMITED,10874808,Excell Care Services Limited provides care services in the United Kingdom.,no,none,,B1 3HS,X - no currency flow evident,xhtml,none,0,78200,minimal,none found,
full,2024-06-30,accounts-with-accounts-type-total-exemption-full,"Group First House, Padiham, Lancs, BB12 7NG","P&L not disclosed; accounts are abridged. Company is a holding entity recharged group expenses. Trade debtors 7.3m, amounts owed by group undertakings 18.6m. No FX activity disclosed.",GROUP FIRST HOLDINGS LIMITED,voluntary-arrangement,high,not disclosed,,cannot estimate - no FX data disclosed,,not disclosed,,,,not disclosed,unhedged,D,none evident,2006-03-10,Padiham,,,GROUP FIRST HOLDINGS LIMITED,05739246,Group First Global Limited is a holding company that recharged shared expenses to group undertakings.,no,none,,BB12 7NG,X - no currency flow evident,xhtml,none,0,68100,minimal,none found,
small,2026-04-13,accounts-with-accounts-type-unaudited-abridged,"36 The Parade, Donaghadee, County Down, BT21 0HE",,PEACH ENTERPRISES LIMITED,voluntary-arrangement,low,,"small/abridged filing - little to read, brief skipped; qualify by phone",,"b, strong { font-weight: bold; } table { border-spacing: 10px; } .text--left { text-align: left !important; } .text--center { text-align: center!important; } .text--right { text-align: right !important; } .strong { font-weight: bold; } .center {",,Imports/exports mentioned (x3),,,,unknown,D,,2011-08-17,Donaghadee,,,PEACH ENTERPRISES LIMITED,NI608642,,,none,,BT21 0HE,X - no evidence,xhtml,,2,56101,,,
micro,2024-12-31,accounts-with-accounts-type-micro-entity,"Venture House, Halifax, HX1 1HS",,DIN & ASSOCIATES LTD,voluntary-arrangement,none,,"micro accounts - no useful disclosure, skipped",,,,,,,,unknown,,,2016-12-15,Halifax,,,DIN & ASSOCIATES LTD,10528272,,,none,,HX1 1HS,X - no evidence,,,,69102,,,
full,2025-10-31,accounts-with-accounts-type-total-exemption-full,"268 Bath Road, Slough, SL1 4DX","Accounts filed as abridged with no P&L statement delivered to registrar. Import/export activity confirmed but no financial figures, FX exposure data, or hedging activity disclosed.",AUJLA DISTRIBUTION LTD,voluntary-arrangement,high,not disclosed,,cannot estimate - no FX data disclosed,.notesSubSection{ margin-left: 1em;}.subRow td:first-child{ padding-left: 1em;}th.oneWordPerLine { text-align: center !important; vertical-align: bottom; word-spacing: 100vw;}th.noWrap { text-align: left !important; vertical-align: bottom; white-space: nowrap;}th.toBottom { text-ali,not disclosed,Imports/exports mentioned (x3),,,not disclosed,unhedged,D,none evident,2020-09-09,Slough,,,AUJLA DISTRIBUTION LTD,12868679,Aujla Distribution Ltd is a distribution company engaged in the import and export of goods.,no,none,,SL1 4DX,X - no currency flow evident,xhtml,none,2,49410,unclear,none found,
full,2026-03-31,accounts-with-accounts-type-total-exemption-full,"Unit 4c 1 Penn Street Works, Amersham, Buckinghamshire, HP7 0FA","Company has filed abridged accounts under section 444 Companies Act 2006 with no P&L disclosed. No FX exposures, exchange gains/losses, hedging activity or overseas revenue identified in filing.",THE HIT OR MISS PUB LTD,voluntary-arrangement,high,not disclosed,,cannot estimate - no FX data disclosed,.notesSubSection{ margin-left: 1em;}.subRow td:first-child{ padding-left: 1em;}th.oneWordPerLine { text-align: center !important; vertical-align: bottom; word-spacing: 100vw;}th.noWrap { text-align: left !important; vertical-align: bottom; white-space: nowrap;}th.toBottom { text-ali,not disclosed,Imports/exports mentioned (x3),,,not disclosed,unhedged,D,none evident,2022-10-17,Amersham,,,THE HIT OR MISS PUB LTD,14424931,"The Hit Or Miss Pub Ltd operates a public house providing food, beverage and hospitality services.",no,none,,HP7 0FA,X - no currency flow evident,xhtml,none,2,56302,minimal,none found,
full,2025-11-30,accounts-with-accounts-type-total-exemption-full,"203 West Street, Fareham, Hampshire, PO16 0EN","Company has elected not to file profit and loss account under section 444(1) Companies Act 2006. No FX exposures, gains, losses, or hedging activity disclosed in accounts.",ALBANY CARE (PORTCHESTER) LTD,voluntary-arrangement,high,not disclosed,,cannot estimate - no FX data disclosed,.notesSubSection{ margin-left: 1em;}.subRow td:first-child{ padding-left: 1em;}th.oneWordPerLine { text-align: center !important; vertical-align: bottom; word-spacing: 100vw;}th.noWrap { text-align: left !important; vertical-align: bottom; white-space: nowrap;}th.toBottom { text-ali,not disclosed,Imports/exports mentioned (x3),,,not disclosed,unhedged,D,none evident,2019-05-24,Fareham,,,ALBANY CARE (PORTCHESTER) LTD,12015379,Albany Care (Portchester) Ltd provides care services.,no,none,,PO16 0EN,X - no currency flow evident,xhtml,none,2,96090,minimal,none found,
micro,2025-08-31,accounts-with-accounts-type-micro-entity,"8 Bells Court, Magherafelt, BT45 8BF",,A. HIGGINS CONTRACTS LIMITED,voluntary-arrangement,none,,"micro accounts - no useful disclosure, skipped",,,,,,,,unknown,,,2022-08-03,Magherafelt,,,A. HIGGINS CONTRACTS LIMITED,NI690141,,,none,,BT45 8BF,X - no evidence,,,,43120,,,
full,2026-03-31,accounts-with-accounts-type-total-exemption-full,"2b Thorpe Crescent, London, E17 5BY","Net liabilities of £442,023 as at 31 March 2026 (worsened from £384,299 in 2025). Company Voluntary Arrangement entered 21 July 2026 with five-year repayment term. No turnover, exchange gains/losses, or hedging activity disclosed in unaudited accounts.",AALTO MEDIA LIMITED,voluntary-arrangement,high,GBP - reporting currency; foreign currencies mentioned in policy but no specific currencies named,,cannot estimate - no FX data disclosed,,not disclosed,,,,not disclosed,unhedged,D,none evident,2018-10-30,London,,,AALTO MEDIA LIMITED,11649277,Aalto Media Limited is a private media company registered in England and Wales.,no,none,,E17 5BY,X - no currency flow evident,xhtml,"Net liabilities position (negative shareholders' funds of £442,023). Company Voluntary Arrangement with creditors entered post-year-end (21 July 2026). Going concern statement contingent on continued shareholder support and additional funding. Accounts are unaudited and profit and loss account not filed at Companies House.",0,"90020, 90030",unclear,"Company entered into Company Voluntary Arrangement with creditors on 21 July 2026, payable over five-year term. Going concern basis depends on shareholder support and additional funding availability.",
unknown,2024-12-31,accounts-with-accounts-type-audit-exemption-subsiduary,"C/O Magnet Limited, Business Park Darlington, County Durham, DL1 4XT",,MAGNET LIMITED,voluntary-arrangement,none,,no readable text,,,,,,,,unknown,,,1992-11-06,Business Park Darlington,,,MAGNET LIMITED,02762625,,,none,accounts/MAGNET_LIMITED_02762625.pdf,DL1 4XT,X - no evidence,"scanned pdf, pytesseract not installed",,,32990,,,
full,2025-01-31,accounts-with-accounts-type-total-exemption-full,"Thrive Accountancy Ltd, Innovation Centre, Grimsby, DN37 9TT","Unaudited accounts filed for year ended 31 January 2025. No income statement or revenue figures disclosed. No FX activity, currencies, or hedging disclosed. Balance sheet shows net assets of £19,383 (FY24: net liabilities of £27,908). Current liabilities of £572,655 exceed current assets of £68,311.",OAKTREES CHILDREN NURSERIES LIMITED,voluntary-arrangement,high,not disclosed,,cannot estimate - no FX data disclosed,,not disclosed,,,,not disclosed,unhedged,D,none evident,2013-01-11,Grimsby,,,OAKTREES CHILDREN NURSERIES LIMITED,08357419,Oaktrees Children Nurseries Limited operates a children's nursery business in England.,no,none,,DN37 9TT,X - no currency flow evident,xhtml,"Company swung from negative net liabilities of £27,908 (FY24) to minimal net assets of £19,383 (FY25). Current liabilities £572,655 significantly exceed current assets £68,311, indicating working capital stress. No profit and loss account delivered to Registrar. Accounts are unaudited and filed under small companies exemption; no accountant's report.",0,85590,minimal,none found,
full,2024-07-31,accounts-with-accounts-type-total-exemption-full,"27 Old Gloucester Street, London, WC1N 3AX","Accounts filed as abridged - no P&L, turnover, or FX activity disclosed. Company has taken advantage of section 444(1) Companies Act 2006 exemption from delivering profit and loss account to registrar.",ELANWORTH LIMITED,voluntary-arrangement,high,not disclosed,,cannot estimate - no FX data disclosed,,not disclosed,,,,not disclosed,unknown,D,not disclosed,2017-07-18,London,,,ELANWORTH LIMITED,10871797,not disclosed,no,none,,WC1N 3AX,X - no currency flow evident,xhtml,none,0,"43290, 74909",unclear,none found,
full,2025-07-31,accounts-with-accounts-type-total-exemption-full,"Suite G04 1 Quality Court, Chancery Lane, London, WC2A 1HR","Company has opted under Companies Act 2006 s.444(1) not to deliver Profit and Loss Account to registrar. No FX exposures, hedging activity, or currency transactions disclosed in available accounts extract.",HEADZPACE THERAPEUTIC CARE LIMITED,voluntary-arrangement,high,not disclosed,,cannot estimate - no FX data disclosed,.notesSubSection{ margin-left: 1em;}.subRow td:first-child{ padding-left: 1em;}th.oneWordPerLine { text-align: center !important; vertical-align: bottom; word-spacing: 100vw;}th.noWrap { text-align: left !important; vertical-align: bottom; white-space: nowrap;}th.toBottom { text-ali,not disclosed,Imports/exports mentioned (x3),,,not disclosed,unhedged,D,none evident,2020-07-13,London,,,HEADZPACE THERAPEUTIC CARE LIMITED,12737816,Headzpace Therapeutic Care Limited provides therapeutic care services.,no,none,,WC2A 1HR,X - no currency flow evident,xhtml,none,2,87200,minimal,none found,
full,2025-04-30,accounts-with-accounts-type-total-exemption-full,"Unit 2 Amber Way, Halesowen, B62 8AY",Company has opted out of delivering Income Statement to registrar under s.444(1) Companies Act 2006. Accounting policy confirms foreign currency transactions translated at transaction date rates and exchange differences taken into operating profit. No hedging instruments mentioned in accounts.,TAYLEX DISPLAYS LIMITED,voluntary-arrangement,high,not disclosed,,cannot estimate - no FX data disclosed,.notesSubSection{ margin-left: 1em;}.subRow td:first-child{ padding-left: 1em;}th.oneWordPerLine { text-align: center !important; vertical-align: bottom; word-spacing: 100vw;}th.noWrap { text-align: left !important; vertical-align: bottom; white-space: nowrap;}th.toBottom { text-ali,not disclosed,Imports/exports mentioned (x3),,,not disclosed,unhedged,D,none evident,2007-05-09,Halesowen,,,TAYLEX DISPLAYS LIMITED,06240489,"Taylex Displays Limited manufactures and supplies display products, with operations involving imports and exports.",no,none,,B62 8AY,X - no currency flow evident,xhtml,none,2,43320,unclear,none found,
micro,2025-11-30,accounts-with-accounts-type-micro-entity,"Suite 60, The Wenta Business Centre, Enfield, EN3 7XU",,CLAY BROOK HEALTHCARE LIMITED,voluntary-arrangement,none,,"micro accounts - no useful disclosure, skipped",,,,,,,,unknown,,,2018-11-27,Enfield,,,CLAY BROOK HEALTHCARE LIMITED,11700150,,,none,,EN3 7XU,X - no evidence,,,,"86900, 88990",,,
unknown,2025-12-31,change-account-reference-date-company-previous-extended,"1 Harvey Road, Truro, TR1 2XW",,TRUSTHUB GROUP LTD,voluntary-arrangement,none,,no readable text,,,,,,,,unknown,,,2016-05-19,Truro,,,TRUSTHUB GROUP LTD,10188048,,,none,accounts/TRUSTHUB_GROUP_LTD_10188048.pdf,TR1 2XW,X - no evidence,"scanned pdf, pytesseract not installed",,,78200,,,
full,2025-05-31,accounts-with-accounts-type-total-exemption-full,"Warehouse W 3, London, E16 1BD","Income Statement not delivered under Section 444 Companies Act 2006. Bank loans and overdrafts 280,248. No FX P&L, hedging activity, or revenue data disclosed in accounts extract.",VWCC LIMITED,voluntary-arrangement,high,not disclosed,,cannot estimate - no FX data disclosed,,not disclosed,,,,not disclosed,unhedged,D,none evident,2014-05-09,London,,,VWCC LIMITED,09032486,not disclosed,no,none,,E16 1BD,X - no currency flow evident,xhtml,"Small company filing exemption applied (Section 444 - Income Statement exemption). Bank debt of 280,248 present but balance sheet context incomplete in extract.",0,47710,unclear,none found,
full,2024-12-31,accounts-with-accounts-type-total-exemption-full,"Unit 3 Forresters Business Park, Plymouth, Devon, PL6 7PL","Accounts filed as small company exemption with no P&L statement. Bank loans and overdrafts £138,697 within one year. No FX exposure, hedging activity or export revenue disclosed in provided extracts.",PORTEOUS GROUNDWORKS LTD,voluntary-arrangement,high,not disclosed,,cannot estimate - no FX data disclosed,"131,000 On tax losses carried forward (130,000 ) Balance at 31 D",not disclosed,HEDGE VALUE stated (x1),,,not disclosed,unhedged,C,none evident,2021-01-11,Plymouth,,,PORTEOUS GROUNDWORKS LTD,13124538,Porteous Groundworks Ltd is a construction and groundworks contractor.,no,none,,PL6 7PL,X - no currency flow evident,xhtml,"Small company exemption filing restricts visibility. Tax losses carried forward £130,000 noted.",8,"41201, 41202, 42110, 42990",minimal,none found,
full,2025-01-31,accounts-with-accounts-type-total-exemption-full,"Planet House Northumbrian Way, Newcastle Upon Tyne, Tyne And Wear, NE12 6EH","Unaudited accounts. No profit and loss account filed. No turnover, FX gains/losses, or currency exposure disclosed. Balance sheet shows net assets of £433,041 as at 31 January 2025. Principal activity not described in filing.",BIRCH TREE NORTHERN LIMITED,voluntary-arrangement,high,not disclosed,,cannot estimate - no FX data disclosed,"is recognised in profit or loss immediately unless the derivative is designated and effective as a hedging instrument, in which event the timing of the recognition in profit or loss depends on the nature of the hedge relationship. A der",not disclosed,Mentions hedging (x2),,,not disclosed,unhedged,C,none evident,2010-01-19,Newcastle Upon Tyne,,,BIRCH TREE NORTHERN LIMITED,07130186,not disclosed,no,none,,NE12 6EH,X - no currency flow evident,xhtml,none,4,41202,unclear,none found,
micro,2024-10-31,accounts-with-accounts-type-micro-entity,"Unit 21 Small Heath Trading Estate, Birmingham, West Midlands, B11 2RJ",,SYBO DELIVERIES LTD,voluntary-arrangement,none,,"micro accounts - no useful disclosure, skipped",,,,,,,,unknown,,,2017-10-10,Birmingham,,,SYBO DELIVERIES LTD,11005648,,,none,,B11 2RJ,X - no evidence,,,,52290,,,
full,2025-05-31,accounts-with-accounts-type-total-exemption-full,"2 Veridion Way, Erith, DA18 4AL","Net liabilities £697,287 as at 31/05/2025. Trade creditors £582,437, up from £42,865 in prior year. No P&L disclosed; company entitled to small company exemption.",FG TWELVE LTD,voluntary-arrangement,high,not disclosed,,cannot estimate - no FX data disclosed,,not disclosed,,,,not disclosed,unhedged,D,none evident,2015-05-28,Erith,,,FG TWELVE LTD,09611895,Taxi operator company.,no,none,,DA18 4AL,X - no currency flow evident,xhtml,"Negative shareholders' funds of £697,287 (technical insolvency). Current liabilities £648,113 exceed current assets £17,878 by factor of 36x. Rapid deterioration in trade creditor position suggests liquidity stress. Going concern status not addressed in accounts.",0,79110,minimal,"Company in net liabilities position of £697,287 (31/05/2025, up from £530,726 prior year). Trade creditors increased 1,359% year-on-year from £42,865 to £582,437.",
full,2025-03-29,accounts-with-accounts-type-group,"Derby House, Liverpool, L13 0BQ",,IMPRESSION HEALTH AND SUPPORT UK LTD,voluntary-arrangement,none,,no readable text,,,,,,,,unknown,,,2017-03-28,Liverpool,,,IMPRESSION HEALTH AND SUPPORT UK LTD,10695701,,,none,accounts/IMPRESSION_HEALTH_AND_SUPPORT_UK_LTD_10695701.pdf,L13 0BQ,X - no currency flow evident,"scanned pdf, pytesseract not installed",,,"87100, 87200, 88100",,,
full,2025-03-31,accounts-with-accounts-type-total-exemption-full,"CT4N LTD, Leicester, LE19 1SD",CVA entered 30 October 2025. No P&L or turnover figures disclosed - small company exemption under section 444 Companies Act 2006. No FX exposure data evident.,CT4N LTD,voluntary-arrangement,high,not disclosed,,cannot estimate - no FX data disclosed,,not disclosed,,,,not disclosed,unhedged,D,none evident,2016-11-07,Leicester,,,CT4N LTD,10465180,CT4N Ltd operates public transport services under specific contract agreements including concessionary fare schemes and commercial routes.,no,none,,LE19 1SD,X - no currency flow evident,xhtml,CVA with creditors filed 30 October 2025 - active insolvency procedure. Going concern qualified by CVA dependency and anticipated benefits thereof. Not an FX brokerage - operates public transport services; misfiled or misclassified for FX purposes.,0,49319,minimal,Company entered into a Company Voluntary Arrangement (CVA) with creditors on 30 October 2025. Directors note CVA intended to provide stable platform for continued trading.,
full,2024-12-31,accounts-with-accounts-type-total-exemption-full,"Smart Impact, 124 City Road, London, EC1V 2NX","Abridged accounts filed - no P&L statement provided. Net assets declined 31% year-on-year from £486,748 to £336,621. Net current liabilities of £1,434,973 as at 31 December 2024.",SMART IMPACT LIMITED,voluntary-arrangement,high,not disclosed,,cannot estimate - no FX data disclosed,,not disclosed,,,,not disclosed,unhedged,D,none evident,2007-07-09,London,,,SMART IMPACT LIMITED,06306392,Smart Impact Limited provides CRM systems for organisations.,no,none,,EC1V 2NX,X - no currency flow evident,xhtml,Going-concern basis stated but severe deterioration in net working capital position. Net current liabilities of £1.43m against total assets of £1.89m creates solvency pressure. No P&L disclosure limits assessment.,0,"62011, 62012, 62020, 63110",minimal,"Intangible assets increased from £1,400,812 (2023) to £1,783,933 (2024). Net current liabilities worsened from £954,733 to £1,434,973. Director loan of £312,883 given to related entity.",
micro,2026-03-31,accounts-with-accounts-type-micro-entity,"50 Princes Street, Ipswich, Suffolk, IP1 1RJ",,SEVENOAK INVESTIGATIONS LIMITED,voluntary-arrangement,none,,"micro accounts - no useful disclosure, skipped",,,,,,,,unknown,,,2014-03-10,Ipswich,,,SEVENOAK INVESTIGATIONS LIMITED,08930214,,,none,,IP1 1RJ,X - no evidence,,,,82911,,,
full,2024-12-31,accounts-with-accounts-type-total-exemption-full,"1066 London Road, Leigh-On-Sea, Essex, SS9 3NA","Company opted not to file P&L (section 444(1) relief); no FX gains/losses disclosed. No hedging instruments evident. Parent company owed £1,512,452 at balance sheet date. Fellow subsidiary in voluntary liquidation with uncertain intercompany position.",WEYBRIDGE SKIP HIRE LIMITED,voluntary-arrangement,high,not disclosed,,cannot estimate - no FX data disclosed,.notesSubSection{ margin-left: 1em;}.subRow td:first-child{ padding-left: 1em;}th.oneWordPerLine { text-align: center !important; vertical-align: bottom; word-spacing: 100vw;}th.noWrap { text-align: left !important; vertical-align: bottom; white-space: nowrap;}th.toBottom { text-ali,not disclosed,Imports/exports mentioned (x3),,,not disclosed,unhedged,D,none evident,2005-07-26,Leigh-On-Sea,,,WEYBRIDGE SKIP HIRE LIMITED,05518133,Skip hire and waste disposal services provider.,no,none,,SS9 3NA,X - no currency flow evident,xhtml,Fellow subsidiary (Weybridge Environmental Services Ltd) in voluntary liquidation post-balance sheet; uncertainty over intercompany payables noted as prudence issue. Abridged accounts filed limits visibility.,2,"38110, 49410",minimal,Fellow subsidiary Weybridge Environmental Services Ltd entered voluntary liquidation post-balance sheet; unclear whether intercompany liability remains payable.,
